sweep_case_id,candidate_id,pseudo_smiles,composition_view,temperature_c,pressure_bar,ghsv_h,time_on_stream_h,feed_CO,feed_CO2,feed_H2,feed_H2O,feed_N2,predicted_sty_g_h_gcat,validation_score,validation_tier,known_family_similarity,is_novel_composition,reaction_id,simulation_backend,thermodynamic_delta_g_kj_mol,equilibrium_constant_kp,equilibrium_conversion_pct,cantera_equilibrium_conversion_pct,reaction_forward_margin,catalyst_rate_score,simulated_sty_g_h_gcat,simulation_confidence,simulation_notes
co2_methanol_sweep_0000,cand_0000,[Fe].[Ti],Fe/TiO2,246.735626,88.224449,20639.796291212406,195.32611881108593,0.29506094,1.0,7.91623291,0.38309715,0.48303484,2.62,67.5,B,0.5,True,co2_methanol,yaml_analytic_thermo_microkinetic,42.6717,5.160733815142072e-05,56.1881,,1.9187,0.1698,0.250017,low,YAML-driven analytic thermodynamic equilibrium + catalyst descriptor screen (co2_methanol). Catalyst descriptor score is weak.
co2_methanol_sweep_0001,cand_0000,[Fe].[Ti],Fe/TiO2,248.323132,91.419846,5728.088276607439,187.13786883609566,0.1754431,1.0,7.2142454,0.47639146,0.3794319,2.62,67.5,B,0.5,True,co2_methanol,yaml_analytic_thermo_microkinetic,42.9529,4.984273597358213e-05,52.58,,1.8019,0.17,0.234131,low,YAML-driven analytic thermodynamic equilibrium + catalyst descriptor screen (co2_methanol). Catalyst descriptor score is weak.
co2_methanol_sweep_0002,cand_0000,[Fe].[Ti],Fe/TiO2,198.867249,63.574473,11264.13163592104,171.51149392287354,0.30661369,1.0,9.16967649,0.30257325,0.1602672,2.62,67.5,B,0.5,True,co2_methanol,yaml_analytic_thermo_microkinetic,34.1943,0.0001644560674238866,71.4722,,2.3497,0.1384,0.259103,low,YAML-driven analytic thermodynamic equilibrium + catalyst descriptor screen (co2_methanol). Catalyst descriptor score is weak.
co2_methanol_sweep_0003,cand_0000,[Fe].[Ti],Fe/TiO2,186.73297,67.922145,15094.659059478216,93.49141525304171,0.24079238,1.0,5.07382842,0.15813809,0.42258123,2.62,67.5,B,0.5,True,co2_methanol,yaml_analytic_thermo_microkinetic,32.0453,0.00022923976279861426,60.0795,,2.3972,0.1273,0.200378,low,YAML-driven analytic thermodynamic equilibrium + catalyst descriptor screen (co2_methanol). Catalyst descriptor score is weak.
co2_methanol_sweep_0004,cand_0000,[Fe].[Ti],Fe/TiO2,293.804505,94.651816,18734.262186421387,149.06647599771114,0.16381074,1.0,7.79480314,0.09443273,0.29332547,2.62,67.5,B,0.5,True,co2_methanol,yaml_analytic_thermo_microkinetic,51.0076,1.9982817811504382e-05,51.1394,,2.0902,0.1452,0.194563,low,YAML-driven analytic thermodynamic equilibrium + catalyst descriptor screen (co2_methanol). Catalyst descriptor score is weak.
co2_methanol_sweep_0005,cand_0000,[Fe].[Ti],Fe/TiO2,219.337709,51.266929,18141.962885719684,90.23919519182486,0.41298809,1.0,5.52670961,0.4865313,0.09677918,2.62,67.5,B,0.5,True,co2_methanol,yaml_analytic_thermo_microkinetic,37.8196,9.746021461895845e-05,36.3132,,1.4081,0.1566,0.149032,low,YAML-driven analytic thermodynamic equilibrium + catalyst descriptor screen (co2_methanol). Catalyst descriptor score is weak.
co2_methanol_sweep_0006,cand_0000,[Fe].[Ti],Fe/TiO2,193.390503,90.344099,10232.012851653484,180.09267454159775,0.44333787,1.0,3.92852302,0.31573709,0.23804818,2.62,67.5,B,0.5,True,co2_methanol,yaml_analytic_thermo_microkinetic,33.2243,0.00019064390369862697,51.4586,,2.1089,0.1333,0.179686,low,YAML-driven analytic thermodynamic equilibrium + catalyst descriptor screen (co2_methanol). Catalyst descriptor score is weak.
co2_methanol_sweep_0007,cand_0000,[Fe].[Ti],Fe/TiO2,272.724651,75.372504,18080.428420262127,190.93104257683171,0.13132226,1.0,7.57326388,0.23608691,0.2005875,2.62,67.5,B,0.5,True,co2_methanol,yaml_analytic_thermo_microkinetic,47.2744,2.995091195383079e-05,46.1322,,1.7524,0.1623,0.196224,low,YAML-driven analytic thermodynamic equilibrium + catalyst descriptor screen (co2_methanol). Catalyst descriptor score is weak.
co2_methanol_sweep_0008,cand_0000,[Fe].[Ti],Fe/TiO2,221.619169,38.178568,6681.710997495642,96.2175696524277,0.48890821,1.0,5.95876729,0.31446354,0.22397868,2.62,67.5,B,0.5,True,co2_methanol,yaml_analytic_thermo_microkinetic,38.2236,9.218656674157049e-05,32.5515,,1.3439,0.1584,0.135095,low,YAML-driven analytic thermodynamic equilibrium + catalyst descriptor screen (co2_methanol). Catalyst descriptor score is weak.
co2_methanol_sweep_0009,cand_0000,[Fe].[Ti],Fe/TiO2,296.487958,87.506424,29431.83761616353,155.94002302743812,0.23084521,1.0,7.82825625,0.08610742,0.37304025,2.62,67.5,B,0.5,True,co2_methanol,yaml_analytic_thermo_microkinetic,51.4829,1.9020273937628184e-05,47.8813,,2.016,0.1427,0.179037,low,YAML-driven analytic thermodynamic equilibrium + catalyst descriptor screen (co2_methanol). Catalyst descriptor score is weak.
co2_methanol_sweep_0010,cand_0000,[Fe].[Ti],Fe/TiO2,231.801412,47.837445,13646.037146146755,153.06886194469183,0.43977488,1.0,8.59909152,0.2831941,0.34134531,2.62,67.5,B,0.5,True,co2_methanol,yaml_analytic_thermo_microkinetic,40.0269,7.236079805988751e-05,46.5793,,1.7079,0.165,0.201363,low,YAML-driven analytic thermodynamic equilibrium + catalyst descriptor screen (co2_methanol). Catalyst descriptor score is weak.
co2_methanol_sweep_0011,cand_0000,[Fe].[Ti],Fe/TiO2,229.703237,57.799582,9958.676305620156,94.83216122679765,0.31404745,1.0,8.66215375,0.39924622,0.42842429,2.62,67.5,B,0.5,True,co2_methanol,yaml_analytic_thermo_microkinetic,39.6553,7.600205716492798e-05,51.2808,,1.762,0.1638,0.220117,low,YAML-driven analytic thermodynamic equilibrium + catalyst descriptor screen (co2_methanol). Catalyst descriptor score is weak.
co2_methanol_sweep_0012,cand_0000,[Fe].[Ti],Fe/TiO2,288.382912,43.56494,23963.47917370313,65.71291182377324,0.06325073,1.0,2.64365677,0.22683533,0.04507706,2.62,67.5,B,0.5,True,co2_methanol,yaml_analytic_thermo_microkinetic,50.0475,2.2110511955541606e-05,10.243,,0.5462,0.1501,0.040291,low,YAML-driven analytic thermodynamic equilibrium + catalyst descriptor screen (co2_methanol). Catalyst descriptor score is weak.
co2_methanol_sweep_0013,cand_0000,[Fe].[Ti],Fe/TiO2,270.132749,82.113244,21117.089389699868,87.29411964596406,0.01774349,1.0,7.47614436,0.08386056,0.35699409,2.62,67.5,B,0.5,True,co2_methanol,yaml_analytic_thermo_microkinetic,46.8154,3.154725773136789e-05,53.1576,,2.1821,0.1639,0.228305,low,YAML-driven analytic thermodynamic equilibrium + catalyst descriptor screen (co2_methanol). Catalyst descriptor score is weak.
co2_methanol_sweep_0014,cand_0000,[Fe].[Ti],Fe/TiO2,213.416426,90.568312,20455.25181038851,17.062668787328086,0.14570134,1.0,9.08965922,0.43891977,0.07593173,2.62,67.5,B,0.5,True,co2_methanol,yaml_analytic_thermo_microkinetic,36.7709,0.00011287256556999238,74.5763,,2.3553,0.1517,0.296437,low,YAML-driven analytic thermodynamic equilibrium + catalyst descriptor screen (co2_methanol). Catalyst descriptor score is weak.
co2_methanol_sweep_0015,cand_0000,[Fe].[Ti],Fe/TiO2,207.849541,30.940061,9828.177795040414,169.73627163484025,0.23626502,1.0,7.63833543,0.05167535,0.45213869,2.62,67.5,B,0.5,True,co2_methanol,yaml_analytic_thermo_microkinetic,35.785,0.00013000646564202464,45.6836,,2.0548,0.1467,0.175628,low,YAML-driven analytic thermodynamic equilibrium + catalyst descriptor screen (co2_methanol). Catalyst descriptor score is weak.
co2_methanol_sweep_0016,cand_0000,[Fe].[Ti],Fe/TiO2,211.137958,62.164942,29836.116984404838,158.28450548221508,0.14913283,1.0,8.81675755,0.28602271,0.32494299,2.62,67.5,B,0.5,True,co2_methanol,yaml_analytic_thermo_microkinetic,36.3674,0.00011954697854222866,64.9982,,2.1901,0.1497,0.254947,low,YAML-driven analytic thermodynamic equilibrium + catalyst descriptor screen (co2_methanol). Catalyst descriptor score is weak.
co2_methanol_sweep_0017,cand_0000,[Fe].[Ti],Fe/TiO2,222.024864,84.607079,9310.417068184961,114.34768365007717,0.22127323,1.0,7.42053367,0.11015543,0.08607068,2.62,67.5,B,0.5,True,co2_methanol,yaml_analytic_thermo_microkinetic,38.2955,9.12840304565899e-05,69.1461,,2.5913,0.1587,0.287519,low,YAML-driven analytic thermodynamic equilibrium + catalyst descriptor screen (co2_methanol). Catalyst descriptor score is weak.
co2_methanol_sweep_0018,cand_0000,[Fe].[Ti],Fe/TiO2,224.715906,20.29321,17493.580340372042,188.53693095954083,0.28244597,1.0,7.06244354,0.26043427,0.3652596,2.62,67.5,B,0.5,True,co2_methanol,yaml_analytic_thermo_microkinetic,38.7721,8.555171455517959e-05,21.2792,,0.9567,0.1606,0.089561,low,YAML-driven analytic thermodynamic equilibrium + catalyst descriptor screen (co2_methanol). Catalyst descriptor score is weak.
co2_methanol_sweep_0019,cand_0000,[Fe].[Ti],Fe/TiO2,277.115851,33.778386,18924.79939624104,91.87112110742538,0.21835144,1.0,5.66875065,0.25568251,0.24307838,2.62,67.5,B,0.5,True,co2_methanol,yaml_analytic_thermo_microkinetic,48.0521,2.7459210236136814e-05,16.9409,,0.79,0.1593,0.070724,low,YAML-driven analytic thermodynamic equilibrium + catalyst descriptor screen (co2_methanol). Catalyst descriptor score is weak.
co2_methanol_sweep_0020,cand_0000,[Fe].[Ti],Fe/TiO2,227.935355,83.233595,3087.7700412747167,161.15777450660468,0.28407269,1.0,5.2178059,0.07542553,0.47547937,2.62,67.5,B,0.5,True,co2_methanol,yaml_analytic_thermo_microkinetic,39.3422,7.923726215715945e-05,53.8915,,2.35,0.1628,0.229817,low,YAML-driven analytic thermodynamic equilibrium + catalyst descriptor screen (co2_methanol). Catalyst descriptor score is weak.
co2_methanol_sweep_0021,cand_0000,[Fe].[Ti],Fe/TiO2,197.809717,38.41884,3499.2715026603832,18.397518156414446,0.09515989,1.0,8.1097614,0.06708848,0.01738772,2.62,67.5,B,0.5,True,co2_methanol,yaml_analytic_thermo_microkinetic,34.007,0.00016917068863980545,59.3484,,2.3838,0.1374,0.213613,low,YAML-driven analytic thermodynamic equilibrium + catalyst descriptor screen (co2_methanol). Catalyst descriptor score is weak.
co2_methanol_sweep_0022,cand_0000,[Fe].[Ti],Fe/TiO2,283.538942,88.80305,26655.165182724315,69.90513502064033,0.08026638,1.0,2.2843683,0.16370285,0.32921018,2.62,67.5,B,0.5,True,co2_methanol,yaml_analytic_thermo_microkinetic,49.1896,2.4242824394880343e-05,18.6973,,1.2333,0.1543,0.075591,low,YAML-driven analytic thermodynamic equilibrium + catalyst descriptor screen (co2_methanol). Catalyst descriptor score is weak.
co2_methanol_sweep_0023,cand_0000,[Fe].[Ti],Fe/TiO2,277.336793,59.735335,24907.68791795768,135.2310056652788,0.20434385,1.0,2.85012842,0.00015797,0.46939757,2.62,67.5,B,0.5,True,co2_methanol,yaml_analytic_thermo_microkinetic,48.0912,2.7340469724736415e-05,21.9223,,1.6184,0.1592,0.091427,low,YAML-driven analytic thermodynamic equilibrium + catalyst descriptor screen (co2_methanol). Catalyst descriptor score is weak.
co2_methanol_sweep_0024,cand_0000,[Fe].[Ti],Fe/TiO2,223.726345,62.867555,8418.540195672571,108.28162803338304,0.18781359,1.0,9.77602469,0.14700891,0.00422419,2.62,67.5,B,0.5,True,co2_methanol,yaml_analytic_thermo_microkinetic,38.5968,8.760937902956485e-05,67.3529,,2.39,0.1599,0.282251,low,YAML-driven analytic thermodynamic equilibrium + catalyst descriptor screen (co2_methanol). Catalyst descriptor score is weak.
co2_methanol_sweep_0025,cand_0000,[Fe].[Ti],Fe/TiO2,208.333557,69.611269,8649.896233931673,64.5368219849615,0.03192586,1.0,3.15944255,0.39717044,0.39830585,2.62,67.5,B,0.5,True,co2_methanol,yaml_analytic_thermo_microkinetic,35.8707,0.00012840212119414089,32.409,,1.4796,0.1472,0.12497,low,YAML-driven analytic thermodynamic equilibrium + catalyst descriptor screen (co2_methanol). Catalyst descriptor score is weak.
co2_methanol_sweep_0026,cand_0000,[Fe].[Ti],Fe/TiO2,299.3269,76.997468,2742.803259009996,29.2767889738252,0.49548969,1.0,2.95200897,0.44571148,0.48815254,2.62,67.5,B,0.5,True,co2_methanol,yaml_analytic_thermo_microkinetic,51.9857,1.806147864399054e-05,11.3682,,0.5191,0.1401,0.041716,low,YAML-driven analytic thermodynamic equilibrium + catalyst descriptor screen (co2_methanol). Catalyst descriptor score is weak.
co2_methanol_sweep_0027,cand_0000,[Fe].[Ti],Fe/TiO2,289.121365,22.750498,27070.141242859092,120.99940969714419,0.28627854,1.0,6.14796205,0.08084284,0.39511094,2.62,67.5,B,0.5,True,co2_methanol,yaml_analytic_thermo_microkinetic,50.1783,2.18053859854299e-05,14.0958,,0.7632,0.1495,0.055204,low,YAML-driven analytic thermodynamic equilibrium + catalyst descriptor screen (co2_methanol). Catalyst descriptor score is weak.
co2_methanol_sweep_0028,cand_0000,[Fe].[Ti],Fe/TiO2,181.028132,44.430077,11936.519671205924,192.4825779478848,0.38223526,1.0,3.694641,0.06964915,0.38895221,2.62,67.5,B,0.5,True,co2_methanol,yaml_analytic_thermo_microkinetic,31.0349,0.0002696291572188191,41.8044,,2.1052,0.1225,0.134144,low,YAML-driven analytic thermodynamic equilibrium + catalyst descriptor screen (co2_methanol). Catalyst descriptor score is weak.
co2_methanol_sweep_0029,cand_0000,[Fe].[Ti],Fe/TiO2,235.220261,38.961583,15589.37674897597,166.3646608889651,0.10303809,1.0,5.14130474,0.28995541,0.47472714,2.62,67.5,B,0.5,True,co2_methanol,yaml_analytic_thermo_microkinetic,40.6324,6.685555281084984e-05,26.405,,1.1696,0.1667,0.1153,low,YAML-driven analytic thermodynamic equilibrium + catalyst descriptor screen (co2_methanol). Catalyst descriptor score is weak.
co2_methanol_sweep_0030,cand_0000,[Fe].[Ti],Fe/TiO2,271.902343,98.481273,28987.430296124698,46.241884257353945,0.07533065,1.0,6.01575937,0.10599223,0.13646857,2.62,67.5,B,0.5,True,co2_methanol,yaml_analytic_thermo_microkinetic,47.1288,3.044679203094699e-05,51.6011,,2.1422,0.1629,0.220186,low,YAML-driven analytic thermodynamic equilibrium + catalyst descriptor screen (co2_methanol). Catalyst descriptor score is weak.
co2_methanol_sweep_0031,cand_0000,[Fe].[Ti],Fe/TiO2,215.77549,45.429647,14508.729656418804,25.011846821406436,0.0143804,1.0,2.22184412,0.43440834,0.41563496,2.62,67.5,B,0.5,True,co2_methanol,yaml_analytic_thermo_microkinetic,37.1887,0.00010641446316132456,13.6235,,0.8498,0.1537,0.054873,low,YAML-driven analytic thermodynamic equilibrium + catalyst descriptor screen (co2_methanol). Catalyst descriptor score is weak.
co2_methanol_sweep_0032,cand_0000,[Fe].[Ti],Fe/TiO2,238.910059,58.757889,18510.681760026277,99.90853850456234,0.25543834,1.0,6.59415307,0.17922416,0.30714032,2.62,67.5,B,0.5,True,co2_methanol,yaml_analytic_thermo_microkinetic,41.2858,6.145581266214869e-05,46.0644,,1.8413,0.1681,0.202882,low,YAML-driven analytic thermodynamic equilibrium + catalyst descriptor screen (co2_methanol). Catalyst descriptor score is weak.
co2_methanol_sweep_0033,cand_0000,[Fe].[Ti],Fe/TiO2,198.047418,60.733787,23100.139188472687,55.5721546717839,0.19994713,1.0,8.3953804,0.41736151,0.3845634,2.62,67.5,B,0.5,True,co2_methanol,yaml_analytic_thermo_microkinetic,34.0491,0.00016809748754403043,65.1899,,2.1247,0.1376,0.235017,low,YAML-driven analytic thermodynamic equilibrium + catalyst descriptor screen (co2_methanol). Catalyst descriptor score is weak.
co2_methanol_sweep_0034,cand_0000,[Fe].[Ti],Fe/TiO2,215.367971,75.763542,25984.69996624807,150.85333769545213,0.46123868,1.0,4.46728036,0.39281249,0.47787217,2.62,67.5,B,0.5,True,co2_methanol,yaml_analytic_thermo_microkinetic,37.1165,0.00010749869185483921,41.6471,,1.6764,0.1534,0.167373,low,YAML-driven analytic thermodynamic equilibrium + catalyst descriptor screen (co2_methanol). Catalyst descriptor score is weak.
co2_methanol_sweep_0035,cand_0000,[Fe].[Ti],Fe/TiO2,239.973915,45.927401,29686.855718045383,48.511859362046955,0.38895934,1.0,9.25715069,0.44487686,0.26406596,2.62,67.5,B,0.5,True,co2_methanol,yaml_analytic_thermo_microkinetic,41.4742,5.999504152986328e-05,40.8795,,1.462,0.1684,0.180413,low,YAML-driven analytic thermodynamic equilibrium + catalyst descriptor screen (co2_methanol). Catalyst descriptor score is weak.
co2_methanol_sweep_0036,cand_0000,[Fe].[Ti],Fe/TiO2,251.085748,89.559331,12663.315802469602,164.12829794286725,0.07475222,1.0,7.36300633,0.37789106,0.07774337,2.62,67.5,B,0.5,True,co2_methanol,yaml_analytic_thermo_microkinetic,43.4422,4.693815194511963e-05,55.307,,1.9092,0.17,0.246311,low,YAML-driven analytic thermodynamic equilibrium + catalyst descriptor screen (co2_methanol). Catalyst descriptor score is weak.
co2_methanol_sweep_0037,cand_0000,[Fe].[Ti],Fe/TiO2,262.812258,21.27919,17010.873144292018,23.245729140384427,0.25216362,1.0,6.92884015,0.06115983,0.03371444,2.62,67.5,B,0.5,True,co2_methanol,yaml_analytic_thermo_microkinetic,45.5189,3.662972034152431e-05,20.3428,,1.1209,0.1675,0.089264,low,YAML-driven analytic thermodynamic equilibrium + catalyst descriptor screen (co2_methanol). Catalyst descriptor score is weak.
co2_methanol_sweep_0038,cand_0000,[Fe].[Ti],Fe/TiO2,196.285457,95.81488,6286.08747054595,177.47363454511907,0.30465058,1.0,8.06934147,0.03130531,0.38145778,2.62,67.5,B,0.5,True,co2_methanol,yaml_analytic_thermo_microkinetic,33.737,0.0001762443235909549,83.1253,,3.3013,0.136,0.296096,low,YAML-driven analytic thermodynamic equilibrium + catalyst descriptor screen (co2_methanol). Catalyst descriptor score is weak.
co2_methanol_sweep_0039,cand_0000,[Fe].[Ti],Fe/TiO2,248.860458,55.452995,26448.705057024326,19.57914191340952,0.07828564,1.0,4.58482144,0.49425781,0.28512786,2.62,67.5,B,0.5,True,co2_methanol,yaml_analytic_thermo_microkinetic,43.0481,4.926160056510798e-05,24.699,,1.0594,0.17,0.109996,low,YAML-driven analytic thermodynamic equilibrium + catalyst descriptor screen (co2_methanol). Catalyst descriptor score is weak.
co2_methanol_sweep_0040,cand_0000,[Fe].[Ti],Fe/TiO2,294.650191,56.207636,24774.029431299343,21.362242384119146,0.14086853,1.0,9.32605758,0.26298902,0.06366819,2.62,67.5,B,0.5,True,co2_methanol,yaml_analytic_thermo_microkinetic,51.1574,1.967333952499086e-05,35.6966,,1.4064,0.1444,0.135077,low,YAML-driven analytic thermodynamic equilibrium + catalyst descriptor screen (co2_methanol). Catalyst descriptor score is weak.
co2_methanol_sweep_0041,cand_0000,[Fe].[Ti],Fe/TiO2,256.420249,22.284738,11557.11495727656,50.548607429839905,0.3703482,1.0,6.37220807,0.32966974,0.00596405,2.62,67.5,B,0.5,True,co2_methanol,yaml_analytic_thermo_microkinetic,44.3869,4.187399243207199e-05,13.4943,,0.5953,0.1694,0.059877,low,YAML-driven analytic thermodynamic equilibrium + catalyst descriptor screen (co2_methanol). Catalyst descriptor score is weak.
co2_methanol_sweep_0042,cand_0000,[Fe].[Ti],Fe/TiO2,257.942943,59.309714,11788.170949364707,145.3387398764129,0.4251028,1.0,5.83450368,0.03299779,0.43851579,2.62,67.5,B,0.5,True,co2_methanol,yaml_analytic_thermo_microkinetic,44.6566,4.054846367747883e-05,40.301,,2.0128,0.169,0.178467,low,YAML-driven analytic thermodynamic equilibrium + catalyst descriptor screen (co2_methanol). Catalyst descriptor score is weak.
co2_methanol_sweep_0043,cand_0000,[Fe].[Ti],Fe/TiO2,270.730426,96.481954,25247.556211205574,148.00788356293,0.31726238,1.0,4.41639696,0.49595959,0.49457177,2.62,67.5,B,0.5,True,co2_methanol,yaml_analytic_thermo_microkinetic,46.9212,3.117039441648296e-05,29.8234,,1.2521,0.1636,0.127814,low,YAML-driven analytic thermodynamic equilibrium + catalyst descriptor screen (co2_methanol). Catalyst descriptor score is weak.
co2_methanol_sweep_0044,cand_0000,[Fe].[Ti],Fe/TiO2,273.26103,48.971028,29514.762078582626,36.29998138336444,0.32300189,1.0,6.84944306,0.12876962,0.00100102,2.62,67.5,B,0.5,True,co2_methanol,yaml_analytic_thermo_microkinetic,47.3694,2.963260638062378e-05,34.0446,,1.5284,0.162,0.144501,low,YAML-driven analytic thermodynamic equilibrium + catalyst descriptor screen (co2_methanol). Catalyst descriptor score is weak.
co2_methanol_sweep_0045,cand_0000,[Fe].[Ti],Fe/TiO2,184.241258,80.752107,17383.605500773985,69.56772953314878,0.12395348,1.0,8.45368547,0.0255642,0.00832192,2.62,67.5,B,0.5,True,co2_methanol,yaml_analytic_thermo_microkinetic,31.604,0.0002459552091619686,85.5997,,3.4069,0.1252,0.28068,low,YAML-driven analytic thermodynamic equilibrium + catalyst descriptor screen (co2_methanol). Catalyst descriptor score is weak.
co2_methanol_sweep_0046,cand_0000,[Fe].[Ti],Fe/TiO2,181.599817,69.240653,13233.245499410108,91.27581773379437,0.1342139,1.0,4.94543232,0.24210597,0.06963054,2.62,67.5,B,0.5,True,co2_methanol,yaml_analytic_thermo_microkinetic,31.1362,0.00026523119502525066,62.0085,,2.3626,0.1229,0.199737,low,YAML-driven analytic thermodynamic equilibrium + catalyst descriptor screen (co2_methanol). Catalyst descriptor score is weak.
co2_methanol_sweep_0047,cand_0000,[Fe].[Ti],Fe/TiO2,261.638324,65.024838,22246.335224811162,13.208962719866008,0.16765965,1.0,9.49788028,0.17304925,0.37630158,2.62,67.5,B,0.5,True,co2_methanol,yaml_analytic_thermo_microkinetic,45.311,3.753201587833041e-05,52.3382,,1.9512,0.1679,0.230254,low,YAML-driven analytic thermodynamic equilibrium + catalyst descriptor screen (co2_methanol). Catalyst descriptor score is weak.
co2_methanol_sweep_0048,cand_0000,[Fe].[Ti],Fe/TiO2,199.574184,94.005347,14639.513566959491,184.1285613132962,0.19287367,1.0,2.63526086,0.19590732,0.2971952,2.62,67.5,B,0.5,True,co2_methanol,yaml_analytic_thermo_microkinetic,34.3195,0.0001613893380349569,38.5791,,2.0544,0.139,0.140527,low,YAML-driven analytic thermodynamic equilibrium + catalyst descriptor screen (co2_methanol). Catalyst descriptor score is weak.
co2_methanol_sweep_0049,cand_0000,[Fe].[Ti],Fe/TiO2,269.647045,85.725561,14878.277623975597,194.57295362796745,0.4167616,1.0,9.68698402,0.42885363,0.26139421,2.62,67.5,B,0.5,True,co2_methanol,yaml_analytic_thermo_microkinetic,46.7294,3.185749189001848e-05,52.9583,,1.7703,0.1642,0.227835,low,YAML-driven analytic thermodynamic equilibrium + catalyst descriptor screen (co2_methanol). Catalyst descriptor score is weak.
co2_methanol_sweep_0050,cand_0000,[Fe].[Ti],Fe/TiO2,251.818844,74.832623,6090.618835039588,136.2099645310589,0.125302,1.0,7.32011861,0.21679023,0.23040776,2.62,67.5,B,0.5,True,co2_methanol,yaml_analytic_thermo_microkinetic,43.572,4.6201119118510405e-05,52.0715,,1.9438,0.1699,0.231856,low,YAML-driven analytic thermodynamic equilibrium + catalyst descriptor screen (co2_methanol). Catalyst descriptor score is weak.
co2_methanol_sweep_0051,cand_0000,[Fe].[Ti],Fe/TiO2,200.936148,48.400358,24446.804136945088,15.278125609518998,0.32775742,1.0,3.51638237,0.3274275,0.05439793,2.62,67.5,B,0.5,True,co2_methanol,yaml_analytic_thermo_microkinetic,34.5607,0.00015566597682648164,31.4268,,1.4257,0.1403,0.115525,low,YAML-driven analytic thermodynamic equilibrium + catalyst descriptor screen (co2_methanol). Catalyst descriptor score is weak.
co2_methanol_sweep_0052,cand_0000,[Fe].[Ti],Fe/TiO2,283.114187,92.489293,16392.251408190194,159.29391496400478,0.10740959,1.0,3.85374924,0.46748643,0.09237086,2.62,67.5,B,0.5,True,co2_methanol,yaml_analytic_thermo_microkinetic,49.1144,2.444120149660781e-05,25.4104,,1.1229,0.1547,0.102966,low,YAML-driven analytic thermodynamic equilibrium + catalyst descriptor screen (co2_methanol). Catalyst descriptor score is weak.
co2_methanol_sweep_0053,cand_0000,[Fe].[Ti],Fe/TiO2,230.636445,29.679407,11486.602605112166,149.40483820129154,0.00799759,1.0,9.59771072,0.23268051,0.01806973,2.62,67.5,B,0.5,True,co2_methanol,yaml_analytic_thermo_microkinetic,39.8206,7.435668246421271e-05,38.53,,1.5063,0.1644,0.165924,low,YAML-driven analytic thermodynamic equilibrium + catalyst descriptor screen (co2_methanol). Catalyst descriptor score is weak.
co2_methanol_sweep_0054,cand_0000,[Fe].[Ti],Fe/TiO2,249.781128,39.264808,24674.37881806341,61.49422679983453,0.08623867,1.0,8.79500305,0.21813703,0.19342497,2.62,67.5,B,0.5,True,co2_methanol,yaml_analytic_thermo_microkinetic,43.2111,4.8284279582874234e-05,38.035,,1.5159,0.17,0.169407,low,YAML-driven analytic thermodynamic equilibrium + catalyst descriptor screen (co2_methanol). Catalyst descriptor score is weak.
co2_methanol_sweep_0055,cand_0000,[Fe].[Ti],Fe/TiO2,217.889321,93.537915,12117.153047129077,196.82292371658545,0.05822524,1.0,6.30916965,0.34004949,0.23597114,2.62,67.5,B,0.5,True,co2_methanol,yaml_analytic_thermo_microkinetic,37.5631,0.00010099077228831161,63.488,,2.2134,0.1555,0.258628,low,YAML-driven analytic thermodynamic equilibrium + catalyst descriptor screen (co2_methanol). Catalyst descriptor score is weak.
co2_methanol_sweep_0056,cand_0000,[Fe].[Ti],Fe/TiO2,264.5673,94.953476,27334.070922778777,76.73527501719002,0.39456718,1.0,6.61161687,0.3072707,0.09954117,2.62,67.5,B,0.5,True,co2_methanol,yaml_analytic_thermo_microkinetic,45.8297,3.532807522216862e-05,49.3519,,1.8204,0.1668,0.215621,low,YAML-driven analytic thermodynamic equilibrium + catalyst descriptor screen (co2_methanol). Catalyst descriptor score is weak.
co2_methanol_sweep_0057,cand_0000,[Fe].[Ti],Fe/TiO2,297.611984,64.216576,23450.228667232204,104.84177369960275,0.36463717,1.0,4.69710347,0.42263494,0.44424664,2.62,67.5,B,0.5,True,co2_methanol,yaml_analytic_thermo_microkinetic,51.6819,1.8633569611422577e-05,17.6676,,0.7944,0.1417,0.065576,low,YAML-driven analytic thermodynamic equilibrium + catalyst descriptor screen (co2_methanol). Catalyst descriptor score is weak.
co2_methanol_sweep_0058,cand_0000,[Fe].[Ti],Fe/TiO2,266.05319,60.92009,13389.107358265655,167.22410856235297,0.20622912,1.0,9.55406244,0.04148991,0.22631458,2.62,67.5,B,0.5,True,co2_methanol,yaml_analytic_thermo_microkinetic,46.0929,3.426858303174935e-05,53.05,,2.2647,0.1661,0.230837,low,YAML-driven analytic thermodynamic equilibrium + catalyst descriptor screen (co2_methanol). Catalyst descriptor score is weak.
co2_methanol_sweep_0059,cand_0000,[Fe].[Ti],Fe/TiO2,256.128469,87.146362,13581.069423590623,164.87181891925798,0.13597253,1.0,2.42288387,0.03591343,0.21397047,2.62,67.5,B,0.5,True,co2_methanol,yaml_analytic_thermo_microkinetic,44.3352,4.213378606632673e-05,27.829,,1.9418,0.1694,0.123525,low,YAML-driven analytic thermodynamic equilibrium + catalyst descriptor screen (co2_methanol). Catalyst descriptor score is weak.
co2_methanol_sweep_0060,cand_0000,[Fe].[Ti],Fe/TiO2,231.35473,58.312949,27537.63712522274,176.79954429323936,0.396454,1.0,4.31855761,0.01631467,0.03693602,2.62,67.5,B,0.5,True,co2_methanol,yaml_analytic_thermo_microkinetic,39.9478,7.311857893483859e-05,41.1142,,2.2058,0.1648,0.177479,low,YAML-driven analytic thermodynamic equilibrium + catalyst descriptor screen (co2_methanol). Catalyst descriptor score is weak.
co2_methanol_sweep_0061,cand_0000,[Fe].[Ti],Fe/TiO2,182.656525,54.173691,26961.719694644547,38.1652912602098,0.14420946,1.0,2.09390268,0.10053142,0.17612714,2.62,67.5,B,0.5,True,co2_methanol,yaml_analytic_thermo_microkinetic,31.3233,0.00025731787865746093,29.0574,,2.0098,0.1238,0.094263,low,YAML-driven analytic thermodynamic equilibrium + catalyst descriptor screen (co2_methanol). Catalyst descriptor score is weak.
co2_methanol_sweep_0062,cand_0000,[Fe].[Ti],Fe/TiO2,226.541149,65.349595,11189.507973176966,82.07982445161626,0.31778399,1.0,2.89053177,0.02769736,0.02124092,2.62,67.5,B,0.5,True,co2_methanol,yaml_analytic_thermo_microkinetic,39.0953,8.190252243913587e-05,33.4745,,2.0372,0.1619,0.141968,low,YAML-driven analytic thermodynamic equilibrium + catalyst descriptor screen (co2_methanol). Catalyst descriptor score is weak.
co2_methanol_sweep_0063,cand_0000,[Fe].[Ti],Fe/TiO2,252.887835,26.080052,29255.97690315581,165.33680454946668,0.33221036,1.0,6.82023433,0.10481985,0.25789502,2.62,67.5,B,0.5,True,co2_methanol,yaml_analytic_thermo_microkinetic,43.7613,4.515064764680743e-05,23.9101,,1.1985,0.1699,0.106414,low,YAML-driven analytic thermodynamic equilibrium + catalyst descriptor screen (co2_methanol). Catalyst descriptor score is weak.
co2_methanol_sweep_0064,cand_0000,[Fe].[Ti],Fe/TiO2,209.366659,82.687755,15253.221794329784,51.57287052703437,0.11314327,1.0,2.46744427,0.16746329,0.12293207,2.62,67.5,B,0.5,True,co2_methanol,yaml_analytic_thermo_microkinetic,36.0537,0.00012505408663121694,33.7695,,1.9333,0.1481,0.131048,low,YAML-driven analytic thermodynamic equilibrium + catalyst descriptor screen (co2_methanol). Catalyst descriptor score is weak.
co2_methanol_sweep_0065,cand_0000,[Fe].[Ti],Fe/TiO2,216.686071,78.251095,22978.494194131512,111.84216379409463,0.4940877,1.0,9.2352131,0.24760393,0.15251134,2.62,67.5,B,0.5,True,co2_methanol,yaml_analytic_thermo_microkinetic,37.35,0.00010403749857202537,71.4915,,2.3992,0.1545,0.289382,low,YAML-driven analytic thermodynamic equilibrium + catalyst descriptor screen (co2_methanol). Catalyst descriptor score is weak.
co2_methanol_sweep_0066,cand_0000,[Fe].[Ti],Fe/TiO2,242.536737,27.875615,19683.726893116745,1.2931206663434074,0.15589778,1.0,4.38448633,0.35497318,0.24697736,2.62,67.5,B,0.5,True,co2_methanol,yaml_analytic_thermo_microkinetic,41.9281,5.664011759289564e-05,13.9186,,0.6329,0.1691,0.061678,low,YAML-driven analytic thermodynamic equilibrium + catalyst descriptor screen (co2_methanol). Catalyst descriptor score is weak.
co2_methanol_sweep_0067,cand_0000,[Fe].[Ti],Fe/TiO2,237.884947,79.134499,16256.773038497284,83.74787723090252,0.28861008,1.0,7.12043468,0.38540233,0.1625242,2.62,67.5,B,0.5,True,co2_methanol,yaml_analytic_thermo_microkinetic,41.1043,6.290298204386581e-05,53.5533,,1.8705,0.1677,0.235359,low,YAML-driven analytic thermodynamic equilibrium + catalyst descriptor screen (co2_methanol). Catalyst descriptor score is weak.
co2_methanol_sweep_0068,cand_0000,[Fe].[Ti],Fe/TiO2,197.315042,63.820702,28265.039819782134,141.21535096277205,0.48641555,1.0,6.24978679,0.20382668,0.40962332,2.62,67.5,B,0.5,True,co2_methanol,yaml_analytic_thermo_microkinetic,33.9194,0.00017142965424446133,59.9733,,2.2413,0.1369,0.215136,low,YAML-driven analytic thermodynamic equilibrium + catalyst descriptor screen (co2_methanol). Catalyst descriptor score is weak.
co2_methanol_sweep_0069,cand_0000,[Fe].[Ti],Fe/TiO2,188.891444,56.837159,22853.749127543604,130.118311976481,0.15127451,1.0,2.58831763,0.13103389,0.05126678,2.62,67.5,B,0.5,True,co2_methanol,yaml_analytic_thermo_microkinetic,32.4275,0.00021581330818137303,34.4791,,1.9529,0.1292,0.116715,low,YAML-driven analytic thermodynamic equilibrium + catalyst descriptor screen (co2_methanol). Catalyst descriptor score is weak.
co2_methanol_sweep_0070,cand_0000,[Fe].[Ti],Fe/TiO2,182.349531,47.502533,3981.8976261332446,39.17059924302393,0.01082449,1.0,8.85403404,0.11559274,0.13485473,2.62,67.5,B,0.5,True,co2_methanol,yaml_analytic_thermo_microkinetic,31.269,0.0002595884432324613,73.1688,,2.6453,0.1236,0.236873,low,YAML-driven analytic thermodynamic equilibrium + catalyst descriptor screen (co2_methanol). Catalyst descriptor score is weak.
co2_methanol_sweep_0071,cand_0000,[Fe].[Ti],Fe/TiO2,236.180035,51.784189,14132.616092338374,16.079743521079248,0.19557843,1.0,4.1006971,0.06286996,0.22873802,2.62,67.5,B,0.5,True,co2_methanol,yaml_analytic_thermo_microkinetic,40.8023,6.53992679462584e-05,34.2811,,1.7814,0.1671,0.150061,low,YAML-driven analytic thermodynamic equilibrium + catalyst descriptor screen (co2_methanol). Catalyst descriptor score is weak.
co2_methanol_sweep_0072,cand_0000,[Fe].[Ti],Fe/TiO2,190.854269,97.76515,4400.96159816328,131.00611215838643,0.44617147,1.0,9.62004732,0.24723755,0.35400362,2.62,67.5,B,0.5,True,co2_methanol,yaml_analytic_thermo_microkinetic,32.7752,0.00020438739125015545,86.1255,,2.8991,0.131,0.295518,low,YAML-driven analytic thermodynamic equilibrium + catalyst descriptor screen (co2_methanol). Catalyst descriptor score is weak.
co2_methanol_sweep_0073,cand_0000,[Fe].[Ti],Fe/TiO2,206.449597,26.547667,13035.149078458824,189.71283864256844,0.35993794,1.0,9.47233588,0.33518135,0.18887948,2.62,67.5,B,0.5,True,co2_methanol,yaml_analytic_thermo_microkinetic,35.5371,0.0001347795364845324,39.7503,,1.4765,0.1454,0.151477,low,YAML-driven analytic thermodynamic equilibrium + catalyst descriptor screen (co2_methanol). Catalyst descriptor score is weak.
co2_methanol_sweep_0074,cand_0000,[Fe].[Ti],Fe/TiO2,220.015479,58.960609,26918.975976118978,109.17836800393219,0.02091558,1.0,7.49187866,0.32254549,0.48594911,2.62,67.5,B,0.5,True,co2_methanol,yaml_analytic_thermo_microkinetic,37.9396,9.58576368089702e-05,53.6923,,1.8982,0.1572,0.221106,low,YAML-driven analytic thermodynamic equilibrium + catalyst descriptor screen (co2_methanol). Catalyst descriptor score is weak.
co2_methanol_sweep_0075,cand_0000,[Fe].[Ti],Fe/TiO2,245.113496,24.495427,21753.534097925032,9.23790753301524,0.12804499,1.0,7.92147155,0.452833,0.22221474,2.62,67.5,B,0.5,True,co2_methanol,yaml_analytic_thermo_microkinetic,42.3845,5.3486749947442284e-05,18.6392,,0.7885,0.1696,0.082838,low,YAML-driven analytic thermodynamic equilibrium + catalyst descriptor screen (co2_methanol). Catalyst descriptor score is weak.
co2_methanol_sweep_0076,cand_0000,[Fe].[Ti],Fe/TiO2,252.160552,54.623965,18302.56546766242,175.46916810256505,0.17753855,1.0,4.9612074,0.36927943,0.01316562,2.62,67.5,B,0.5,True,co2_methanol,yaml_analytic_thermo_microkinetic,43.6325,4.5862233212148624e-05,28.8201,,1.224,0.1699,0.12831,low,YAML-driven analytic thermodynamic equilibrium + catalyst descriptor screen (co2_methanol). Catalyst descriptor score is weak.
co2_methanol_sweep_0077,cand_0000,[Fe].[Ti],Fe/TiO2,255.15001,30.261403,21302.658231519006,119.3642577745157,0.06877575,1.0,4.32890627,0.11753615,0.37133757,2.62,67.5,B,0.5,True,co2_methanol,yaml_analytic_thermo_microkinetic,44.1619,4.301895015812357e-05,18.6131,,0.9884,0.1696,0.082701,low,YAML-driven analytic thermodynamic equilibrium + catalyst descriptor screen (co2_methanol). Catalyst descriptor score is weak.
co2_methanol_sweep_0078,cand_0000,[Fe].[Ti],Fe/TiO2,189.61325,46.63537,7628.884498921604,113.35060482404971,0.18049485,1.0,7.73778153,0.37518825,0.30794354,2.62,67.5,B,0.5,True,co2_methanol,yaml_analytic_thermo_microkinetic,32.5554,0.00021152778898640394,58.8807,,1.9977,0.1298,0.200311,low,YAML-driven analytic thermodynamic equilibrium + catalyst descriptor screen (co2_methanol). Catalyst descriptor score is weak.
co2_methanol_sweep_0079,cand_0000,[Fe].[Ti],Fe/TiO2,238.777818,25.450919,7033.182213876061,8.851264120341014,0.46821685,1.0,6.73298777,0.1880657,0.38533636,2.62,67.5,B,0.5,True,co2_methanol,yaml_analytic_thermo_microkinetic,41.2624,6.164029034136529e-05,23.2262,,1.0821,0.1681,0.102268,low,YAML-driven analytic thermodynamic equilibrium + catalyst descriptor screen (co2_methanol). Catalyst descriptor score is weak.
co2_methanol_sweep_0080,cand_0000,[Fe].[Ti],Fe/TiO2,250.356341,28.879651,10533.145080624741,181.8566375253109,0.22285469,1.0,5.85512409,0.27248875,0.21121343,2.62,67.5,B,0.5,True,co2_methanol,yaml_analytic_thermo_microkinetic,43.313,4.768524325523183e-05,19.4947,,0.8929,0.17,0.086828,low,YAML-driven analytic thermodynamic equilibrium + catalyst descriptor screen (co2_methanol). Catalyst descriptor score is weak.
co2_methanol_sweep_0081,cand_0000,[Fe].[Ti],Fe/TiO2,203.593628,41.188157,27983.810221942524,105.57884329302321,0.44190585,1.0,9.29313549,0.18536805,0.31912992,2.62,67.5,B,0.5,True,co2_methanol,yaml_analytic_thermo_microkinetic,35.0313,0.000145162505052559,57.8089,,2.088,0.1428,0.216274,low,YAML-driven analytic thermodynamic equilibrium + catalyst descriptor screen (co2_methanol). Catalyst descriptor score is weak.
co2_methanol_sweep_0082,cand_0000,[Fe].[Ti],Fe/TiO2,214.287993,96.280423,3737.355164876359,198.6100446325909,0.47028361,1.0,7.029007,0.43703102,0.31228797,2.62,67.5,B,0.5,True,co2_methanol,yaml_analytic_thermo_microkinetic,36.9253,0.00011043482236034863,65.7614,,2.1912,0.1525,0.262697,low,YAML-driven analytic thermodynamic equilibrium + catalyst descriptor screen (co2_methanol). Catalyst descriptor score is weak.
co2_methanol_sweep_0083,cand_0000,[Fe].[Ti],Fe/TiO2,180.394844,28.512944,9586.95957516332,48.76125034678357,0.40398015,1.0,7.10814552,0.30965795,0.15106282,2.62,67.5,B,0.5,True,co2_methanol,yaml_analytic_thermo_microkinetic,30.9228,0.0002745995098892488,45.7937,,1.703,0.122,0.146329,low,YAML-driven analytic thermodynamic equilibrium + catalyst descriptor screen (co2_methanol). Catalyst descriptor score is weak.
co2_methanol_sweep_0084,cand_0000,[Fe].[Ti],Fe/TiO2,193.801452,25.719648,9196.670202342128,98.11959275254281,0.47875771,1.0,8.28338805,0.47966408,0.45658655,2.62,67.5,B,0.5,True,co2_methanol,yaml_analytic_thermo_microkinetic,33.2971,0.00018851913646862284,35.861,,1.331,0.1337,0.125577,low,YAML-driven analytic thermodynamic equilibrium + catalyst descriptor screen (co2_methanol). Catalyst descriptor score is weak.
co2_methanol_sweep_0085,cand_0000,[Fe].[Ti],Fe/TiO2,241.7597,60.319208,6617.526370660013,7.513986483082338,0.45164177,1.0,5.61461839,0.46144905,0.06510198,2.62,67.5,B,0.5,True,co2_methanol,yaml_analytic_thermo_microkinetic,41.7905,5.763351393842296e-05,34.4304,,1.3549,0.1689,0.152403,low,YAML-driven analytic thermodynamic equilibrium + catalyst descriptor screen (co2_methanol). Catalyst descriptor score is weak.
co2_methanol_sweep_0086,cand_0000,[Fe].[Ti],Fe/TiO2,237.148822,95.383657,29960.164277484346,128.46248818522088,0.43668664,1.0,3.91059612,0.05772734,0.09367614,2.62,67.5,B,0.5,True,co2_methanol,yaml_analytic_thermo_microkinetic,40.9739,6.396684891874565e-05,46.2299,,2.2725,0.1675,0.202837,low,YAML-driven analytic thermodynamic equilibrium + catalyst descriptor screen (co2_methanol). Catalyst descriptor score is weak.
co2_methanol_sweep_0087,cand_0000,[Fe].[Ti],Fe/TiO2,205.354609,85.363702,3868.5185107386706,126.07211362494276,0.24669377,1.0,6.99034512,0.0796114,0.29781421,2.62,67.5,B,0.5,True,co2_methanol,yaml_analytic_thermo_microkinetic,35.3432,0.00013865507141433252,72.9671,,2.8155,0.1444,0.276118,low,YAML-driven analytic thermodynamic equilibrium + catalyst descriptor screen (co2_methanol). Catalyst descriptor score is weak.
co2_methanol_sweep_0088,cand_0000,[Fe].[Ti],Fe/TiO2,274.630052,27.375404,9449.123580480205,3.205095011171165,0.13880936,1.0,5.98246455,0.19751325,0.42581351,2.62,67.5,B,0.5,True,co2_methanol,yaml_analytic_thermo_microkinetic,47.6118,2.8838168915256007e-05,15.6346,,0.7507,0.1611,0.065987,low,YAML-driven analytic thermodynamic equilibrium + catalyst descriptor screen (co2_methanol). Catalyst descriptor score is weak.
co2_methanol_sweep_0089,cand_0000,[Fe].[Ti],Fe/TiO2,263.511217,34.438978,2449.7374229278926,45.590746551771204,0.34224526,1.0,4.21751317,0.34336769,0.27011163,2.62,67.5,B,0.5,True,co2_methanol,yaml_analytic_thermo_microkinetic,45.6427,3.61046561041164e-05,12.7669,,0.5768,0.1672,0.055928,low,YAML-driven analytic thermodynamic equilibrium + catalyst descriptor screen (co2_methanol). Catalyst descriptor score is weak.
co2_methanol_sweep_0090,cand_0000,[Fe].[Ti],Fe/TiO2,225.292361,43.826811,22014.98201480146,57.755024350282426,0.1673973,1.0,9.95587989,0.26938483,0.06233617,2.62,67.5,B,0.5,True,co2_methanol,yaml_analytic_thermo_microkinetic,38.8741,8.437907221440369e-05,52.5619,,1.8482,0.161,0.221771,low,YAML-driven analytic thermodynamic equilibrium + catalyst descriptor screen (co2_methanol). Catalyst descriptor score is weak.
co2_methanol_sweep_0091,cand_0000,[Fe].[Ti],Fe/TiO2,242.126929,70.993565,9096.240207135997,155.174294319838,0.34903874,1.0,3.83553599,0.02234868,0.49075453,2.62,67.5,B,0.5,True,co2_methanol,yaml_analytic_thermo_microkinetic,41.8555,5.716150641745398e-05,37.3164,,2.0824,0.169,0.165267,low,YAML-driven analytic thermodynamic equilibrium + catalyst descriptor screen (co2_methanol). Catalyst descriptor score is weak.
co2_methanol_sweep_0092,cand_0000,[Fe].[Ti],Fe/TiO2,245.875788,69.079171,22664.82239119507,34.415473415096194,0.03721982,1.0,7.99993357,0.25784309,0.08999692,2.62,67.5,B,0.5,True,co2_methanol,yaml_analytic_thermo_microkinetic,42.5195,5.259371333373689e-05,54.1426,,1.9391,0.1697,0.240775,low,YAML-driven analytic thermodynamic equilibrium + catalyst descriptor screen (co2_methanol). Catalyst descriptor score is weak.
co2_methanol_sweep_0093,cand_0000,[Fe].[Ti],Fe/TiO2,281.6951,99.004199,8113.366817458512,85.14582961495428,0.41039699,1.0,6.40877675,0.28184913,0.32669377,2.62,67.5,B,0.5,True,co2_methanol,yaml_analytic_thermo_microkinetic,48.8631,2.5118089947581778e-05,44.0617,,1.6975,0.1558,0.179881,low,YAML-driven analytic thermodynamic equilibrium + catalyst descriptor screen (co2_methanol). Catalyst descriptor score is weak.
co2_methanol_sweep_0094,cand_0000,[Fe].[Ti],Fe/TiO2,262.65451,20.608055,27664.343829927766,174.89788838891388,0.23767404,1.0,8.54677057,0.43237858,0.17384808,2.62,67.5,B,0.5,True,co2_methanol,yaml_analytic_thermo_microkinetic,45.491,3.6749465135371486e-05,12.8411,,0.5361,0.1675,0.056367,low,YAML-driven analytic thermodynamic equilibrium + catalyst descriptor screen (co2_methanol). Catalyst descriptor score is weak.
co2_methanol_sweep_0095,cand_0000,[Fe].[Ti],Fe/TiO2,268.373065,83.139818,5353.367637199232,44.64248565521966,0.36747685,1.0,4.24324707,0.2020292,0.44992179,2.62,67.5,B,0.5,True,co2_methanol,yaml_analytic_thermo_microkinetic,46.5037,3.268852126642303e-05,32.3431,,1.488,0.1649,0.13974,low,YAML-driven analytic thermodynamic equilibrium + catalyst descriptor screen (co2_methanol). Catalyst descriptor score is weak.
co2_methanol_sweep_0096,cand_0000,[Fe].[Ti],Fe/TiO2,284.333622,52.95194,10646.170552776528,79.03863400982148,0.46537641,1.0,7.53639218,0.39248815,0.27786658,2.62,67.5,B,0.5,True,co2_methanol,yaml_analytic_thermo_microkinetic,49.3303,2.38767878983814e-05,26.9607,,1.1019,0.1536,0.108529,low,YAML-driven analytic thermodynamic equilibrium + catalyst descriptor screen (co2_methanol). Catalyst descriptor score is weak.
co2_methanol_sweep_0097,cand_0000,[Fe].[Ti],Fe/TiO2,228.228529,87.934903,19531.78876566106,71.78878591591837,0.11020302,1.0,3.46982946,0.30136386,0.43099144,2.62,67.5,B,0.5,True,co2_methanol,yaml_analytic_thermo_microkinetic,39.3941,7.868978720980074e-05,36.651,,1.6465,0.1629,0.15647,low,YAML-driven analytic thermodynamic equilibrium + catalyst descriptor screen (co2_methanol). Catalyst descriptor score is weak.
co2_methanol_sweep_0098,cand_0000,[Fe].[Ti],Fe/TiO2,202.20921,46.255386,24146.157691585184,103.16819287776067,0.48099817,1.0,3.40803146,0.19445911,0.10146493,2.62,67.5,B,0.5,True,co2_methanol,yaml_analytic_thermo_microkinetic,34.7861,0.0001505280363092503,31.3933,,1.5248,0.1415,0.116383,low,YAML-driven analytic thermodynamic equilibrium + catalyst descriptor screen (co2_methanol). Catalyst descriptor score is weak.
co2_methanol_sweep_0099,cand_0000,[Fe].[Ti],Fe/TiO2,267.409419,45.168757,29155.82313218604,182.74025373786986,0.24958628,1.0,9.91923863,0.29568704,0.42072977,2.62,67.5,B,0.5,True,co2_methanol,yaml_analytic_thermo_microkinetic,46.3331,3.333417483188264e-05,36.3272,,1.3995,0.1654,0.157434,low,YAML-driven analytic thermodynamic equilibrium + catalyst descriptor screen (co2_methanol). Catalyst descriptor score is weak.
co2_methanol_sweep_0100,cand_0000,[Fe].[Ti],Fe/TiO2,290.556852,49.873139,7335.397276003523,40.20913860471169,0.0046407,1.0,7.19495895,0.31076726,0.33706764,2.62,67.5,B,0.5,True,co2_methanol,yaml_analytic_thermo_microkinetic,50.4325,2.122645565288892e-05,26.0284,,1.104,0.1482,0.101054,low,YAML-driven analytic thermodynamic equilibrium + catalyst descriptor screen (co2_methanol). Catalyst descriptor score is weak.
co2_methanol_sweep_0101,cand_0000,[Fe].[Ti],Fe/TiO2,285.295624,71.20329,16979.43893533733,163.16850309711194,0.2910384,1.0,5.24027662,0.09718273,0.04275674,2.62,67.5,B,0.5,True,co2_methanol,yaml_analytic_thermo_microkinetic,49.5007,2.3442426629819658e-05,35.2263,,1.6708,0.1528,0.141048,low,YAML-driven analytic thermodynamic equilibrium + catalyst descriptor screen (co2_methanol). Catalyst descriptor score is weak.
co2_methanol_sweep_0102,cand_0000,[Fe].[Ti],Fe/TiO2,205.871772,84.98552,24312.949115819494,197.7381787444566,0.42851358,1.0,9.43797921,0.16176311,0.26584095,2.62,67.5,B,0.5,True,co2_methanol,yaml_analytic_thermo_microkinetic,35.4348,0.00013680875317206598,79.4024,,2.7535,0.1449,0.301468,low,YAML-driven analytic thermodynamic equilibrium + catalyst descriptor screen (co2_methanol). Catalyst descriptor score is weak.
co2_methanol_sweep_0103,cand_0000,[Fe].[Ti],Fe/TiO2,289.898253,97.592736,15356.600071543997,142.0598758630116,0.05186584,1.0,8.40504446,0.00597307,0.16611615,2.62,67.5,B,0.5,True,co2_methanol,yaml_analytic_thermo_microkinetic,50.3158,2.1489768579519652e-05,58.6454,,2.6339,0.1488,0.228603,low,YAML-driven analytic thermodynamic equilibrium + catalyst descriptor screen (co2_methanol). Catalyst descriptor score is weak.
co2_methanol_sweep_0104,cand_0000,[Fe].[Ti],Fe/TiO2,212.7623,48.128952,6798.392251139839,180.53089689365723,0.26504146,1.0,4.12966311,0.10895182,0.27621354,2.62,67.5,B,0.5,True,co2_methanol,yaml_analytic_thermo_microkinetic,36.6551,0.00011474332046207693,37.2805,,1.7929,0.1511,0.147631,low,YAML-driven analytic thermodynamic equilibrium + catalyst descriptor screen (co2_methanol). Catalyst descriptor score is weak.
co2_methanol_sweep_0105,cand_0000,[Fe].[Ti],Fe/TiO2,259.192518,79.681589,15787.16779061356,118.00407837679124,0.37527586,1.0,6.67623712,0.01151248,0.32079355,2.62,67.5,B,0.5,True,co2_methanol,yaml_analytic_thermo_microkinetic,44.8779,3.949752300738727e-05,53.1045,,2.4966,0.1687,0.234708,low,YAML-driven analytic thermodynamic equilibrium + catalyst descriptor screen (co2_methanol). Catalyst descriptor score is weak.
co2_methanol_sweep_0106,cand_0000,[Fe].[Ti],Fe/TiO2,187.710376,74.41538,21575.018153344943,22.691455717065008,0.45521854,1.0,5.08564069,0.12446963,0.2088255,2.62,67.5,B,0.5,True,co2_methanol,yaml_analytic_thermo_microkinetic,32.2184,0.0002230438600991371,62.9415,,2.5471,0.1282,0.211337,low,YAML-driven analytic thermodynamic equilibrium + catalyst descriptor screen (co2_methanol). Catalyst descriptor score is weak.
co2_methanol_sweep_0107,cand_0000,[Fe].[Ti],Fe/TiO2,292.359903,34.048654,20846.932622694778,11.430565610584818,0.42317216,1.0,8.89033134,0.1755426,0.17107517,2.62,67.5,B,0.5,True,co2_methanol,yaml_analytic_thermo_microkinetic,50.7518,2.052498752345496e-05,23.4595,,1.0793,0.1465,0.090071,low,YAML-driven analytic thermodynamic equilibrium + catalyst descriptor screen (co2_methanol). Catalyst descriptor score is weak.
co2_methanol_sweep_0108,cand_0000,[Fe].[Ti],Fe/TiO2,195.537231,76.438411,23578.819844495058,5.1808930513607585,0.43448901,1.0,6.9160055,0.253141,0.28494215,2.62,67.5,B,0.5,True,co2_methanol,yaml_analytic_thermo_microkinetic,33.6045,0.00017984162210529396,69.1462,,2.4218,0.1353,0.245042,low,YAML-driven analytic thermodynamic equilibrium + catalyst descriptor screen (co2_methanol). Catalyst descriptor score is weak.
co2_methanol_sweep_0109,cand_0000,[Fe].[Ti],Fe/TiO2,253.212465,61.449142,18559.296245283283,123.4968667669544,0.00170217,1.0,2.0242148,0.40347815,0.11104753,2.62,67.5,B,0.5,True,co2_methanol,yaml_analytic_thermo_microkinetic,43.8188,4.483722372906638e-05,12.023,,0.8155,0.1698,0.0535,low,YAML-driven analytic thermodynamic equilibrium + catalyst descriptor screen (co2_methanol). Catalyst descriptor score is weak.
co2_methanol_sweep_0110,cand_0000,[Fe].[Ti],Fe/TiO2,185.754516,42.55929,13769.046608260689,6.504697944656536,0.23405699,1.0,3.03213031,0.34901473,0.30467223,2.62,67.5,B,0.5,True,co2_methanol,yaml_analytic_thermo_microkinetic,31.872,0.00023564225053686726,27.6555,,1.3211,0.1264,0.091621,low,YAML-driven analytic thermodynamic equilibrium + catalyst descriptor screen (co2_methanol). Catalyst descriptor score is weak.
co2_methanol_sweep_0111,cand_0000,[Fe].[Ti],Fe/TiO2,183.502277,46.926175,20572.473114410754,139.34987610010347,0.07225269,1.0,3.23025613,0.14811624,0.28029741,2.62,67.5,B,0.5,True,co2_methanol,yaml_analytic_thermo_microkinetic,31.4731,0.00025118014916117255,37.8905,,1.8591,0.1245,0.123622,low,YAML-driven analytic thermodynamic equilibrium + catalyst descriptor screen (co2_methanol). Catalyst descriptor score is weak.
co2_methanol_sweep_0112,cand_0000,[Fe].[Ti],Fe/TiO2,284.833132,50.719165,16673.992741118047,75.10559776014031,0.3843514,1.0,3.38126333,0.33238707,0.33879627,2.62,67.5,B,0.5,True,co2_methanol,yaml_analytic_thermo_microkinetic,49.4188,2.3650068190188792e-05,12.0508,,0.554,0.1532,0.048376,low,YAML-driven analytic thermodynamic equilibrium + catalyst descriptor screen (co2_methanol). Catalyst descriptor score is weak.
co2_methanol_sweep_0113,cand_0000,[Fe].[Ti],Fe/TiO2,291.024401,55.738992,7250.629082071993,128.2498613863405,0.04426307,1.0,5.38990255,0.36058799,0.34530822,2.62,67.5,B,0.5,True,co2_methanol,yaml_analytic_thermo_microkinetic,50.5153,2.1041854177528412e-05,21.3193,,0.9436,0.1478,0.082535,low,YAML-driven analytic thermodynamic equilibrium + catalyst descriptor screen (co2_methanol). Catalyst descriptor score is weak.
co2_methanol_sweep_0114,cand_0000,[Fe].[Ti],Fe/TiO2,254.459015,34.806173,8862.468664365366,153.28176586289587,0.36965552,1.0,2.39712711,0.27923883,0.34861775,2.62,67.5,B,0.5,True,co2_methanol,yaml_analytic_thermo_microkinetic,44.0396,4.365726793929713e-05,7.729,,0.4024,0.1697,0.034362,low,YAML-driven analytic thermodynamic equilibrium + catalyst descriptor screen (co2_methanol). Catalyst descriptor score is weak.
co2_methanol_sweep_0115,cand_0000,[Fe].[Ti],Fe/TiO2,247.741813,33.261681,7513.6541349291765,28.320347419709304,0.25936686,1.0,6.35338755,0.04459922,0.45287017,2.62,67.5,B,0.5,True,co2_methanol,yaml_analytic_thermo_microkinetic,42.8499,5.048054898795407e-05,30.9622,,1.6205,0.1699,0.137841,low,YAML-driven analytic thermodynamic equilibrium + catalyst descriptor screen (co2_methanol). Catalyst descriptor score is weak.
co2_methanol_sweep_0116,cand_0000,[Fe].[Ti],Fe/TiO2,228.849463,42.905948,19458.555399192595,117.04560362609718,0.18559996,1.0,2.9838058,0.20556912,0.49698297,2.62,67.5,B,0.5,True,co2_methanol,yaml_analytic_thermo_microkinetic,39.5041,7.75447777199804e-05,19.5928,,1.0288,0.1633,0.08384,low,YAML-driven analytic thermodynamic equilibrium + catalyst descriptor screen (co2_methanol). Catalyst descriptor score is weak.
co2_methanol_sweep_0117,cand_0000,[Fe].[Ti],Fe/TiO2,282.035077,91.951738,12234.542908460691,137.21510633257844,0.3253838,1.0,3.26941841,0.01955127,0.12646608,2.62,67.5,B,0.5,True,co2_methanol,yaml_analytic_thermo_microkinetic,48.9233,2.4953918981510714e-05,31.681,,1.9097,0.1555,0.129108,low,YAML-driven analytic thermodynamic equilibrium + catalyst descriptor screen (co2_methanol). Catalyst descriptor score is weak.
co2_methanol_sweep_0118,cand_0000,[Fe].[Ti],Fe/TiO2,279.330084,62.701896,5960.565671812961,96.66792202384481,0.25415169,1.0,5.88501699,0.15367287,0.04937898,2.62,67.5,B,0.5,True,co2_methanol,yaml_analytic_thermo_microkinetic,48.4442,2.6296284013631034e-05,34.6907,,1.5401,0.1577,0.143317,low,YAML-driven analytic thermodynamic equilibrium + catalyst descriptor screen (co2_methanol). Catalyst descriptor score is weak.
co2_methanol_sweep_0119,cand_0000,[Fe].[Ti],Fe/TiO2,266.853122,31.535498,14188.397338486948,20.01645111553745,0.35620585,1.0,6.04890565,0.34627348,0.19617564,2.62,67.5,B,0.5,True,co2_methanol,yaml_analytic_thermo_microkinetic,46.2346,3.3713760820138594e-05,16.3024,,0.729,0.1657,0.070771,low,YAML-driven analytic thermodynamic equilibrium + catalyst descriptor screen (co2_methanol). Catalyst descriptor score is weak.
co2_methanol_sweep_0120,cand_0000,[Fe].[Ti],Fe/TiO2,233.078059,84.226175,4361.55432339511,185.94496446639582,0.40129492,1.0,8.72191001,0.16761699,0.20709106,2.62,67.5,B,0.5,True,co2_methanol,yaml_analytic_thermo_microkinetic,40.253,7.024514879375399e-05,67.8262,,2.4039,0.1657,0.294381,low,YAML-driven analytic thermodynamic equilibrium + catalyst descriptor screen (co2_methanol). Catalyst descriptor score is weak.
co2_methanol_sweep_0121,cand_0000,[Fe].[Ti],Fe/TiO2,218.66735,66.316913,22404.554155142276,65.64509569413262,0.24270788,1.0,2.07524187,0.14169617,0.20347968,2.62,67.5,B,0.5,True,co2_methanol,yaml_analytic_thermo_microkinetic,37.7009,9.907607485997113e-05,23.1225,,1.612,0.1561,0.094573,low,YAML-driven analytic thermodynamic equilibrium + catalyst descriptor screen (co2_methanol). Catalyst descriptor score is weak.
co2_methanol_sweep_0122,cand_0000,[Fe].[Ti],Fe/TiO2,240.320992,81.43982,5145.535947211551,133.14869725010774,0.17045423,1.0,9.00045584,0.33814596,0.0113281,2.62,67.5,B,0.5,True,co2_methanol,yaml_analytic_thermo_microkinetic,41.5357,5.9527309843339856e-05,63.0652,,2.0913,0.1686,0.278499,low,YAML-driven analytic thermodynamic equilibrium + catalyst descriptor screen (co2_methanol). Catalyst descriptor score is weak.
co2_methanol_sweep_0123,cand_0000,[Fe].[Ti],Fe/TiO2,193.108274,88.431734,13152.205810566556,127.31514384375154,0.34551386,1.0,7.86630385,0.11344323,0.1081229,2.62,67.5,B,0.5,True,co2_methanol,yaml_analytic_thermo_microkinetic,33.1743,0.0001921191901761992,81.0495,,2.9643,0.133,0.282463,low,YAML-driven analytic thermodynamic equilibrium + catalyst descriptor screen (co2_methanol). Catalyst descriptor score is weak.
co2_methanol_sweep_0124,cand_0000,[Fe].[Ti],Fe/TiO2,229.923819,93.115218,25810.670335746952,101.05920034509424,0.30999423,1.0,8.33443945,0.37001658,0.41179776,2.62,67.5,B,0.5,True,co2_methanol,yaml_analytic_thermo_microkinetic,39.6944,7.56093304880501e-05,66.2248,,2.1832,0.164,0.284484,low,YAML-driven analytic thermodynamic equilibrium + catalyst descriptor screen (co2_methanol). Catalyst descriptor score is weak.
co2_methanol_sweep_0125,cand_0000,[Fe].[Ti],Fe/TiO2,259.762762,36.216695,6461.935791994514,43.63343492339321,0.47401768,1.0,4.73470869,0.36519537,0.30170211,2.62,67.5,B,0.5,True,co2_methanol,yaml_analytic_thermo_microkinetic,44.9789,3.9028617476057644e-05,15.2142,,0.6917,0.1685,0.067177,low,YAML-driven analytic thermodynamic equilibrium + catalyst descriptor screen (co2_methanol). Catalyst descriptor score is weak.
co2_methanol_sweep_0126,cand_0000,[Fe].[Ti],Fe/TiO2,209.564292,89.81556,11987.606817841901,53.13830312006759,0.36012485,1.0,4.82108864,0.42664322,0.39455691,2.62,67.5,B,0.5,True,co2_methanol,yaml_analytic_thermo_microkinetic,36.0887,0.00012442522852030004,51.3526,,1.9324,0.1483,0.199522,low,YAML-driven analytic thermodynamic equilibrium + catalyst descriptor screen (co2_methanol). Catalyst descriptor score is weak.
co2_methanol_sweep_0127,cand_0000,[Fe].[Ti],Fe/TiO2,187.993144,53.261597,25794.364476408413,56.272615475019435,0.04562595,1.0,2.80430049,0.23002048,0.44617147,2.62,67.5,B,0.5,True,co2_methanol,yaml_analytic_thermo_microkinetic,32.2685,0.00022128758405452208,32.0724,,1.6485,0.1284,0.107898,low,YAML-driven analytic thermodynamic equilibrium + catalyst descriptor screen (co2_methanol). Catalyst descriptor score is weak.
co2_methanol_sweep_0128,cand_0000,[Fe].[Ti],Fe/TiO2,221.004003,68.279008,2007.345016046761,81.23049618888625,0.45899215,1.0,8.61045957,0.38109545,0.29070054,2.62,67.5,B,0.5,True,co2_methanol,yaml_analytic_thermo_microkinetic,38.1147,9.357504259922769e-05,60.4628,,2.0121,0.1579,0.250194,low,YAML-driven analytic thermodynamic equilibrium + catalyst descriptor screen (co2_methanol). Catalyst descriptor score is weak.
co2_methanol_sweep_0129,cand_0000,[Fe].[Ti],Fe/TiO2,236.69464,70.037165,4881.297861690106,27.22116356084739,0.02647961,1.0,3.6663055,0.35639987,0.14968548,2.62,67.5,B,0.5,True,co2_methanol,yaml_analytic_thermo_microkinetic,40.8935,6.463376316789212e-05,31.3986,,1.3942,0.1673,0.137616,low,YAML-driven analytic thermodynamic equilibrium + catalyst descriptor screen (co2_methanol). Catalyst descriptor score is weak.
co2_methanol_sweep_0130,cand_0000,[Fe].[Ti],Fe/TiO2,243.544966,39.733004,12408.227516631974,52.08040483436096,0.05668363,1.0,4.91920934,0.37450548,0.26805462,2.62,67.5,B,0.5,True,co2_methanol,yaml_analytic_thermo_microkinetic,42.1067,5.538095137183226e-05,22.6046,,0.9996,0.1694,0.100297,low,YAML-driven analytic thermodynamic equilibrium + catalyst descriptor screen (co2_methanol). Catalyst descriptor score is weak.
co2_methanol_sweep_0131,cand_0000,[Fe].[Ti],Fe/TiO2,204.683622,52.701328,4566.501117761281,183.95128401055902,0.16215336,1.0,2.5089939,0.1267912,0.23331316,2.62,67.5,B,0.5,True,co2_methanol,yaml_analytic_thermo_microkinetic,35.2243,0.00014109384656996285,27.6124,,1.6654,0.1438,0.104038,low,YAML-driven analytic thermodynamic equilibrium + catalyst descriptor screen (co2_methanol). Catalyst descriptor score is weak.
co2_methanol_sweep_0132,cand_0000,[Fe].[Ti],Fe/TiO2,226.853804,44.318991,5004.108935106899,119.70211585426279,0.17347485,1.0,2.1218831,0.05686223,0.0834363,2.62,67.5,B,0.5,True,co2_methanol,yaml_analytic_thermo_microkinetic,39.1507,8.129583271401249e-05,19.6613,,1.5336,0.1621,0.08349,low,YAML-driven analytic thermodynamic equilibrium + catalyst descriptor screen (co2_methanol). Catalyst descriptor score is weak.
co2_methanol_sweep_0133,cand_0000,[Fe].[Ti],Fe/TiO2,200.207705,26.809549,25044.04534107709,122.70299941784279,0.04149985,1.0,5.3590709,0.40031223,0.15597443,2.62,67.5,B,0.5,True,co2_methanol,yaml_analytic_thermo_microkinetic,34.4316,0.00015869728392021637,27.6415,,1.1604,0.1396,0.101116,low,YAML-driven analytic thermodynamic equilibrium + catalyst descriptor screen (co2_methanol). Catalyst descriptor score is weak.
co2_methanol_sweep_0134,cand_0000,[Fe].[Ti],Fe/TiO2,192.333634,37.225625,5380.442187339388,32.519395404546174,0.29877544,1.0,6.45821806,0.20841949,0.21666472,2.62,67.5,B,0.5,True,co2_methanol,yaml_analytic_thermo_microkinetic,33.0372,0.00019623679959568046,48.54,,1.8856,0.1323,0.168263,low,YAML-driven analytic thermodynamic equilibrium + catalyst descriptor screen (co2_methanol). Catalyst descriptor score is weak.
co2_methanol_sweep_0135,cand_0000,[Fe].[Ti],Fe/TiO2,281.253477,56.434931,10830.657570070209,41.950893728666834,0.48313752,1.0,4.60087182,0.29808833,0.46309352,2.62,67.5,B,0.5,True,co2_methanol,yaml_analytic_thermo_microkinetic,48.7849,2.533326232766314e-05,19.9891,,0.9312,0.1562,0.081791,low,YAML-driven analytic thermodynamic equilibrium + catalyst descriptor screen (co2_methanol). Catalyst descriptor score is weak.
co2_methanol_sweep_0136,cand_0000,[Fe].[Ti],Fe/TiO2,240.911635,36.617419,3646.3683213391396,10.308404901612507,0.27185548,1.0,8.98842719,0.1385351,0.46147504,2.62,67.5,B,0.5,True,co2_methanol,yaml_analytic_thermo_microkinetic,41.6403,5.874113368483766e-05,40.3511,,1.6752,0.1687,0.178372,low,YAML-driven analytic thermodynamic equilibrium + catalyst descriptor screen (co2_methanol). Catalyst descriptor score is weak.
co2_methanol_sweep_0137,cand_0000,[Fe].[Ti],Fe/TiO2,298.668686,61.673578,19239.520211298786,37.6481389779206,0.39165968,1.0,3.75969972,0.41300622,0.33040207,2.62,67.5,B,0.5,True,co2_methanol,yaml_analytic_thermo_microkinetic,51.8691,1.8278545705284217e-05,13.2552,,0.6016,0.1407,0.048855,low,YAML-driven analytic thermodynamic equilibrium + catalyst descriptor screen (co2_methanol). Catalyst descriptor score is weak.
co2_methanol_sweep_0138,cand_0000,[Fe].[Ti],Fe/TiO2,269.317003,66.890266,15983.80141657668,88.17188772279425,0.08451852,1.0,8.16005562,0.44211509,0.406443,2.62,67.5,B,0.5,True,co2_methanol,yaml_analytic_thermo_microkinetic,46.6709,3.207035996302709e-05,39.9653,,1.455,0.1644,0.172132,low,YAML-driven analytic thermodynamic equilibrium + catalyst descriptor screen (co2_methanol). Catalyst descriptor score is weak.
co2_methanol_sweep_0139,cand_0000,[Fe].[Ti],Fe/TiO2,299.628199,28.02684,23982.685039625376,12.870707566591562,0.20802316,1.0,5.5144801,0.13432342,0.41778788,2.62,67.5,B,0.5,True,co2_methanol,yaml_analytic_thermo_microkinetic,52.039,1.7963142432892087e-05,12.8326,,0.6397,0.1398,0.046995,low,YAML-driven analytic thermodynamic equilibrium + catalyst descriptor screen (co2_methanol). Catalyst descriptor score is weak.
co2_methanol_sweep_0140,cand_0000,[Fe].[Ti],Fe/TiO2,249.201928,83.955262,10003.44590011064,143.10952540189194,0.19111954,1.0,2.78306018,0.00874808,0.05578459,2.62,67.5,B,0.5,True,co2_methanol,yaml_analytic_thermo_microkinetic,43.1085,4.8896429163486345e-05,33.3738,,2.1834,0.17,0.148638,low,YAML-driven analytic thermodynamic equilibrium + catalyst descriptor screen (co2_methanol). Catalyst descriptor score is weak.
co2_methanol_sweep_0141,cand_0000,[Fe].[Ti],Fe/TiO2,291.808388,90.803183,23280.080932708614,35.31112289437754,0.06068039,1.0,5.19619204,0.22005834,0.03170418,2.62,67.5,B,0.5,True,co2_methanol,yaml_analytic_thermo_microkinetic,50.6541,2.07365825430021e-05,37.1535,,1.5756,0.147,0.143139,low,YAML-driven analytic thermodynamic equilibrium + catalyst descriptor screen (co2_methanol). Catalyst descriptor score is weak.
co2_methanol_sweep_0142,cand_0000,[Fe].[Ti],Fe/TiO2,254.123275,40.630089,16832.801318362028,2.3210968909326724,0.33303134,1.0,8.70586649,0.2229197,0.15794692,2.62,67.5,B,0.5,True,co2_methanol,yaml_analytic_thermo_microkinetic,43.9801,4.397143648474507e-05,36.6258,,1.473,0.1697,0.162877,low,YAML-driven analytic thermodynamic equilibrium + catalyst descriptor screen (co2_methanol). Catalyst descriptor score is weak.
co2_methanol_sweep_0143,cand_0000,[Fe].[Ti],Fe/TiO2,296.15,24.271382,23175.165090846614,156.4176175133265,0.05276742,1.0,3.3403497,0.29464023,0.24030233,2.62,67.5,B,0.5,True,co2_methanol,yaml_analytic_thermo_microkinetic,51.423,1.913840852341176e-05,4.4686,,-0.0625,0.143,0.016746,low,YAML-driven analytic thermodynamic equilibrium + catalyst descriptor screen (co2_methanol). Catalyst descriptor score is weak.
co2_methanol_sweep_0144,cand_0000,[Fe].[Ti],Fe/TiO2,233.942343,41.53859,22505.262398141644,33.76781911221352,0.1549987,1.0,3.79788772,0.08890921,0.16806344,2.62,67.5,B,0.5,True,co2_methanol,yaml_analytic_thermo_microkinetic,40.4061,6.88539295413201e-05,27.9102,,1.4802,0.1661,0.121444,low,YAML-driven analytic thermodynamic equilibrium + catalyst descriptor screen (co2_methanol). Catalyst descriptor score is weak.
co2_methanol_sweep_0145,cand_0000,[Fe].[Ti],Fe/TiO2,265.779097,71.739097,25124.762175561737,31.67783915566502,0.430348,1.0,5.47412545,0.47044219,0.25365265,2.62,67.5,B,0.5,True,co2_methanol,yaml_analytic_thermo_microkinetic,46.0443,3.446116683037523e-05,30.535,,1.2365,0.1662,0.132971,low,YAML-driven analytic thermodynamic equilibrium + catalyst descriptor screen (co2_methanol). Catalyst descriptor score is weak.
co2_methanol_sweep_0146,cand_0000,[Fe].[Ti],Fe/TiO2,259.90848,51.162898,3204.7725874885746,124.64089143167416,0.11811918,1.0,3.10970192,0.25123955,0.25062434,2.62,67.5,B,0.5,True,co2_methanol,yaml_analytic_thermo_microkinetic,45.0047,3.8909850327309064e-05,17.6184,,0.8905,0.1685,0.077772,low,YAML-driven analytic thermodynamic equilibrium + catalyst descriptor screen (co2_methanol). Catalyst descriptor score is weak.
co2_methanol_sweep_0147,cand_0000,[Fe].[Ti],Fe/TiO2,189.321192,35.852838,2389.3135096929914,115.21766255527216,0.26220272,1.0,9.12994037,0.32228504,0.45955927,2.62,67.5,B,0.5,True,co2_methanol,yaml_analytic_thermo_microkinetic,32.5036,0.0002132498438623065,55.976,,1.917,0.1296,0.190046,low,YAML-driven analytic thermodynamic equilibrium + catalyst descriptor screen (co2_methanol). Catalyst descriptor score is weak.
co2_methanol_sweep_0148,cand_0000,[Fe].[Ti],Fe/TiO2,246.494792,77.670757,17624.20907271361,59.71456348492632,0.10836615,1.0,3.07451155,0.42137818,0.4365177,2.62,67.5,B,0.5,True,co2_methanol,yaml_analytic_thermo_microkinetic,42.6291,5.1881406436148754e-05,23.3842,,1.1115,0.1698,0.104036,low,YAML-driven analytic thermodynamic equilibrium + catalyst descriptor screen (co2_methanol). Catalyst descriptor score is weak.
co2_methanol_sweep_0149,cand_0000,[Fe].[Ti],Fe/TiO2,234.674949,67.209762,7897.799745771615,139.11366082436004,0.09085982,1.0,9.75116808,0.29177729,0.31316319,2.62,67.5,B,0.5,True,co2_methanol,yaml_analytic_thermo_microkinetic,40.5358,6.769987592048003e-05,61.4921,,2.0677,0.1664,0.268118,low,YAML-driven analytic thermodynamic equilibrium + catalyst descriptor screen (co2_methanol). Catalyst descriptor score is weak.
co2_methanol_sweep_0150,cand_0000,[Fe].[Ti],Fe/TiO2,257.060148,52.179636,5524.00343052257,79.89301989211604,0.30237635,1.0,3.55893689,0.4984961,0.11628452,2.62,67.5,B,0.5,True,co2_methanol,yaml_analytic_thermo_microkinetic,44.5002,4.1310822508468245e-05,15.86,,0.7276,0.1692,0.070319,low,YAML-driven analytic thermodynamic equilibrium + catalyst descriptor screen (co2_methanol). Catalyst descriptor score is weak.
co2_methanol_sweep_0151,cand_0000,[Fe].[Ti],Fe/TiO2,196.043889,21.032538,12533.8925553774,24.05752157276536,0.12153658,1.0,9.37755108,0.01432326,0.1211952,2.62,67.5,B,0.5,True,co2_methanol,yaml_analytic_thermo_microkinetic,33.6942,0.00017739653973036058,46.7524,,2.2151,0.1357,0.166259,low,YAML-driven analytic thermodynamic equilibrium + catalyst descriptor screen (co2_methanol). Catalyst descriptor score is weak.
co2_methanol_sweep_0152,cand_0000,[Fe].[Ti],Fe/TiO2,184.01115,74.174362,17165.26866644865,145.2092511851352,0.41946931,1.0,2.3599573,0.48276372,0.08088427,2.62,67.5,B,0.5,True,co2_methanol,yaml_analytic_thermo_microkinetic,31.5632,0.00024756861617953306,29.0714,,1.5964,0.125,0.095176,low,YAML-driven analytic thermodynamic equilibrium + catalyst descriptor screen (co2_methanol). Catalyst descriptor score is weak.
co2_methanol_sweep_0153,cand_0000,[Fe].[Ti],Fe/TiO2,244.696824,23.243894,22094.20616835977,86.09628870210474,0.27735128,1.0,2.52257832,0.47446205,0.43353557,2.62,67.5,B,0.5,True,co2_methanol,yaml_analytic_thermo_microkinetic,42.3107,5.398241311875572e-05,3.6064,,-0.0819,0.1696,0.016021,low,YAML-driven analytic thermodynamic equilibrium + catalyst descriptor screen (co2_methanol). Catalyst descriptor score is weak.
co2_methanol_sweep_0154,cand_0000,[Fe].[Ti],Fe/TiO2,275.882708,31.728189,3370.0270794928592,4.88133881425418,0.00644316,1.0,9.83172059,0.19205965,0.10466327,2.62,67.5,B,0.5,True,co2_methanol,yaml_analytic_thermo_microkinetic,47.8337,2.813327251414208e-05,28.0378,,1.2193,0.1602,0.1177,low,YAML-driven analytic thermodynamic equilibrium + catalyst descriptor screen (co2_methanol). Catalyst descriptor score is weak.
co2_methanol_sweep_0155,cand_0000,[Fe].[Ti],Fe/TiO2,232.283831,21.871841,28409.493783887443,116.36500594254628,0.37933798,1.0,5.02570522,0.03847379,0.18198652,2.62,67.5,B,0.5,True,co2_methanol,yaml_analytic_thermo_microkinetic,40.1123,7.155268858761922e-05,22.1884,,1.3012,0.1653,0.096068,low,YAML-driven analytic thermodynamic equilibrium + catalyst descriptor screen (co2_methanol). Catalyst descriptor score is weak.
co2_methanol_sweep_0156,cand_0000,[Fe].[Ti],Fe/TiO2,260.466981,65.628133,15566.02365199525,67.55813405849287,0.29345108,1.0,4.67538694,0.05469508,0.41286904,2.62,67.5,B,0.5,True,co2_methanol,yaml_analytic_thermo_microkinetic,45.1036,3.845857582603599e-05,36.1162,,1.8413,0.1683,0.159261,low,YAML-driven analytic thermodynamic equilibrium + catalyst descriptor screen (co2_methanol). Catalyst descriptor score is weak.
co2_methanol_sweep_0157,cand_0000,[Fe].[Ti],Fe/TiO2,277.947437,98.072076,5846.351526235957,72.64330617453844,0.47649684,1.0,2.198233,0.40919016,0.05762839,2.62,67.5,B,0.5,True,co2_methanol,yaml_analytic_thermo_microkinetic,48.1994,2.7015444113178888e-05,14.654,,0.926,0.1587,0.060941,low,YAML-driven analytic thermodynamic equilibrium + catalyst descriptor screen (co2_methanol). Catalyst descriptor score is weak.
co2_methanol_sweep_0158,cand_0000,[Fe].[Ti],Fe/TiO2,190.453883,23.677524,26616.15223288781,193.05625902681905,0.22876582,1.0,4.78005442,0.18007279,0.40404817,2.62,67.5,B,0.5,True,co2_methanol,yaml_analytic_thermo_microkinetic,32.7042,0.00020666018191276914,28.9733,,1.3527,0.1306,0.09914,low,YAML-driven analytic thermodynamic equilibrium + catalyst descriptor screen (co2_methanol). Catalyst descriptor score is weak.
co2_methanol_sweep_0159,cand_0000,[Fe].[Ti],Fe/TiO2,295.561485,70.566099,21022.07263452331,99.1855198017202,0.27974179,1.0,4.03227167,0.35783464,0.25602667,2.62,67.5,B,0.5,True,co2_methanol,yaml_analytic_thermo_microkinetic,51.3188,1.934622047061368e-05,19.1133,,0.8886,0.1436,0.071901,low,YAML-driven analytic thermodynamic equilibrium + catalyst descriptor screen (co2_methanol). Catalyst descriptor score is weak.
co2_methanol_sweep_0160,cand_0000,[Fe].[Ti],Fe/TiO2,275.184796,32.636532,10339.58733948377,157.580016563766,0.49016805,1.0,2.24292922,0.26652127,0.17917684,2.62,67.5,B,0.5,True,co2_methanol,yaml_analytic_thermo_microkinetic,47.7101,2.852345148542085e-05,5.0181,,0.1699,0.1607,0.021129,low,YAML-driven analytic thermodynamic equilibrium + catalyst descriptor screen (co2_methanol). Catalyst descriptor score is weak.
co2_methanol_sweep_0161,cand_0000,[Fe].[Ti],Fe/TiO2,294.329372,93.772826,8515.345492397035,47.109540357232376,0.32169821,1.0,6.09782404,0.48913567,0.49905352,2.62,67.5,B,0.5,True,co2_methanol,yaml_analytic_thermo_microkinetic,51.1006,1.9790066344475973e-05,32.3817,,1.2718,0.1447,0.122786,low,YAML-driven analytic thermodynamic equilibrium + catalyst descriptor screen (co2_methanol). Catalyst descriptor score is weak.
co2_methanol_sweep_0162,cand_0000,[Fe].[Ti],Fe/TiO2,191.943216,64.733575,10718.764067699647,83.19784877203553,0.15859332,1.0,4.55141844,0.31811115,0.11935644,2.62,67.5,B,0.5,True,co2_methanol,yaml_analytic_thermo_microkinetic,32.968,0.0001983507145291508,51.1571,,2.0001,0.132,0.176858,low,YAML-driven analytic thermodynamic equilibrium + catalyst descriptor screen (co2_methanol). Catalyst descriptor score is weak.
co2_methanol_sweep_0163,cand_0000,[Fe].[Ti],Fe/TiO2,292.903926,78.428998,28796.364765929662,70.97939707930337,0.0326362,1.0,9.07789696,0.15651879,0.12769025,2.62,67.5,B,0.5,True,co2_methanol,yaml_analytic_thermo_microkinetic,50.8482,2.031878018059303e-05,48.9935,,1.8877,0.146,0.187465,low,YAML-driven analytic thermodynamic equilibrium + catalyst descriptor screen (co2_methanol). Catalyst descriptor score is weak.
co2_methanol_sweep_0164,cand_0000,[Fe].[Ti],Fe/TiO2,204.252613,49.598152,15014.604120094718,131.66298328835845,0.01743367,1.0,6.21749328,0.45814135,0.35036964,2.62,67.5,B,0.5,True,co2_methanol,yaml_analytic_thermo_microkinetic,35.148,0.00014268665988456216,46.0188,,1.6671,0.1434,0.172906,low,YAML-driven analytic thermodynamic equilibrium + catalyst descriptor screen (co2_methanol). Catalyst descriptor score is weak.
co2_methanol_sweep_0165,cand_0000,[Fe].[Ti],Fe/TiO2,194.70215,86.613697,26219.23376476315,41.01228353606887,0.40780309,1.0,6.18677136,0.15156735,0.02608731,2.62,67.5,B,0.5,True,co2_methanol,yaml_analytic_thermo_microkinetic,33.4566,0.0001839573128938862,72.035,,2.6868,0.1345,0.253818,low,YAML-driven analytic thermodynamic equilibrium + catalyst descriptor screen (co2_methanol). Catalyst descriptor score is weak.
co2_methanol_sweep_0166,cand_0000,[Fe].[Ti],Fe/TiO2,286.637795,66.735765,19111.512893526615,173.63589247354793,0.11508646,1.0,4.05854048,0.45509105,0.28786089,2.62,67.5,B,0.5,True,co2_methanol,yaml_analytic_thermo_microkinetic,49.7384,2.285199278026661e-05,18.291,,0.8297,0.1517,0.072683,low,YAML-driven analytic thermodynamic equilibrium + catalyst descriptor screen (co2_methanol). Catalyst descriptor score is weak.
co2_methanol_sweep_0167,cand_0000,[Fe].[Ti],Fe/TiO2,223.087434,53.762291,8177.0593605482245,111.07240838323332,0.21297259,1.0,6.79595575,0.04629559,0.02358902,2.62,67.5,B,0.5,True,co2_methanol,yaml_analytic_thermo_microkinetic,38.4836,8.896860965616231e-05,54.8135,,2.3691,0.1595,0.229043,low,YAML-driven analytic thermodynamic equilibrium + catalyst descriptor screen (co2_methanol). Catalyst descriptor score is weak.
co2_methanol_sweep_0168,cand_0000,[Fe].[Ti],Fe/TiO2,287.410713,72.957115,20140.502886006747,110.08186555399203,0.374704,1.0,3.62329523,0.41801312,0.14290571,2.62,67.5,B,0.5,True,co2_methanol,yaml_analytic_thermo_microkinetic,49.8753,2.2519998596611823e-05,17.9079,,0.8352,0.151,0.070844,low,YAML-driven analytic thermodynamic equilibrium + catalyst descriptor screen (co2_methanol). Catalyst descriptor score is weak.
co2_methanol_sweep_0169,cand_0000,[Fe].[Ti],Fe/TiO2,212.229362,99.878481,19937.593204113127,30.826149496249688,0.26384081,1.0,9.8591817,0.41077468,0.07209152,2.62,67.5,B,0.5,True,co2_methanol,yaml_analytic_thermo_microkinetic,36.5607,0.00011629419458249683,79.9105,,2.5195,0.1507,0.315465,low,YAML-driven analytic thermodynamic equilibrium + catalyst descriptor screen (co2_methanol). Catalyst descriptor score is weak.
co2_methanol_sweep_0170,cand_0000,[Fe].[Ti],Fe/TiO2,273.799002,40.249306,13953.379931056248,78.5701054651766,0.02869437,1.0,5.78153091,0.23946418,0.02965094,2.62,67.5,B,0.5,True,co2_methanol,yaml_analytic_thermo_microkinetic,47.4647,2.9317370541508857e-05,23.2251,,1.0581,0.1616,0.098363,low,YAML-driven analytic thermodynamic equilibrium + catalyst descriptor screen (co2_methanol). Catalyst descriptor score is weak.
co2_methanol_sweep_0171,cand_0000,[Fe].[Ti],Fe/TiO2,287.286915,32.262344,2266.446579097304,93.58741680324904,0.03797758,1.0,4.86380024,0.36256396,0.18479816,2.62,67.5,B,0.5,True,co2_methanol,yaml_analytic_thermo_microkinetic,49.8534,2.2572786435227595e-05,10.7501,,0.4489,0.1511,0.042558,low,YAML-driven analytic thermodynamic equilibrium + catalyst descriptor screen (co2_methanol). Catalyst descriptor score is weak.
co2_methanol_sweep_0172,cand_0000,[Fe].[Ti],Fe/TiO2,220.408998,80.851436,25431.20717924466,199.57311900924935,0.08991025,1.0,5.58275695,0.4636635,0.46501614,2.62,67.5,B,0.5,True,co2_methanol,yaml_analytic_thermo_microkinetic,38.0093,9.494126932042447e-05,50.0868,,1.8157,0.1575,0.206659,low,YAML-driven analytic thermodynamic equilibrium + catalyst descriptor screen (co2_methanol). Catalyst descriptor score is weak.
co2_methanol_sweep_0173,cand_0000,[Fe].[Ti],Fe/TiO2,258.024775,72.78384,2881.1884194918716,178.80474395763653,0.22738721,1.0,3.96388043,0.21266031,0.31540631,2.62,67.5,B,0.5,True,co2_methanol,yaml_analytic_thermo_microkinetic,44.6711,4.0478638328855595e-05,30.7779,,1.4354,0.169,0.13628,low,YAML-driven analytic thermodynamic equilibrium + catalyst descriptor screen (co2_methanol). Catalyst descriptor score is weak.
co2_methanol_sweep_0174,cand_0000,[Fe].[Ti],Fe/TiO2,211.729497,86.37607,4683.140926994229,122.2350211173803,0.09271064,1.0,3.57860407,0.40608138,0.34400692,2.62,67.5,B,0.5,True,co2_methanol,yaml_analytic_thermo_microkinetic,36.4722,0.00011777102601909643,40.3584,,1.7168,0.1502,0.158857,low,YAML-driven analytic thermodynamic equilibrium + catalyst descriptor screen (co2_methanol). Catalyst descriptor score is weak.
co2_methanol_sweep_0175,cand_0000,[Fe].[Ti],Fe/TiO2,279.93299,25.174753,28604.374675009378,89.24589908584433,0.02428488,1.0,7.31242546,0.21008907,0.40226428,2.62,67.5,B,0.5,True,co2_methanol,yaml_analytic_thermo_microkinetic,48.551,2.5989814927652508e-05,16.008,,0.7518,0.1572,0.065938,low,YAML-driven analytic thermodynamic equilibrium + catalyst descriptor screen (co2_methanol). Catalyst descriptor score is weak.
co2_methanol_sweep_0176,cand_0000,[Fe].[Ti],Fe/TiO2,201.079618,22.916862,19803.797314917734,151.26898194733394,0.35264154,1.0,6.52631381,0.04968266,0.13801053,2.62,67.5,B,0.5,True,co2_methanol,yaml_analytic_thermo_microkinetic,34.5861,0.00015507689142944372,36.716,,1.8021,0.1404,0.135098,low,YAML-driven analytic thermodynamic equilibrium + catalyst descriptor screen (co2_methanol). Catalyst descriptor score is weak.
co2_methanol_sweep_0177,cand_0000,[Fe].[Ti],Fe/TiO2,210.272595,57.382602,26234.15097931513,133.36305520044652,0.39879265,1.0,2.73180647,0.02385899,0.36153415,2.62,67.5,B,0.5,True,co2_methanol,yaml_analytic_thermo_microkinetic,36.2141,0.0001222014434442111,31.2862,,2.0355,0.1489,0.122081,low,YAML-driven analytic thermodynamic equilibrium + catalyst descriptor screen (co2_methanol). Catalyst descriptor score is weak.
co2_methanol_sweep_0178,cand_0000,[Fe].[Ti],Fe/TiO2,278.783041,68.643397,20327.43454706483,54.65295109516587,0.42138482,1.0,8.20880521,0.35017329,0.35846945,2.62,67.5,B,0.5,True,co2_methanol,yaml_analytic_thermo_microkinetic,48.3473,2.6578072250120243e-05,39.1559,,1.4725,0.1581,0.162192,low,YAML-driven analytic thermodynamic equilibrium + catalyst descriptor screen (co2_methanol). Catalyst descriptor score is weak.
co2_methanol_sweep_0179,cand_0000,[Fe].[Ti],Fe/TiO2,186.578894,92.336991,23811.18522897818,143.3091426557323,0.26871061,1.0,8.51125183,0.18265956,0.19755702,2.62,67.5,B,0.5,True,co2_methanol,yaml_analytic_thermo_microkinetic,32.018,0.0002302344985126213,84.9272,,2.9666,0.1272,0.282951,low,YAML-driven analytic thermodynamic equilibrium + catalyst descriptor screen (co2_methanol). Catalyst descriptor score is weak.
co2_methanol_sweep_0180,cand_0000,[Fe].[Ti],Fe/TiO2,185.258184,35.580353,17938.495743444713,147.20198816369097,0.38607858,1.0,8.95219503,0.33271888,0.11365695,2.62,67.5,B,0.5,True,co2_methanol,yaml_analytic_thermo_microkinetic,31.7841,0.00023896877947884252,57.5294,,1.9529,0.126,0.189947,low,YAML-driven analytic thermodynamic equilibrium + catalyst descriptor screen (co2_methanol). Catalyst descriptor score is weak.
co2_methanol_sweep_0181,cand_0000,[Fe].[Ti],Fe/TiO2,203.024406,41.919253,4127.918293105661,76.00530003603694,0.27262789,1.0,2.68543453,0.27413025,0.33477355,2.62,67.5,B,0.5,True,co2_methanol,yaml_analytic_thermo_microkinetic,34.9305,0.0001473413004509681,21.1372,,1.1569,0.1423,0.078784,low,YAML-driven analytic thermodynamic equilibrium + catalyst descriptor screen (co2_methanol). Catalyst descriptor score is weak.
co2_methanol_sweep_0182,cand_0000,[Fe].[Ti],Fe/TiO2,276.464443,42.224863,16427.602888744575,191.66358172673844,0.04864881,1.0,9.96916907,0.13704298,0.27419816,2.62,67.5,B,0.5,True,co2_methanol,yaml_analytic_thermo_microkinetic,47.9367,2.7812869456106938e-05,37.1929,,1.57,0.1598,0.155729,low,YAML-driven analytic thermodynamic equilibrium + catalyst descriptor screen (co2_methanol). Catalyst descriptor score is weak.
co2_methanol_sweep_0183,cand_0000,[Fe].[Ti],Fe/TiO2,297.208085,50.130859,27839.13363544673,63.457497625351195,0.40707782,1.0,6.49112373,0.09765833,0.24953024,2.62,67.5,B,0.5,True,co2_methanol,yaml_analytic_thermo_microkinetic,51.6104,1.8771436660683872e-05,27.7844,,1.3679,0.142,0.103401,low,YAML-driven analytic thermodynamic equilibrium + catalyst descriptor screen (co2_methanol). Catalyst descriptor score is weak.
co2_methanol_sweep_0184,cand_0000,[Fe].[Ti],Fe/TiO2,280.735613,76.200941,7807.263056264643,57.20934804979565,0.44751296,1.0,7.7025333,0.4512843,0.48130513,2.62,67.5,B,0.5,True,co2_methanol,yaml_analytic_thermo_microkinetic,48.6931,2.5588374707086417e-05,37.1726,,1.3864,0.1566,0.152503,low,YAML-driven analytic thermodynamic equilibrium + catalyst descriptor screen (co2_methanol). Catalyst descriptor score is weak.
co2_methanol_sweep_0185,cand_0000,[Fe].[Ti],Fe/TiO2,213.94694,73.57327,16056.986071639054,104.25317206663794,0.18487292,1.0,3.17449564,0.07254653,0.36882749,2.62,67.5,B,0.5,True,co2_methanol,yaml_analytic_thermo_microkinetic,36.8649,0.00011138136515487282,39.158,,2.0683,0.1522,0.156123,low,YAML-driven analytic thermodynamic equilibrium + catalyst descriptor screen (co2_methanol). Catalyst descriptor score is weak.
co2_methanol_sweep_0186,cand_0000,[Fe].[Ti],Fe/TiO2,261.061947,97.009776,25651.55368539961,73.81189752163667,0.46304561,1.0,7.25407265,0.24392958,0.18590516,2.62,67.5,B,0.5,True,co2_methanol,yaml_analytic_thermo_microkinetic,45.2089,3.79846122791984e-05,55.0199,,2.0053,0.1681,0.242339,low,YAML-driven analytic thermodynamic equilibrium + catalyst descriptor screen (co2_methanol). Catalyst descriptor score is weak.
co2_methanol_sweep_0187,cand_0000,[Fe].[Ti],Fe/TiO2,225.686263,72.147574,19031.325691122973,161.53078305360563,0.09759853,1.0,4.49312583,0.49157272,0.1914373,2.62,67.5,B,0.5,True,co2_methanol,yaml_analytic_thermo_microkinetic,38.9439,8.358857517888553e-05,38.1364,,1.516,0.1613,0.161172,low,YAML-driven analytic thermodynamic equilibrium + catalyst descriptor screen (co2_methanol). Catalyst descriptor score is weak.
co2_methanol_sweep_0188,cand_0000,[Fe].[Ti],Fe/TiO2,267.712726,30.597695,21636.879766963797,68.20258908286867,0.21563699,1.0,6.71138019,0.00467211,0.21950354,2.62,67.5,B,0.5,True,co2_methanol,yaml_analytic_thermo_microkinetic,46.3868,3.3129342964804845e-05,27.8308,,1.6718,0.1653,0.120499,low,YAML-driven analytic thermodynamic equilibrium + catalyst descriptor screen (co2_methanol). Catalyst descriptor score is weak.
co2_methanol_sweep_0189,cand_0000,[Fe].[Ti],Fe/TiO2,207.223905,99.301092,8734.743695838506,14.658776435071186,0.35010988,1.0,5.43557103,0.22961394,0.10700583,2.62,67.5,B,0.5,True,co2_methanol,yaml_analytic_thermo_microkinetic,35.6742,0.00013211486840634042,64.949,,2.4234,0.1462,0.248716,low,YAML-driven analytic thermodynamic equilibrium + catalyst descriptor screen (co2_methanol). Catalyst descriptor score is weak.
co2_methanol_sweep_0190,cand_0000,[Fe].[Ti],Fe/TiO2,244.025202,36.988243,28476.40442075523,26.11325670738378,0.34456205,1.0,9.6516737,0.38910579,0.14630399,2.62,67.5,B,0.5,True,co2_methanol,yaml_analytic_thermo_microkinetic,42.1917,5.4792758321602506e-05,35.3357,,1.3282,0.1694,0.156871,low,YAML-driven analytic thermodynamic equilibrium + catalyst descriptor screen (co2_methanol). Catalyst descriptor score is weak.
co2_methanol_sweep_0191,cand_0000,[Fe].[Ti],Fe/TiO2,286.111544,55.090628,7136.833351446602,59.5783601826626,0.33573743,1.0,4.17799041,0.44982517,0.47129719,2.62,67.5,B,0.5,True,co2_methanol,yaml_analytic_thermo_microkinetic,49.6452,2.3081365357043147e-05,14.1869,,0.6371,0.1521,0.056544,low,YAML-driven analytic thermodynamic equilibrium + catalyst descriptor screen (co2_methanol). Catalyst descriptor score is weak.
co2_methanol_sweep_0192,cand_0000,[Fe].[Ti],Fe/TiO2,264.730673,79.300804,12805.889766529375,137.86400056999526,0.49939812,1.0,5.28717772,0.09159797,0.07455911,2.62,67.5,B,0.5,True,co2_methanol,yaml_analytic_thermo_microkinetic,45.8587,3.5209709550595086e-05,42.5737,,1.9334,0.1667,0.185927,low,YAML-driven analytic thermodynamic equilibrium + catalyst descriptor screen (co2_methanol). Catalyst descriptor score is weak.
co2_methanol_sweep_0193,cand_0000,[Fe].[Ti],Fe/TiO2,271.519509,77.443176,17786.270203701995,170.39697819431535,0.20181799,1.0,8.14744613,0.14467277,0.03890295,2.62,67.5,B,0.5,True,co2_methanol,yaml_analytic_thermo_microkinetic,47.061,3.068096557534841e-05,52.1981,,2.0139,0.1631,0.223056,low,YAML-driven analytic thermodynamic equilibrium + catalyst descriptor screen (co2_methanol). Catalyst descriptor score is weak.
co2_methanol_sweep_0194,cand_0000,[Fe].[Ti],Fe/TiO2,217.618221,29.452291,11066.960383233123,186.3056602876292,0.21125517,1.0,8.00279987,0.1208925,0.13033207,2.62,67.5,B,0.5,True,co2_methanol,yaml_analytic_thermo_microkinetic,37.5151,0.00010166804512424049,40.9074,,1.7335,0.1553,0.166406,low,YAML-driven analytic thermodynamic equilibrium + catalyst descriptor screen (co2_methanol). Catalyst descriptor score is weak.
co2_methanol_sweep_0195,cand_0000,[Fe].[Ti],Fe/TiO2,216.000702,32.954593,28055.430874684418,61.78593479467713,0.33884767,1.0,5.72834194,0.27729711,0.39246049,2.62,67.5,B,0.5,True,co2_methanol,yaml_analytic_thermo_microkinetic,37.2286,0.00010582073662812528,30.3359,,1.2979,0.1539,0.122339,low,YAML-driven analytic thermodynamic equilibrium + catalyst descriptor screen (co2_methanol). Catalyst descriptor score is weak.
co2_methanol_sweep_0196,cand_0000,[Fe].[Ti],Fe/TiO2,201.91368,80.202274,21402.969265699183,168.5896734854651,0.10040847,1.0,8.25791349,0.07222836,0.14193706,2.62,67.5,B,0.5,True,co2_methanol,yaml_analytic_thermo_microkinetic,34.7338,0.00015170301085489174,78.5167,,2.9547,0.1412,0.290513,low,YAML-driven analytic thermodynamic equilibrium + catalyst descriptor screen (co2_methanol). Catalyst descriptor score is weak.
co2_methanol_sweep_0197,cand_0000,[Fe].[Ti],Fe/TiO2,289.324197,73.660865,2560.7246100930784,101.62145254369486,0.45421413,1.0,5.68440404,0.17149585,0.04182979,2.62,67.5,B,0.5,True,co2_methanol,yaml_analytic_thermo_microkinetic,50.2142,2.1722455052509833e-05,34.2529,,1.5131,0.1493,0.133982,low,YAML-driven analytic thermodynamic equilibrium + catalyst descriptor screen (co2_methanol). Catalyst descriptor score is weak.
co2_methanol_sweep_0198,cand_0000,[Fe].[Ti],Fe/TiO2,224.03622,37.624478,14411.750275888375,106.91078322702796,0.3120755,1.0,7.66814801,0.46951204,0.44235514,2.62,67.5,B,0.5,True,co2_methanol,yaml_analytic_thermo_microkinetic,38.6517,8.695888195620687e-05,34.3309,,1.3,0.1602,0.144066,low,YAML-driven analytic thermodynamic equilibrium + catalyst descriptor screen (co2_methanol). Catalyst descriptor score is weak.
co2_methanol_sweep_0199,cand_0000,[Fe].[Ti],Fe/TiO2,234.030424,81.838848,27363.223075119702,172.45707717467377,0.06706134,1.0,3.31232315,0.48047003,0.36433822,2.62,67.5,B,0.5,True,co2_methanol,yaml_analytic_thermo_microkinetic,40.4217,6.871396676645779e-05,28.8631,,1.2978,0.1661,0.125622,low,YAML-driven analytic thermodynamic equilibrium + catalyst descriptor screen (co2_methanol). Catalyst descriptor score is weak.
co2_methanol_sweep_0000,cand_0001,[Pt].[Ti],Pt/TiO2,246.735626,88.224449,20639.796291212406,195.32611881108593,0.29506094,1.0,7.91623291,0.38309715,0.48303484,0.2186077413190132,65.0,B,0.3333333333333333,True,co2_methanol,yaml_analytic_thermo_microkinetic,42.6717,5.160733815142072e-05,56.1881,,1.9187,0.2098,0.025769,high,YAML-driven analytic thermodynamic equilibrium + catalyst descriptor screen (co2_methanol).
co2_methanol_sweep_0001,cand_0001,[Pt].[Ti],Pt/TiO2,248.323132,91.419846,5728.088276607439,187.13786883609566,0.1754431,1.0,7.2142454,0.47639146,0.3794319,0.2186077413190132,65.0,B,0.3333333333333333,True,co2_methanol,yaml_analytic_thermo_microkinetic,42.9529,4.984273597358213e-05,52.58,,1.8019,0.2099,0.024132,high,YAML-driven analytic thermodynamic equilibrium + catalyst descriptor screen (co2_methanol).
co2_methanol_sweep_0002,cand_0001,[Pt].[Ti],Pt/TiO2,198.867249,63.574473,11264.13163592104,171.51149392287354,0.30661369,1.0,9.16967649,0.30257325,0.1602672,0.2186077413190132,65.0,B,0.3333333333333333,True,co2_methanol,yaml_analytic_thermo_microkinetic,34.1943,0.0001644560674238866,71.4722,,2.3497,0.1709,0.026706,low,YAML-driven analytic thermodynamic equilibrium + catalyst descriptor screen (co2_methanol). Catalyst descriptor score is weak.
co2_methanol_sweep_0003,cand_0001,[Pt].[Ti],Pt/TiO2,186.73297,67.922145,15094.659059478216,93.49141525304171,0.24079238,1.0,5.07382842,0.15813809,0.42258123,0.2186077413190132,65.0,B,0.3333333333333333,True,co2_methanol,yaml_analytic_thermo_microkinetic,32.0453,0.00022923976279861426,60.0795,,2.3972,0.1573,0.020653,low,YAML-driven analytic thermodynamic equilibrium + catalyst descriptor screen (co2_methanol). Catalyst descriptor score is weak.
co2_methanol_sweep_0004,cand_0001,[Pt].[Ti],Pt/TiO2,293.804505,94.651816,18734.262186421387,149.06647599771114,0.16381074,1.0,7.79480314,0.09443273,0.29332547,0.2186077413190132,65.0,B,0.3333333333333333,True,co2_methanol,yaml_analytic_thermo_microkinetic,51.0076,1.9982817811504382e-05,51.1394,,2.0902,0.1794,0.020054,low,YAML-driven analytic thermodynamic equilibrium + catalyst descriptor screen (co2_methanol). Catalyst descriptor score is weak.
co2_methanol_sweep_0005,cand_0001,[Pt].[Ti],Pt/TiO2,219.337709,51.266929,18141.962885719684,90.23919519182486,0.41298809,1.0,5.52670961,0.4865313,0.09677918,0.2186077413190132,65.0,B,0.3333333333333333,True,co2_methanol,yaml_analytic_thermo_microkinetic,37.8196,9.746021461895845e-05,36.3132,,1.4081,0.1935,0.015361,low,YAML-driven analytic thermodynamic equilibrium + catalyst descriptor screen (co2_methanol). Catalyst descriptor score is weak.
co2_methanol_sweep_0006,cand_0001,[Pt].[Ti],Pt/TiO2,193.390503,90.344099,10232.012851653484,180.09267454159775,0.44333787,1.0,3.92852302,0.31573709,0.23804818,0.2186077413190132,65.0,B,0.3333333333333333,True,co2_methanol,yaml_analytic_thermo_microkinetic,33.2243,0.00019064390369862697,51.4586,,2.1089,0.1646,0.01852,low,YAML-driven analytic thermodynamic equilibrium + catalyst descriptor screen (co2_methanol). Catalyst descriptor score is weak.
co2_methanol_sweep_0007,cand_0001,[Pt].[Ti],Pt/TiO2,272.724651,75.372504,18080.428420262127,190.93104257683171,0.13132226,1.0,7.57326388,0.23608691,0.2005875,0.2186077413190132,65.0,B,0.3333333333333333,True,co2_methanol,yaml_analytic_thermo_microkinetic,47.2744,2.995091195383079e-05,46.1322,,1.7524,0.2005,0.020225,high,YAML-driven analytic thermodynamic equilibrium + catalyst descriptor screen (co2_methanol).
co2_methanol_sweep_0008,cand_0001,[Pt].[Ti],Pt/TiO2,221.619169,38.178568,6681.710997495642,96.2175696524277,0.48890821,1.0,5.95876729,0.31446354,0.22397868,0.2186077413190132,65.0,B,0.3333333333333333,True,co2_methanol,yaml_analytic_thermo_microkinetic,38.2236,9.218656674157049e-05,32.5515,,1.3439,0.1957,0.013924,low,YAML-driven analytic thermodynamic equilibrium + catalyst descriptor screen (co2_methanol). Catalyst descriptor score is weak.
co2_methanol_sweep_0009,cand_0001,[Pt].[Ti],Pt/TiO2,296.487958,87.506424,29431.83761616353,155.94002302743812,0.23084521,1.0,7.82825625,0.08610742,0.37304025,0.2186077413190132,65.0,B,0.3333333333333333,True,co2_methanol,yaml_analytic_thermo_microkinetic,51.4829,1.9020273937628184e-05,47.8813,,2.016,0.1763,0.018453,low,YAML-driven analytic thermodynamic equilibrium + catalyst descriptor screen (co2_methanol). Catalyst descriptor score is weak.
co2_methanol_sweep_0010,cand_0001,[Pt].[Ti],Pt/TiO2,231.801412,47.837445,13646.037146146755,153.06886194469183,0.43977488,1.0,8.59909152,0.2831941,0.34134531,0.2186077413190132,65.0,B,0.3333333333333333,True,co2_methanol,yaml_analytic_thermo_microkinetic,40.0269,7.236079805988751e-05,46.5793,,1.7079,0.2038,0.020755,high,YAML-driven analytic thermodynamic equilibrium + catalyst descriptor screen (co2_methanol).
co2_methanol_sweep_0011,cand_0001,[Pt].[Ti],Pt/TiO2,229.703237,57.799582,9958.676305620156,94.83216122679765,0.31404745,1.0,8.66215375,0.39924622,0.42842429,0.2186077413190132,65.0,B,0.3333333333333333,True,co2_methanol,yaml_analytic_thermo_microkinetic,39.6553,7.600205716492798e-05,51.2808,,1.762,0.2024,0.022688,high,YAML-driven analytic thermodynamic equilibrium + catalyst descriptor screen (co2_methanol).
co2_methanol_sweep_0012,cand_0001,[Pt].[Ti],Pt/TiO2,288.382912,43.56494,23963.47917370313,65.71291182377324,0.06325073,1.0,2.64365677,0.22683533,0.04507706,0.2186077413190132,65.0,B,0.3333333333333333,True,co2_methanol,yaml_analytic_thermo_microkinetic,50.0475,2.2110511955541606e-05,10.243,,0.5462,0.1855,0.004153,low,YAML-driven analytic thermodynamic equilibrium + catalyst descriptor screen (co2_methanol). Catalyst descriptor score is weak.
co2_methanol_sweep_0013,cand_0001,[Pt].[Ti],Pt/TiO2,270.132749,82.113244,21117.089389699868,87.29411964596406,0.01774349,1.0,7.47614436,0.08386056,0.35699409,0.2186077413190132,65.0,B,0.3333333333333333,True,co2_methanol,yaml_analytic_thermo_microkinetic,46.8154,3.154725773136789e-05,53.1576,,2.1821,0.2025,0.023532,high,YAML-driven analytic thermodynamic equilibrium + catalyst descriptor screen (co2_methanol).
co2_methanol_sweep_0014,cand_0001,[Pt].[Ti],Pt/TiO2,213.416426,90.568312,20455.25181038851,17.062668787328086,0.14570134,1.0,9.08965922,0.43891977,0.07593173,0.2186077413190132,65.0,B,0.3333333333333333,True,co2_methanol,yaml_analytic_thermo_microkinetic,36.7709,0.00011287256556999238,74.5763,,2.3553,0.1874,0.030554,low,YAML-driven analytic thermodynamic equilibrium + catalyst descriptor screen (co2_methanol). Catalyst descriptor score is weak.
co2_methanol_sweep_0015,cand_0001,[Pt].[Ti],Pt/TiO2,207.849541,30.940061,9828.177795040414,169.73627163484025,0.23626502,1.0,7.63833543,0.05167535,0.45213869,0.2186077413190132,65.0,B,0.3333333333333333,True,co2_methanol,yaml_analytic_thermo_microkinetic,35.785,0.00013000646564202464,45.6836,,2.0548,0.1813,0.018102,low,YAML-driven analytic thermodynamic equilibrium + catalyst descriptor screen (co2_methanol). Catalyst descriptor score is weak.
co2_methanol_sweep_0016,cand_0001,[Pt].[Ti],Pt/TiO2,211.137958,62.164942,29836.116984404838,158.28450548221508,0.14913283,1.0,8.81675755,0.28602271,0.32494299,0.2186077413190132,65.0,B,0.3333333333333333,True,co2_methanol,yaml_analytic_thermo_microkinetic,36.3674,0.00011954697854222866,64.9982,,2.1901,0.1849,0.026278,low,YAML-driven analytic thermodynamic equilibrium + catalyst descriptor screen (co2_methanol). Catalyst descriptor score is weak.
co2_methanol_sweep_0017,cand_0001,[Pt].[Ti],Pt/TiO2,222.024864,84.607079,9310.417068184961,114.34768365007717,0.22127323,1.0,7.42053367,0.11015543,0.08607068,0.2186077413190132,65.0,B,0.3333333333333333,True,co2_methanol,yaml_analytic_thermo_microkinetic,38.2955,9.12840304565899e-05,69.1461,,2.5913,0.1961,0.029635,low,YAML-driven analytic thermodynamic equilibrium + catalyst descriptor screen (co2_methanol). Catalyst descriptor score is weak.
co2_methanol_sweep_0018,cand_0001,[Pt].[Ti],Pt/TiO2,224.715906,20.29321,17493.580340372042,188.53693095954083,0.28244597,1.0,7.06244354,0.26043427,0.3652596,0.2186077413190132,65.0,B,0.3333333333333333,True,co2_methanol,yaml_analytic_thermo_microkinetic,38.7721,8.555171455517959e-05,21.2792,,0.9567,0.1984,0.009231,low,YAML-driven analytic thermodynamic equilibrium + catalyst descriptor screen (co2_methanol). Catalyst descriptor score is weak.
co2_methanol_sweep_0019,cand_0001,[Pt].[Ti],Pt/TiO2,277.115851,33.778386,18924.79939624104,91.87112110742538,0.21835144,1.0,5.66875065,0.25568251,0.24307838,0.2186077413190132,65.0,B,0.3333333333333333,True,co2_methanol,yaml_analytic_thermo_microkinetic,48.0521,2.7459210236136814e-05,16.9409,,0.79,0.1968,0.00729,low,YAML-driven analytic thermodynamic equilibrium + catalyst descriptor screen (co2_methanol). Catalyst descriptor score is weak.
co2_methanol_sweep_0020,cand_0001,[Pt].[Ti],Pt/TiO2,227.935355,83.233595,3087.7700412747167,161.15777450660468,0.28407269,1.0,5.2178059,0.07542553,0.47547937,0.2186077413190132,65.0,B,0.3333333333333333,True,co2_methanol,yaml_analytic_thermo_microkinetic,39.3422,7.923726215715945e-05,53.8915,,2.35,0.2011,0.023687,high,YAML-driven analytic thermodynamic equilibrium + catalyst descriptor screen (co2_methanol).
co2_methanol_sweep_0021,cand_0001,[Pt].[Ti],Pt/TiO2,197.809717,38.41884,3499.2715026603832,18.397518156414446,0.09515989,1.0,8.1097614,0.06708848,0.01738772,0.2186077413190132,65.0,B,0.3333333333333333,True,co2_methanol,yaml_analytic_thermo_microkinetic,34.007,0.00016917068863980545,59.3484,,2.3838,0.1697,0.022017,low,YAML-driven analytic thermodynamic equilibrium + catalyst descriptor screen (co2_methanol). Catalyst descriptor score is weak.
co2_methanol_sweep_0022,cand_0001,[Pt].[Ti],Pt/TiO2,283.538942,88.80305,26655.165182724315,69.90513502064033,0.08026638,1.0,2.2843683,0.16370285,0.32921018,0.2186077413190132,65.0,B,0.3333333333333333,True,co2_methanol,yaml_analytic_thermo_microkinetic,49.1896,2.4242824394880343e-05,18.6973,,1.2333,0.1906,0.007791,low,YAML-driven analytic thermodynamic equilibrium + catalyst descriptor screen (co2_methanol). Catalyst descriptor score is weak.
co2_methanol_sweep_0023,cand_0001,[Pt].[Ti],Pt/TiO2,277.336793,59.735335,24907.68791795768,135.2310056652788,0.20434385,1.0,2.85012842,0.00015797,0.46939757,0.2186077413190132,65.0,B,0.3333333333333333,True,co2_methanol,yaml_analytic_thermo_microkinetic,48.0912,2.7340469724736415e-05,21.9223,,1.6184,0.1966,0.009423,low,YAML-driven analytic thermodynamic equilibrium + catalyst descriptor screen (co2_methanol). Catalyst descriptor score is weak.
co2_methanol_sweep_0024,cand_0001,[Pt].[Ti],Pt/TiO2,223.726345,62.867555,8418.540195672571,108.28162803338304,0.18781359,1.0,9.77602469,0.14700891,0.00422419,0.2186077413190132,65.0,B,0.3333333333333333,True,co2_methanol,yaml_analytic_thermo_microkinetic,38.5968,8.760937902956485e-05,67.3529,,2.39,0.1976,0.029092,low,YAML-driven analytic thermodynamic equilibrium + catalyst descriptor screen (co2_methanol). Catalyst descriptor score is weak.
co2_methanol_sweep_0025,cand_0001,[Pt].[Ti],Pt/TiO2,208.333557,69.611269,8649.896233931673,64.5368219849615,0.03192586,1.0,3.15944255,0.39717044,0.39830585,0.2186077413190132,65.0,B,0.3333333333333333,True,co2_methanol,yaml_analytic_thermo_microkinetic,35.8707,0.00012840212119414089,32.409,,1.4796,0.1818,0.012881,low,YAML-driven analytic thermodynamic equilibrium + catalyst descriptor screen (co2_methanol). Catalyst descriptor score is weak.
co2_methanol_sweep_0026,cand_0001,[Pt].[Ti],Pt/TiO2,299.3269,76.997468,2742.803259009996,29.2767889738252,0.49548969,1.0,2.95200897,0.44571148,0.48815254,0.2186077413190132,65.0,B,0.3333333333333333,True,co2_methanol,yaml_analytic_thermo_microkinetic,51.9857,1.806147864399054e-05,11.3682,,0.5191,0.173,0.0043,low,YAML-driven analytic thermodynamic equilibrium + catalyst descriptor screen (co2_methanol). Catalyst descriptor score is weak.
co2_methanol_sweep_0027,cand_0001,[Pt].[Ti],Pt/TiO2,289.121365,22.750498,27070.141242859092,120.99940969714419,0.28627854,1.0,6.14796205,0.08084284,0.39511094,0.2186077413190132,65.0,B,0.3333333333333333,True,co2_methanol,yaml_analytic_thermo_microkinetic,50.1783,2.18053859854299e-05,14.0958,,0.7632,0.1846,0.00569,low,YAML-driven analytic thermodynamic equilibrium + catalyst descriptor screen (co2_methanol). Catalyst descriptor score is weak.
co2_methanol_sweep_0028,cand_0001,[Pt].[Ti],Pt/TiO2,181.028132,44.430077,11936.519671205924,192.4825779478848,0.38223526,1.0,3.694641,0.06964915,0.38895221,0.2186077413190132,65.0,B,0.3333333333333333,True,co2_methanol,yaml_analytic_thermo_microkinetic,31.0349,0.0002696291572188191,41.8044,,2.1052,0.1513,0.013826,low,YAML-driven analytic thermodynamic equilibrium + catalyst descriptor screen (co2_methanol). Catalyst descriptor score is weak.
co2_methanol_sweep_0029,cand_0001,[Pt].[Ti],Pt/TiO2,235.220261,38.961583,15589.37674897597,166.3646608889651,0.10303809,1.0,5.14130474,0.28995541,0.47472714,0.2186077413190132,65.0,B,0.3333333333333333,True,co2_methanol,yaml_analytic_thermo_microkinetic,40.6324,6.685555281084984e-05,26.405,,1.1696,0.2059,0.011884,high,YAML-driven analytic thermodynamic equilibrium + catalyst descriptor screen (co2_methanol).
co2_methanol_sweep_0030,cand_0001,[Pt].[Ti],Pt/TiO2,271.902343,98.481273,28987.430296124698,46.241884257353945,0.07533065,1.0,6.01575937,0.10599223,0.13646857,0.2186077413190132,65.0,B,0.3333333333333333,True,co2_methanol,yaml_analytic_thermo_microkinetic,47.1288,3.044679203094699e-05,51.6011,,2.1422,0.2012,0.022695,high,YAML-driven analytic thermodynamic equilibrium + catalyst descriptor screen (co2_methanol).
co2_methanol_sweep_0031,cand_0001,[Pt].[Ti],Pt/TiO2,215.77549,45.429647,14508.729656418804,25.011846821406436,0.0143804,1.0,2.22184412,0.43440834,0.41563496,0.2186077413190132,65.0,B,0.3333333333333333,True,co2_methanol,yaml_analytic_thermo_microkinetic,37.1887,0.00010641446316132456,13.6235,,0.8498,0.1899,0.005656,low,YAML-driven analytic thermodynamic equilibrium + catalyst descriptor screen (co2_methanol). Catalyst descriptor score is weak.
co2_methanol_sweep_0032,cand_0001,[Pt].[Ti],Pt/TiO2,238.910059,58.757889,18510.681760026277,99.90853850456234,0.25543834,1.0,6.59415307,0.17922416,0.30714032,0.2186077413190132,65.0,B,0.3333333333333333,True,co2_methanol,yaml_analytic_thermo_microkinetic,41.2858,6.145581266214869e-05,46.0644,,1.8413,0.2077,0.020911,high,YAML-driven analytic thermodynamic equilibrium + catalyst descriptor screen (co2_methanol).
co2_methanol_sweep_0033,cand_0001,[Pt].[Ti],Pt/TiO2,198.047418,60.733787,23100.139188472687,55.5721546717839,0.19994713,1.0,8.3953804,0.41736151,0.3845634,0.2186077413190132,65.0,B,0.3333333333333333,True,co2_methanol,yaml_analytic_thermo_microkinetic,34.0491,0.00016809748754403043,65.1899,,2.1247,0.17,0.024223,low,YAML-driven analytic thermodynamic equilibrium + catalyst descriptor screen (co2_methanol). Catalyst descriptor score is weak.
co2_methanol_sweep_0034,cand_0001,[Pt].[Ti],Pt/TiO2,215.367971,75.763542,25984.69996624807,150.85333769545213,0.46123868,1.0,4.46728036,0.39281249,0.47787217,0.2186077413190132,65.0,B,0.3333333333333333,True,co2_methanol,yaml_analytic_thermo_microkinetic,37.1165,0.00010749869185483921,41.6471,,1.6764,0.1895,0.017251,low,YAML-driven analytic thermodynamic equilibrium + catalyst descriptor screen (co2_methanol). Catalyst descriptor score is weak.
co2_methanol_sweep_0035,cand_0001,[Pt].[Ti],Pt/TiO2,239.973915,45.927401,29686.855718045383,48.511859362046955,0.38895934,1.0,9.25715069,0.44487686,0.26406596,0.2186077413190132,65.0,B,0.3333333333333333,True,co2_methanol,yaml_analytic_thermo_microkinetic,41.4742,5.999504152986328e-05,40.8795,,1.462,0.2081,0.018595,high,YAML-driven analytic thermodynamic equilibrium + catalyst descriptor screen (co2_methanol).
co2_methanol_sweep_0036,cand_0001,[Pt].[Ti],Pt/TiO2,251.085748,89.559331,12663.315802469602,164.12829794286725,0.07475222,1.0,7.36300633,0.37789106,0.07774337,0.2186077413190132,65.0,B,0.3333333333333333,True,co2_methanol,yaml_analytic_thermo_microkinetic,43.4422,4.693815194511963e-05,55.307,,1.9092,0.21,0.025387,high,YAML-driven analytic thermodynamic equilibrium + catalyst descriptor screen (co2_methanol).
co2_methanol_sweep_0037,cand_0001,[Pt].[Ti],Pt/TiO2,262.812258,21.27919,17010.873144292018,23.245729140384427,0.25216362,1.0,6.92884015,0.06115983,0.03371444,0.2186077413190132,65.0,B,0.3333333333333333,True,co2_methanol,yaml_analytic_thermo_microkinetic,45.5189,3.662972034152431e-05,20.3428,,1.1209,0.2069,0.0092,high,YAML-driven analytic thermodynamic equilibrium + catalyst descriptor screen (co2_methanol).
co2_methanol_sweep_0038,cand_0001,[Pt].[Ti],Pt/TiO2,196.285457,95.81488,6286.08747054595,177.47363454511907,0.30465058,1.0,8.06934147,0.03130531,0.38145778,0.2186077413190132,65.0,B,0.3333333333333333,True,co2_methanol,yaml_analytic_thermo_microkinetic,33.737,0.0001762443235909549,83.1253,,3.3013,0.1679,0.030519,low,YAML-driven analytic thermodynamic equilibrium + catalyst descriptor screen (co2_methanol). Catalyst descriptor score is weak.
co2_methanol_sweep_0039,cand_0001,[Pt].[Ti],Pt/TiO2,248.860458,55.452995,26448.705057024326,19.57914191340952,0.07828564,1.0,4.58482144,0.49425781,0.28512786,0.2186077413190132,65.0,B,0.3333333333333333,True,co2_methanol,yaml_analytic_thermo_microkinetic,43.0481,4.926160056510798e-05,24.699,,1.0594,0.21,0.011337,high,YAML-driven analytic thermodynamic equilibrium + catalyst descriptor screen (co2_methanol).
co2_methanol_sweep_0040,cand_0001,[Pt].[Ti],Pt/TiO2,294.650191,56.207636,24774.029431299343,21.362242384119146,0.14086853,1.0,9.32605758,0.26298902,0.06366819,0.2186077413190132,65.0,B,0.3333333333333333,True,co2_methanol,yaml_analytic_thermo_microkinetic,51.1574,1.967333952499086e-05,35.6966,,1.4064,0.1784,0.013922,low,YAML-driven analytic thermodynamic equilibrium + catalyst descriptor screen (co2_methanol). Catalyst descriptor score is weak.
co2_methanol_sweep_0041,cand_0001,[Pt].[Ti],Pt/TiO2,256.420249,22.284738,11557.11495727656,50.548607429839905,0.3703482,1.0,6.37220807,0.32966974,0.00596405,0.2186077413190132,65.0,B,0.3333333333333333,True,co2_methanol,yaml_analytic_thermo_microkinetic,44.3869,4.187399243207199e-05,13.4943,,0.5953,0.2092,0.006172,high,YAML-driven analytic thermodynamic equilibrium + catalyst descriptor screen (co2_methanol).
co2_methanol_sweep_0042,cand_0001,[Pt].[Ti],Pt/TiO2,257.942943,59.309714,11788.170949364707,145.3387398764129,0.4251028,1.0,5.83450368,0.03299779,0.43851579,0.2186077413190132,65.0,B,0.3333333333333333,True,co2_methanol,yaml_analytic_thermo_microkinetic,44.6566,4.054846367747883e-05,40.301,,2.0128,0.2088,0.018395,high,YAML-driven analytic thermodynamic equilibrium + catalyst descriptor screen (co2_methanol).
co2_methanol_sweep_0043,cand_0001,[Pt].[Ti],Pt/TiO2,270.730426,96.481954,25247.556211205574,148.00788356293,0.31726238,1.0,4.41639696,0.49595959,0.49457177,0.2186077413190132,65.0,B,0.3333333333333333,True,co2_methanol,yaml_analytic_thermo_microkinetic,46.9212,3.117039441648296e-05,29.8234,,1.2521,0.2021,0.013174,high,YAML-driven analytic thermodynamic equilibrium + catalyst descriptor screen (co2_methanol).
co2_methanol_sweep_0044,cand_0001,[Pt].[Ti],Pt/TiO2,273.26103,48.971028,29514.762078582626,36.29998138336444,0.32300189,1.0,6.84944306,0.12876962,0.00100102,0.2186077413190132,65.0,B,0.3333333333333333,True,co2_methanol,yaml_analytic_thermo_microkinetic,47.3694,2.963260638062378e-05,34.0446,,1.5284,0.2001,0.014894,high,YAML-driven analytic thermodynamic equilibrium + catalyst descriptor screen (co2_methanol).
co2_methanol_sweep_0045,cand_0001,[Pt].[Ti],Pt/TiO2,184.241258,80.752107,17383.605500773985,69.56772953314878,0.12395348,1.0,8.45368547,0.0255642,0.00832192,0.2186077413190132,65.0,B,0.3333333333333333,True,co2_methanol,yaml_analytic_thermo_microkinetic,31.604,0.0002459552091619686,85.5997,,3.4069,0.1546,0.02893,low,YAML-driven analytic thermodynamic equilibrium + catalyst descriptor screen (co2_methanol). Catalyst descriptor score is weak.
co2_methanol_sweep_0046,cand_0001,[Pt].[Ti],Pt/TiO2,181.599817,69.240653,13233.245499410108,91.27581773379437,0.1342139,1.0,4.94543232,0.24210597,0.06963054,0.2186077413190132,65.0,B,0.3333333333333333,True,co2_methanol,yaml_analytic_thermo_microkinetic,31.1362,0.00026523119502525066,62.0085,,2.3626,0.1519,0.020587,low,YAML-driven analytic thermodynamic equilibrium + catalyst descriptor screen (co2_methanol). Catalyst descriptor score is weak.
co2_methanol_sweep_0047,cand_0001,[Pt].[Ti],Pt/TiO2,261.638324,65.024838,22246.335224811162,13.208962719866008,0.16765965,1.0,9.49788028,0.17304925,0.37630158,0.2186077413190132,65.0,B,0.3333333333333333,True,co2_methanol,yaml_analytic_thermo_microkinetic,45.311,3.753201587833041e-05,52.3382,,1.9512,0.2074,0.023732,high,YAML-driven analytic thermodynamic equilibrium + catalyst descriptor screen (co2_methanol).
co2_methanol_sweep_0048,cand_0001,[Pt].[Ti],Pt/TiO2,199.574184,94.005347,14639.513566959491,184.1285613132962,0.19287367,1.0,2.63526086,0.19590732,0.2971952,0.2186077413190132,65.0,B,0.3333333333333333,True,co2_methanol,yaml_analytic_thermo_microkinetic,34.3195,0.0001613893380349569,38.5791,,2.0544,0.1717,0.014484,low,YAML-driven analytic thermodynamic equilibrium + catalyst descriptor screen (co2_methanol). Catalyst descriptor score is weak.
co2_methanol_sweep_0049,cand_0001,[Pt].[Ti],Pt/TiO2,269.647045,85.725561,14878.277623975597,194.57295362796745,0.4167616,1.0,9.68698402,0.42885363,0.26139421,0.2186077413190132,65.0,B,0.3333333333333333,True,co2_methanol,yaml_analytic_thermo_microkinetic,46.7294,3.185749189001848e-05,52.9583,,1.7703,0.2028,0.023483,high,YAML-driven analytic thermodynamic equilibrium + catalyst descriptor screen (co2_methanol).
co2_methanol_sweep_0050,cand_0001,[Pt].[Ti],Pt/TiO2,251.818844,74.832623,6090.618835039588,136.2099645310589,0.125302,1.0,7.32011861,0.21679023,0.23040776,0.2186077413190132,65.0,B,0.3333333333333333,True,co2_methanol,yaml_analytic_thermo_microkinetic,43.572,4.6201119118510405e-05,52.0715,,1.9438,0.2099,0.023898,high,YAML-driven analytic thermodynamic equilibrium + catalyst descriptor screen (co2_methanol).
co2_methanol_sweep_0051,cand_0001,[Pt].[Ti],Pt/TiO2,200.936148,48.400358,24446.804136945088,15.278125609518998,0.32775742,1.0,3.51638237,0.3274275,0.05439793,0.2186077413190132,65.0,B,0.3333333333333333,True,co2_methanol,yaml_analytic_thermo_microkinetic,34.5607,0.00015566597682648164,31.4268,,1.4257,0.1733,0.011907,low,YAML-driven analytic thermodynamic equilibrium + catalyst descriptor screen (co2_methanol). Catalyst descriptor score is weak.
co2_methanol_sweep_0052,cand_0001,[Pt].[Ti],Pt/TiO2,283.114187,92.489293,16392.251408190194,159.29391496400478,0.10740959,1.0,3.85374924,0.46748643,0.09237086,0.2186077413190132,65.0,B,0.3333333333333333,True,co2_methanol,yaml_analytic_thermo_microkinetic,49.1144,2.444120149660781e-05,25.4104,,1.1229,0.1911,0.010613,low,YAML-driven analytic thermodynamic equilibrium + catalyst descriptor screen (co2_methanol). Catalyst descriptor score is weak.
co2_methanol_sweep_0053,cand_0001,[Pt].[Ti],Pt/TiO2,230.636445,29.679407,11486.602605112166,149.40483820129154,0.00799759,1.0,9.59771072,0.23268051,0.01806973,0.2186077413190132,65.0,B,0.3333333333333333,True,co2_methanol,yaml_analytic_thermo_microkinetic,39.8206,7.435668246421271e-05,38.53,,1.5063,0.203,0.017102,high,YAML-driven analytic thermodynamic equilibrium + catalyst descriptor screen (co2_methanol).
co2_methanol_sweep_0054,cand_0001,[Pt].[Ti],Pt/TiO2,249.781128,39.264808,24674.37881806341,61.49422679983453,0.08623867,1.0,8.79500305,0.21813703,0.19342497,0.2186077413190132,65.0,B,0.3333333333333333,True,co2_methanol,yaml_analytic_thermo_microkinetic,43.2111,4.8284279582874234e-05,38.035,,1.5159,0.21,0.017461,high,YAML-driven analytic thermodynamic equilibrium + catalyst descriptor screen (co2_methanol).
co2_methanol_sweep_0055,cand_0001,[Pt].[Ti],Pt/TiO2,217.889321,93.537915,12117.153047129077,196.82292371658545,0.05822524,1.0,6.30916965,0.34004949,0.23597114,0.2186077413190132,65.0,B,0.3333333333333333,True,co2_methanol,yaml_analytic_thermo_microkinetic,37.5631,0.00010099077228831161,63.488,,2.2134,0.1921,0.026657,low,YAML-driven analytic thermodynamic equilibrium + catalyst descriptor screen (co2_methanol). Catalyst descriptor score is weak.
co2_methanol_sweep_0056,cand_0001,[Pt].[Ti],Pt/TiO2,264.5673,94.953476,27334.070922778777,76.73527501719002,0.39456718,1.0,6.61161687,0.3072707,0.09954117,0.2186077413190132,65.0,B,0.3333333333333333,True,co2_methanol,yaml_analytic_thermo_microkinetic,45.8297,3.532807522216862e-05,49.3519,,1.8204,0.206,0.022224,high,YAML-driven analytic thermodynamic equilibrium + catalyst descriptor screen (co2_methanol).
co2_methanol_sweep_0057,cand_0001,[Pt].[Ti],Pt/TiO2,297.611984,64.216576,23450.228667232204,104.84177369960275,0.36463717,1.0,4.69710347,0.42263494,0.44424664,0.2186077413190132,65.0,B,0.3333333333333333,True,co2_methanol,yaml_analytic_thermo_microkinetic,51.6819,1.8633569611422577e-05,17.6676,,0.7944,0.175,0.006759,low,YAML-driven analytic thermodynamic equilibrium + catalyst descriptor screen (co2_methanol). Catalyst descriptor score is weak.
co2_methanol_sweep_0058,cand_0001,[Pt].[Ti],Pt/TiO2,266.05319,60.92009,13389.107358265655,167.22410856235297,0.20622912,1.0,9.55406244,0.04148991,0.22631458,0.2186077413190132,65.0,B,0.3333333333333333,True,co2_methanol,yaml_analytic_thermo_microkinetic,46.0929,3.426858303174935e-05,53.05,,2.2647,0.2052,0.023793,high,YAML-driven analytic thermodynamic equilibrium + catalyst descriptor screen (co2_methanol).
co2_methanol_sweep_0059,cand_0001,[Pt].[Ti],Pt/TiO2,256.128469,87.146362,13581.069423590623,164.87181891925798,0.13597253,1.0,2.42288387,0.03591343,0.21397047,0.2186077413190132,65.0,B,0.3333333333333333,True,co2_methanol,yaml_analytic_thermo_microkinetic,44.3352,4.213378606632673e-05,27.829,,1.9418,0.2093,0.012732,high,YAML-driven analytic thermodynamic equilibrium + catalyst descriptor screen (co2_methanol).
co2_methanol_sweep_0060,cand_0001,[Pt].[Ti],Pt/TiO2,231.35473,58.312949,27537.63712522274,176.79954429323936,0.396454,1.0,4.31855761,0.01631467,0.03693602,0.2186077413190132,65.0,B,0.3333333333333333,True,co2_methanol,yaml_analytic_thermo_microkinetic,39.9478,7.311857893483859e-05,41.1142,,2.2058,0.2035,0.018293,high,YAML-driven analytic thermodynamic equilibrium + catalyst descriptor screen (co2_methanol).
co2_methanol_sweep_0061,cand_0001,[Pt].[Ti],Pt/TiO2,182.656525,54.173691,26961.719694644547,38.1652912602098,0.14420946,1.0,2.09390268,0.10053142,0.17612714,0.2186077413190132,65.0,B,0.3333333333333333,True,co2_methanol,yaml_analytic_thermo_microkinetic,31.3233,0.00025731787865746093,29.0574,,2.0098,0.153,0.009716,low,YAML-driven analytic thermodynamic equilibrium + catalyst descriptor screen (co2_methanol). Catalyst descriptor score is weak.
co2_methanol_sweep_0062,cand_0001,[Pt].[Ti],Pt/TiO2,226.541149,65.349595,11189.507973176966,82.07982445161626,0.31778399,1.0,2.89053177,0.02769736,0.02124092,0.2186077413190132,65.0,B,0.3333333333333333,True,co2_methanol,yaml_analytic_thermo_microkinetic,39.0953,8.190252243913587e-05,33.4745,,2.0372,0.2,0.014633,low,YAML-driven analytic thermodynamic equilibrium + catalyst descriptor screen (co2_methanol). Catalyst descriptor score is weak.
co2_methanol_sweep_0063,cand_0001,[Pt].[Ti],Pt/TiO2,252.887835,26.080052,29255.97690315581,165.33680454946668,0.33221036,1.0,6.82023433,0.10481985,0.25789502,0.2186077413190132,65.0,B,0.3333333333333333,True,co2_methanol,yaml_analytic_thermo_microkinetic,43.7613,4.515064764680743e-05,23.9101,,1.1985,0.2098,0.010968,high,YAML-driven analytic thermodynamic equilibrium + catalyst descriptor screen (co2_methanol).
co2_methanol_sweep_0064,cand_0001,[Pt].[Ti],Pt/TiO2,209.366659,82.687755,15253.221794329784,51.57287052703437,0.11314327,1.0,2.46744427,0.16746329,0.12293207,0.2186077413190132,65.0,B,0.3333333333333333,True,co2_methanol,yaml_analytic_thermo_microkinetic,36.0537,0.00012505408663121694,33.7695,,1.9333,0.183,0.013507,low,YAML-driven analytic thermodynamic equilibrium + catalyst descriptor screen (co2_methanol). Catalyst descriptor score is weak.
co2_methanol_sweep_0065,cand_0001,[Pt].[Ti],Pt/TiO2,216.686071,78.251095,22978.494194131512,111.84216379409463,0.4940877,1.0,9.2352131,0.24760393,0.15251134,0.2186077413190132,65.0,B,0.3333333333333333,True,co2_methanol,yaml_analytic_thermo_microkinetic,37.35,0.00010403749857202537,71.4915,,2.3992,0.1908,0.029827,low,YAML-driven analytic thermodynamic equilibrium + catalyst descriptor screen (co2_methanol). Catalyst descriptor score is weak.
co2_methanol_sweep_0066,cand_0001,[Pt].[Ti],Pt/TiO2,242.536737,27.875615,19683.726893116745,1.2931206663434074,0.15589778,1.0,4.38448633,0.35497318,0.24697736,0.2186077413190132,65.0,B,0.3333333333333333,True,co2_methanol,yaml_analytic_thermo_microkinetic,41.9281,5.664011759289564e-05,13.9186,,0.6329,0.2089,0.006357,high,YAML-driven analytic thermodynamic equilibrium + catalyst descriptor screen (co2_methanol).
co2_methanol_sweep_0067,cand_0001,[Pt].[Ti],Pt/TiO2,237.884947,79.134499,16256.773038497284,83.74787723090252,0.28861008,1.0,7.12043468,0.38540233,0.1625242,0.2186077413190132,65.0,B,0.3333333333333333,True,co2_methanol,yaml_analytic_thermo_microkinetic,41.1043,6.290298204386581e-05,53.5533,,1.8705,0.2072,0.024259,high,YAML-driven analytic thermodynamic equilibrium + catalyst descriptor screen (co2_methanol).
co2_methanol_sweep_0068,cand_0001,[Pt].[Ti],Pt/TiO2,197.315042,63.820702,28265.039819782134,141.21535096277205,0.48641555,1.0,6.24978679,0.20382668,0.40962332,0.2186077413190132,65.0,B,0.3333333333333333,True,co2_methanol,yaml_analytic_thermo_microkinetic,33.9194,0.00017142965424446133,59.9733,,2.2413,0.1691,0.022174,low,YAML-driven analytic thermodynamic equilibrium + catalyst descriptor screen (co2_methanol). Catalyst descriptor score is weak.
co2_methanol_sweep_0069,cand_0001,[Pt].[Ti],Pt/TiO2,188.891444,56.837159,22853.749127543604,130.118311976481,0.15127451,1.0,2.58831763,0.13103389,0.05126678,0.2186077413190132,65.0,B,0.3333333333333333,True,co2_methanol,yaml_analytic_thermo_microkinetic,32.4275,0.00021581330818137303,34.4791,,1.9529,0.1596,0.01203,low,YAML-driven analytic thermodynamic equilibrium + catalyst descriptor screen (co2_methanol). Catalyst descriptor score is weak.
co2_methanol_sweep_0070,cand_0001,[Pt].[Ti],Pt/TiO2,182.349531,47.502533,3981.8976261332446,39.17059924302393,0.01082449,1.0,8.85403404,0.11559274,0.13485473,0.2186077413190132,65.0,B,0.3333333333333333,True,co2_methanol,yaml_analytic_thermo_microkinetic,31.269,0.0002595884432324613,73.1688,,2.6453,0.1526,0.024415,low,YAML-driven analytic thermodynamic equilibrium + catalyst descriptor screen (co2_methanol). Catalyst descriptor score is weak.
co2_methanol_sweep_0071,cand_0001,[Pt].[Ti],Pt/TiO2,236.180035,51.784189,14132.616092338374,16.079743521079248,0.19557843,1.0,4.1006971,0.06286996,0.22873802,0.2186077413190132,65.0,B,0.3333333333333333,True,co2_methanol,yaml_analytic_thermo_microkinetic,40.8023,6.53992679462584e-05,34.2811,,1.7814,0.2064,0.015467,high,YAML-driven analytic thermodynamic equilibrium + catalyst descriptor screen (co2_methanol).
co2_methanol_sweep_0072,cand_0001,[Pt].[Ti],Pt/TiO2,190.854269,97.76515,4400.96159816328,131.00611215838643,0.44617147,1.0,9.62004732,0.24723755,0.35400362,0.2186077413190132,65.0,B,0.3333333333333333,True,co2_methanol,yaml_analytic_thermo_microkinetic,32.7752,0.00020438739125015545,86.1255,,2.8991,0.1618,0.030459,low,YAML-driven analytic thermodynamic equilibrium + catalyst descriptor screen (co2_methanol). Catalyst descriptor score is weak.
co2_methanol_sweep_0073,cand_0001,[Pt].[Ti],Pt/TiO2,206.449597,26.547667,13035.149078458824,189.71283864256844,0.35993794,1.0,9.47233588,0.33518135,0.18887948,0.2186077413190132,65.0,B,0.3333333333333333,True,co2_methanol,yaml_analytic_thermo_microkinetic,35.5371,0.0001347795364845324,39.7503,,1.4765,0.1797,0.015613,low,YAML-driven analytic thermodynamic equilibrium + catalyst descriptor screen (co2_methanol). Catalyst descriptor score is weak.
co2_methanol_sweep_0074,cand_0001,[Pt].[Ti],Pt/TiO2,220.015479,58.960609,26918.975976118978,109.17836800393219,0.02091558,1.0,7.49187866,0.32254549,0.48594911,0.2186077413190132,65.0,B,0.3333333333333333,True,co2_methanol,yaml_analytic_thermo_microkinetic,37.9396,9.58576368089702e-05,53.6923,,1.8982,0.1942,0.022789,low,YAML-driven analytic thermodynamic equilibrium + catalyst descriptor screen (co2_methanol). Catalyst descriptor score is weak.
co2_methanol_sweep_0075,cand_0001,[Pt].[Ti],Pt/TiO2,245.113496,24.495427,21753.534097925032,9.23790753301524,0.12804499,1.0,7.92147155,0.452833,0.22221474,0.2186077413190132,65.0,B,0.3333333333333333,True,co2_methanol,yaml_analytic_thermo_microkinetic,42.3845,5.3486749947442284e-05,18.6392,,0.7885,0.2095,0.008538,high,YAML-driven analytic thermodynamic equilibrium + catalyst descriptor screen (co2_methanol).
co2_methanol_sweep_0076,cand_0001,[Pt].[Ti],Pt/TiO2,252.160552,54.623965,18302.56546766242,175.46916810256505,0.17753855,1.0,4.9612074,0.36927943,0.01316562,0.2186077413190132,65.0,B,0.3333333333333333,True,co2_methanol,yaml_analytic_thermo_microkinetic,43.6325,4.5862233212148624e-05,28.8201,,1.224,0.2099,0.013225,high,YAML-driven analytic thermodynamic equilibrium + catalyst descriptor screen (co2_methanol).
co2_methanol_sweep_0077,cand_0001,[Pt].[Ti],Pt/TiO2,255.15001,30.261403,21302.658231519006,119.3642577745157,0.06877575,1.0,4.32890627,0.11753615,0.37133757,0.2186077413190132,65.0,B,0.3333333333333333,True,co2_methanol,yaml_analytic_thermo_microkinetic,44.1619,4.301895015812357e-05,18.6131,,0.9884,0.2095,0.008524,high,YAML-driven analytic thermodynamic equilibrium + catalyst descriptor screen (co2_methanol).
co2_methanol_sweep_0078,cand_0001,[Pt].[Ti],Pt/TiO2,189.61325,46.63537,7628.884498921604,113.35060482404971,0.18049485,1.0,7.73778153,0.37518825,0.30794354,0.2186077413190132,65.0,B,0.3333333333333333,True,co2_methanol,yaml_analytic_thermo_microkinetic,32.5554,0.00021152778898640394,58.8807,,1.9977,0.1604,0.020646,low,YAML-driven analytic thermodynamic equilibrium + catalyst descriptor screen (co2_methanol). Catalyst descriptor score is weak.
co2_methanol_sweep_0079,cand_0001,[Pt].[Ti],Pt/TiO2,238.777818,25.450919,7033.182213876061,8.851264120341014,0.46821685,1.0,6.73298777,0.1880657,0.38533636,0.2186077413190132,65.0,B,0.3333333333333333,True,co2_methanol,yaml_analytic_thermo_microkinetic,41.2624,6.164029034136529e-05,23.2262,,1.0821,0.2076,0.010541,high,YAML-driven analytic thermodynamic equilibrium + catalyst descriptor screen (co2_methanol).
co2_methanol_sweep_0080,cand_0001,[Pt].[Ti],Pt/TiO2,250.356341,28.879651,10533.145080624741,181.8566375253109,0.22285469,1.0,5.85512409,0.27248875,0.21121343,0.2186077413190132,65.0,B,0.3333333333333333,True,co2_methanol,yaml_analytic_thermo_microkinetic,43.313,4.768524325523183e-05,19.4947,,0.8929,0.21,0.008949,high,YAML-driven analytic thermodynamic equilibrium + catalyst descriptor screen (co2_methanol).
co2_methanol_sweep_0081,cand_0001,[Pt].[Ti],Pt/TiO2,203.593628,41.188157,27983.810221942524,105.57884329302321,0.44190585,1.0,9.29313549,0.18536805,0.31912992,0.2186077413190132,65.0,B,0.3333333333333333,True,co2_methanol,yaml_analytic_thermo_microkinetic,35.0313,0.000145162505052559,57.8089,,2.088,0.1764,0.022291,low,YAML-driven analytic thermodynamic equilibrium + catalyst descriptor screen (co2_methanol). Catalyst descriptor score is weak.
co2_methanol_sweep_0082,cand_0001,[Pt].[Ti],Pt/TiO2,214.287993,96.280423,3737.355164876359,198.6100446325909,0.47028361,1.0,7.029007,0.43703102,0.31228797,0.2186077413190132,65.0,B,0.3333333333333333,True,co2_methanol,yaml_analytic_thermo_microkinetic,36.9253,0.00011043482236034863,65.7614,,2.1912,0.1883,0.027076,low,YAML-driven analytic thermodynamic equilibrium + catalyst descriptor screen (co2_methanol). Catalyst descriptor score is weak.
co2_methanol_sweep_0083,cand_0001,[Pt].[Ti],Pt/TiO2,180.394844,28.512944,9586.95957516332,48.76125034678357,0.40398015,1.0,7.10814552,0.30965795,0.15106282,0.2186077413190132,65.0,B,0.3333333333333333,True,co2_methanol,yaml_analytic_thermo_microkinetic,30.9228,0.0002745995098892488,45.7937,,1.703,0.1507,0.015082,low,YAML-driven analytic thermodynamic equilibrium + catalyst descriptor screen (co2_methanol). Catalyst descriptor score is weak.
co2_methanol_sweep_0084,cand_0001,[Pt].[Ti],Pt/TiO2,193.801452,25.719648,9196.670202342128,98.11959275254281,0.47875771,1.0,8.28338805,0.47966408,0.45658655,0.2186077413190132,65.0,B,0.3333333333333333,True,co2_methanol,yaml_analytic_thermo_microkinetic,33.2971,0.00018851913646862284,35.861,,1.331,0.1651,0.012943,low,YAML-driven analytic thermodynamic equilibrium + catalyst descriptor screen (co2_methanol). Catalyst descriptor score is weak.
co2_methanol_sweep_0085,cand_0001,[Pt].[Ti],Pt/TiO2,241.7597,60.319208,6617.526370660013,7.513986483082338,0.45164177,1.0,5.61461839,0.46144905,0.06510198,0.2186077413190132,65.0,B,0.3333333333333333,True,co2_methanol,yaml_analytic_thermo_microkinetic,41.7905,5.763351393842296e-05,34.4304,,1.3549,0.2087,0.015708,high,YAML-driven analytic thermodynamic equilibrium + catalyst descriptor screen (co2_methanol).
co2_methanol_sweep_0086,cand_0001,[Pt].[Ti],Pt/TiO2,237.148822,95.383657,29960.164277484346,128.46248818522088,0.43668664,1.0,3.91059612,0.05772734,0.09367614,0.2186077413190132,65.0,B,0.3333333333333333,True,co2_methanol,yaml_analytic_thermo_microkinetic,40.9739,6.396684891874565e-05,46.2299,,2.2725,0.2069,0.020907,high,YAML-driven analytic thermodynamic equilibrium + catalyst descriptor screen (co2_methanol).
co2_methanol_sweep_0087,cand_0001,[Pt].[Ti],Pt/TiO2,205.354609,85.363702,3868.5185107386706,126.07211362494276,0.24669377,1.0,6.99034512,0.0796114,0.29781421,0.2186077413190132,65.0,B,0.3333333333333333,True,co2_methanol,yaml_analytic_thermo_microkinetic,35.3432,0.00013865507141433252,72.9671,,2.8155,0.1784,0.02846,low,YAML-driven analytic thermodynamic equilibrium + catalyst descriptor screen (co2_methanol). Catalyst descriptor score is weak.
co2_methanol_sweep_0088,cand_0001,[Pt].[Ti],Pt/TiO2,274.630052,27.375404,9449.123580480205,3.205095011171165,0.13880936,1.0,5.98246455,0.19751325,0.42581351,0.2186077413190132,65.0,B,0.3333333333333333,True,co2_methanol,yaml_analytic_thermo_microkinetic,47.6118,2.8838168915256007e-05,15.6346,,0.7507,0.199,0.006801,low,YAML-driven analytic thermodynamic equilibrium + catalyst descriptor screen (co2_methanol). Catalyst descriptor score is weak.
co2_methanol_sweep_0089,cand_0001,[Pt].[Ti],Pt/TiO2,263.511217,34.438978,2449.7374229278926,45.590746551771204,0.34224526,1.0,4.21751317,0.34336769,0.27011163,0.2186077413190132,65.0,B,0.3333333333333333,True,co2_methanol,yaml_analytic_thermo_microkinetic,45.6427,3.61046561041164e-05,12.7669,,0.5768,0.2065,0.005765,high,YAML-driven analytic thermodynamic equilibrium + catalyst descriptor screen (co2_methanol).
co2_methanol_sweep_0090,cand_0001,[Pt].[Ti],Pt/TiO2,225.292361,43.826811,22014.98201480146,57.755024350282426,0.1673973,1.0,9.95587989,0.26938483,0.06233617,0.2186077413190132,65.0,B,0.3333333333333333,True,co2_methanol,yaml_analytic_thermo_microkinetic,38.8741,8.437907221440369e-05,52.5619,,1.8482,0.1989,0.022858,low,YAML-driven analytic thermodynamic equilibrium + catalyst descriptor screen (co2_methanol). Catalyst descriptor score is weak.
co2_methanol_sweep_0091,cand_0001,[Pt].[Ti],Pt/TiO2,242.126929,70.993565,9096.240207135997,155.174294319838,0.34903874,1.0,3.83553599,0.02234868,0.49075453,0.2186077413190132,65.0,B,0.3333333333333333,True,co2_methanol,yaml_analytic_thermo_microkinetic,41.8555,5.716150641745398e-05,37.3164,,2.0824,0.2088,0.017034,high,YAML-driven analytic thermodynamic equilibrium + catalyst descriptor screen (co2_methanol).
co2_methanol_sweep_0092,cand_0001,[Pt].[Ti],Pt/TiO2,245.875788,69.079171,22664.82239119507,34.415473415096194,0.03721982,1.0,7.99993357,0.25784309,0.08999692,0.2186077413190132,65.0,B,0.3333333333333333,True,co2_methanol,yaml_analytic_thermo_microkinetic,42.5195,5.259371333373689e-05,54.1426,,1.9391,0.2097,0.024817,high,YAML-driven analytic thermodynamic equilibrium + catalyst descriptor screen (co2_methanol).
co2_methanol_sweep_0093,cand_0001,[Pt].[Ti],Pt/TiO2,281.6951,99.004199,8113.366817458512,85.14582961495428,0.41039699,1.0,6.40877675,0.28184913,0.32669377,0.2186077413190132,65.0,B,0.3333333333333333,True,co2_methanol,yaml_analytic_thermo_microkinetic,48.8631,2.5118089947581778e-05,44.0617,,1.6975,0.1925,0.01854,low,YAML-driven analytic thermodynamic equilibrium + catalyst descriptor screen (co2_methanol). Catalyst descriptor score is weak.
co2_methanol_sweep_0094,cand_0001,[Pt].[Ti],Pt/TiO2,262.65451,20.608055,27664.343829927766,174.89788838891388,0.23767404,1.0,8.54677057,0.43237858,0.17384808,0.2186077413190132,65.0,B,0.3333333333333333,True,co2_methanol,yaml_analytic_thermo_microkinetic,45.491,3.6749465135371486e-05,12.8411,,0.5361,0.207,0.00581,high,YAML-driven analytic thermodynamic equilibrium + catalyst descriptor screen (co2_methanol).
co2_methanol_sweep_0095,cand_0001,[Pt].[Ti],Pt/TiO2,268.373065,83.139818,5353.367637199232,44.64248565521966,0.36747685,1.0,4.24324707,0.2020292,0.44992179,0.2186077413190132,65.0,B,0.3333333333333333,True,co2_methanol,yaml_analytic_thermo_microkinetic,46.5037,3.268852126642303e-05,32.3431,,1.488,0.2037,0.014403,high,YAML-driven analytic thermodynamic equilibrium + catalyst descriptor screen (co2_methanol).
co2_methanol_sweep_0096,cand_0001,[Pt].[Ti],Pt/TiO2,284.333622,52.95194,10646.170552776528,79.03863400982148,0.46537641,1.0,7.53639218,0.39248815,0.27786658,0.2186077413190132,65.0,B,0.3333333333333333,True,co2_methanol,yaml_analytic_thermo_microkinetic,49.3303,2.38767878983814e-05,26.9607,,1.1019,0.1898,0.011186,low,YAML-driven analytic thermodynamic equilibrium + catalyst descriptor screen (co2_methanol). Catalyst descriptor score is weak.
co2_methanol_sweep_0097,cand_0001,[Pt].[Ti],Pt/TiO2,228.228529,87.934903,19531.78876566106,71.78878591591837,0.11020302,1.0,3.46982946,0.30136386,0.43099144,0.2186077413190132,65.0,B,0.3333333333333333,True,co2_methanol,yaml_analytic_thermo_microkinetic,39.3941,7.868978720980074e-05,36.651,,1.6465,0.2013,0.016127,high,YAML-driven analytic thermodynamic equilibrium + catalyst descriptor screen (co2_methanol).
co2_methanol_sweep_0098,cand_0001,[Pt].[Ti],Pt/TiO2,202.20921,46.255386,24146.157691585184,103.16819287776067,0.48099817,1.0,3.40803146,0.19445911,0.10146493,0.2186077413190132,65.0,B,0.3333333333333333,True,co2_methanol,yaml_analytic_thermo_microkinetic,34.7861,0.0001505280363092503,31.3933,,1.5248,0.1748,0.011996,low,YAML-driven analytic thermodynamic equilibrium + catalyst descriptor screen (co2_methanol). Catalyst descriptor score is weak.
co2_methanol_sweep_0099,cand_0001,[Pt].[Ti],Pt/TiO2,267.409419,45.168757,29155.82313218604,182.74025373786986,0.24958628,1.0,9.91923863,0.29568704,0.42072977,0.2186077413190132,65.0,B,0.3333333333333333,True,co2_methanol,yaml_analytic_thermo_microkinetic,46.3331,3.333417483188264e-05,36.3272,,1.3995,0.2043,0.016227,high,YAML-driven analytic thermodynamic equilibrium + catalyst descriptor screen (co2_methanol).
co2_methanol_sweep_0100,cand_0001,[Pt].[Ti],Pt/TiO2,290.556852,49.873139,7335.397276003523,40.20913860471169,0.0046407,1.0,7.19495895,0.31076726,0.33706764,0.2186077413190132,65.0,B,0.3333333333333333,True,co2_methanol,yaml_analytic_thermo_microkinetic,50.4325,2.122645565288892e-05,26.0284,,1.104,0.1831,0.010416,low,YAML-driven analytic thermodynamic equilibrium + catalyst descriptor screen (co2_methanol). Catalyst descriptor score is weak.
co2_methanol_sweep_0101,cand_0001,[Pt].[Ti],Pt/TiO2,285.295624,71.20329,16979.43893533733,163.16850309711194,0.2910384,1.0,5.24027662,0.09718273,0.04275674,0.2186077413190132,65.0,B,0.3333333333333333,True,co2_methanol,yaml_analytic_thermo_microkinetic,49.5007,2.3442426629819658e-05,35.2263,,1.6708,0.1888,0.014538,low,YAML-driven analytic thermodynamic equilibrium + catalyst descriptor screen (co2_methanol). Catalyst descriptor score is weak.
co2_methanol_sweep_0102,cand_0001,[Pt].[Ti],Pt/TiO2,205.871772,84.98552,24312.949115819494,197.7381787444566,0.42851358,1.0,9.43797921,0.16176311,0.26584095,0.2186077413190132,65.0,B,0.3333333333333333,True,co2_methanol,yaml_analytic_thermo_microkinetic,35.4348,0.00013680875317206598,79.4024,,2.7535,0.179,0.031072,low,YAML-driven analytic thermodynamic equilibrium + catalyst descriptor screen (co2_methanol). Catalyst descriptor score is weak.
co2_methanol_sweep_0103,cand_0001,[Pt].[Ti],Pt/TiO2,289.898253,97.592736,15356.600071543997,142.0598758630116,0.05186584,1.0,8.40504446,0.00597307,0.16611615,0.2186077413190132,65.0,B,0.3333333333333333,True,co2_methanol,yaml_analytic_thermo_microkinetic,50.3158,2.1489768579519652e-05,58.6454,,2.6339,0.1838,0.023562,low,YAML-driven analytic thermodynamic equilibrium + catalyst descriptor screen (co2_methanol). Catalyst descriptor score is weak.
co2_methanol_sweep_0104,cand_0001,[Pt].[Ti],Pt/TiO2,212.7623,48.128952,6798.392251139839,180.53089689365723,0.26504146,1.0,4.12966311,0.10895182,0.27621354,0.2186077413190132,65.0,B,0.3333333333333333,True,co2_methanol,yaml_analytic_thermo_microkinetic,36.6551,0.00011474332046207693,37.2805,,1.7929,0.1867,0.015216,low,YAML-driven analytic thermodynamic equilibrium + catalyst descriptor screen (co2_methanol). Catalyst descriptor score is weak.
co2_methanol_sweep_0105,cand_0001,[Pt].[Ti],Pt/TiO2,259.192518,79.681589,15787.16779061356,118.00407837679124,0.37527586,1.0,6.67623712,0.01151248,0.32079355,0.2186077413190132,65.0,B,0.3333333333333333,True,co2_methanol,yaml_analytic_thermo_microkinetic,44.8779,3.949752300738727e-05,53.1045,,2.4966,0.2084,0.024191,high,YAML-driven analytic thermodynamic equilibrium + catalyst descriptor screen (co2_methanol).
co2_methanol_sweep_0106,cand_0001,[Pt].[Ti],Pt/TiO2,187.710376,74.41538,21575.018153344943,22.691455717065008,0.45521854,1.0,5.08564069,0.12446963,0.2088255,0.2186077413190132,65.0,B,0.3333333333333333,True,co2_methanol,yaml_analytic_thermo_microkinetic,32.2184,0.0002230438600991371,62.9415,,2.5471,0.1583,0.021783,low,YAML-driven analytic thermodynamic equilibrium + catalyst descriptor screen (co2_methanol). Catalyst descriptor score is weak.
co2_methanol_sweep_0107,cand_0001,[Pt].[Ti],Pt/TiO2,292.359903,34.048654,20846.932622694778,11.430565610584818,0.42317216,1.0,8.89033134,0.1755426,0.17107517,0.2186077413190132,65.0,B,0.3333333333333333,True,co2_methanol,yaml_analytic_thermo_microkinetic,50.7518,2.052498752345496e-05,23.4595,,1.0793,0.181,0.009284,low,YAML-driven analytic thermodynamic equilibrium + catalyst descriptor screen (co2_methanol). Catalyst descriptor score is weak.
co2_methanol_sweep_0108,cand_0001,[Pt].[Ti],Pt/TiO2,195.537231,76.438411,23578.819844495058,5.1808930513607585,0.43448901,1.0,6.9160055,0.253141,0.28494215,0.2186077413190132,65.0,B,0.3333333333333333,True,co2_methanol,yaml_analytic_thermo_microkinetic,33.6045,0.00017984162210529396,69.1462,,2.4218,0.1671,0.025257,low,YAML-driven analytic thermodynamic equilibrium + catalyst descriptor screen (co2_methanol). Catalyst descriptor score is weak.
co2_methanol_sweep_0109,cand_0001,[Pt].[Ti],Pt/TiO2,253.212465,61.449142,18559.296245283283,123.4968667669544,0.00170217,1.0,2.0242148,0.40347815,0.11104753,0.2186077413190132,65.0,B,0.3333333333333333,True,co2_methanol,yaml_analytic_thermo_microkinetic,43.8188,4.483722372906638e-05,12.023,,0.8155,0.2098,0.005514,high,YAML-driven analytic thermodynamic equilibrium + catalyst descriptor screen (co2_methanol).
co2_methanol_sweep_0110,cand_0001,[Pt].[Ti],Pt/TiO2,185.754516,42.55929,13769.046608260689,6.504697944656536,0.23405699,1.0,3.03213031,0.34901473,0.30467223,0.2186077413190132,65.0,B,0.3333333333333333,True,co2_methanol,yaml_analytic_thermo_microkinetic,31.872,0.00023564225053686726,27.6555,,1.3211,0.1562,0.009443,low,YAML-driven analytic thermodynamic equilibrium + catalyst descriptor screen (co2_methanol). Catalyst descriptor score is weak.
co2_methanol_sweep_0111,cand_0001,[Pt].[Ti],Pt/TiO2,183.502277,46.926175,20572.473114410754,139.34987610010347,0.07225269,1.0,3.23025613,0.14811624,0.28029741,0.2186077413190132,65.0,B,0.3333333333333333,True,co2_methanol,yaml_analytic_thermo_microkinetic,31.4731,0.00025118014916117255,37.8905,,1.8591,0.1538,0.012742,low,YAML-driven analytic thermodynamic equilibrium + catalyst descriptor screen (co2_methanol). Catalyst descriptor score is weak.
co2_methanol_sweep_0112,cand_0001,[Pt].[Ti],Pt/TiO2,284.833132,50.719165,16673.992741118047,75.10559776014031,0.3843514,1.0,3.38126333,0.33238707,0.33879627,0.2186077413190132,65.0,B,0.3333333333333333,True,co2_methanol,yaml_analytic_thermo_microkinetic,49.4188,2.3650068190188792e-05,12.0508,,0.554,0.1893,0.004986,low,YAML-driven analytic thermodynamic equilibrium + catalyst descriptor screen (co2_methanol). Catalyst descriptor score is weak.
co2_methanol_sweep_0113,cand_0001,[Pt].[Ti],Pt/TiO2,291.024401,55.738992,7250.629082071993,128.2498613863405,0.04426307,1.0,5.38990255,0.36058799,0.34530822,0.2186077413190132,65.0,B,0.3333333333333333,True,co2_methanol,yaml_analytic_thermo_microkinetic,50.5153,2.1041854177528412e-05,21.3193,,0.9436,0.1825,0.008507,low,YAML-driven analytic thermodynamic equilibrium + catalyst descriptor screen (co2_methanol). Catalyst descriptor score is weak.
co2_methanol_sweep_0114,cand_0001,[Pt].[Ti],Pt/TiO2,254.459015,34.806173,8862.468664365366,153.28176586289587,0.36965552,1.0,2.39712711,0.27923883,0.34861775,0.2186077413190132,65.0,B,0.3333333333333333,True,co2_methanol,yaml_analytic_thermo_microkinetic,44.0396,4.365726793929713e-05,7.729,,0.4024,0.2096,0.003542,high,YAML-driven analytic thermodynamic equilibrium + catalyst descriptor screen (co2_methanol).
co2_methanol_sweep_0115,cand_0001,[Pt].[Ti],Pt/TiO2,247.741813,33.261681,7513.6541349291765,28.320347419709304,0.25936686,1.0,6.35338755,0.04459922,0.45287017,0.2186077413190132,65.0,B,0.3333333333333333,True,co2_methanol,yaml_analytic_thermo_microkinetic,42.8499,5.048054898795407e-05,30.9622,,1.6205,0.2099,0.014207,high,YAML-driven analytic thermodynamic equilibrium + catalyst descriptor screen (co2_methanol).
co2_methanol_sweep_0116,cand_0001,[Pt].[Ti],Pt/TiO2,228.849463,42.905948,19458.555399192595,117.04560362609718,0.18559996,1.0,2.9838058,0.20556912,0.49698297,0.2186077413190132,65.0,B,0.3333333333333333,True,co2_methanol,yaml_analytic_thermo_microkinetic,39.5041,7.75447777199804e-05,19.5928,,1.0288,0.2018,0.008641,high,YAML-driven analytic thermodynamic equilibrium + catalyst descriptor screen (co2_methanol).
co2_methanol_sweep_0117,cand_0001,[Pt].[Ti],Pt/TiO2,282.035077,91.951738,12234.542908460691,137.21510633257844,0.3253838,1.0,3.26941841,0.01955127,0.12646608,0.2186077413190132,65.0,B,0.3333333333333333,True,co2_methanol,yaml_analytic_thermo_microkinetic,48.9233,2.4953918981510714e-05,31.681,,1.9097,0.1921,0.013307,low,YAML-driven analytic thermodynamic equilibrium + catalyst descriptor screen (co2_methanol). Catalyst descriptor score is weak.
co2_methanol_sweep_0118,cand_0001,[Pt].[Ti],Pt/TiO2,279.330084,62.701896,5960.565671812961,96.66792202384481,0.25415169,1.0,5.88501699,0.15367287,0.04937898,0.2186077413190132,65.0,B,0.3333333333333333,True,co2_methanol,yaml_analytic_thermo_microkinetic,48.4442,2.6296284013631034e-05,34.6907,,1.5401,0.1948,0.014772,low,YAML-driven analytic thermodynamic equilibrium + catalyst descriptor screen (co2_methanol). Catalyst descriptor score is weak.
co2_methanol_sweep_0119,cand_0001,[Pt].[Ti],Pt/TiO2,266.853122,31.535498,14188.397338486948,20.01645111553745,0.35620585,1.0,6.04890565,0.34627348,0.19617564,0.2186077413190132,65.0,B,0.3333333333333333,True,co2_methanol,yaml_analytic_thermo_microkinetic,46.2346,3.3713760820138594e-05,16.3024,,0.729,0.2047,0.007294,high,YAML-driven analytic thermodynamic equilibrium + catalyst descriptor screen (co2_methanol).
co2_methanol_sweep_0120,cand_0001,[Pt].[Ti],Pt/TiO2,233.078059,84.226175,4361.55432339511,185.94496446639582,0.40129492,1.0,8.72191001,0.16761699,0.20709106,0.2186077413190132,65.0,B,0.3333333333333333,True,co2_methanol,yaml_analytic_thermo_microkinetic,40.253,7.024514879375399e-05,67.8262,,2.4039,0.2046,0.030342,high,YAML-driven analytic thermodynamic equilibrium + catalyst descriptor screen (co2_methanol).
co2_methanol_sweep_0121,cand_0001,[Pt].[Ti],Pt/TiO2,218.66735,66.316913,22404.554155142276,65.64509569413262,0.24270788,1.0,2.07524187,0.14169617,0.20347968,0.2186077413190132,65.0,B,0.3333333333333333,True,co2_methanol,yaml_analytic_thermo_microkinetic,37.7009,9.907607485997113e-05,23.1225,,1.612,0.1928,0.009748,low,YAML-driven analytic thermodynamic equilibrium + catalyst descriptor screen (co2_methanol). Catalyst descriptor score is weak.
co2_methanol_sweep_0122,cand_0001,[Pt].[Ti],Pt/TiO2,240.320992,81.43982,5145.535947211551,133.14869725010774,0.17045423,1.0,9.00045584,0.33814596,0.0113281,0.2186077413190132,65.0,B,0.3333333333333333,True,co2_methanol,yaml_analytic_thermo_microkinetic,41.5357,5.9527309843339856e-05,63.0652,,2.0913,0.2082,0.028705,high,YAML-driven analytic thermodynamic equilibrium + catalyst descriptor screen (co2_methanol).
co2_methanol_sweep_0123,cand_0001,[Pt].[Ti],Pt/TiO2,193.108274,88.431734,13152.205810566556,127.31514384375154,0.34551386,1.0,7.86630385,0.11344323,0.1081229,0.2186077413190132,65.0,B,0.3333333333333333,True,co2_methanol,yaml_analytic_thermo_microkinetic,33.1743,0.0001921191901761992,81.0495,,2.9643,0.1643,0.029114,low,YAML-driven analytic thermodynamic equilibrium + catalyst descriptor screen (co2_methanol). Catalyst descriptor score is weak.
co2_methanol_sweep_0124,cand_0001,[Pt].[Ti],Pt/TiO2,229.923819,93.115218,25810.670335746952,101.05920034509424,0.30999423,1.0,8.33443945,0.37001658,0.41179776,0.2186077413190132,65.0,B,0.3333333333333333,True,co2_methanol,yaml_analytic_thermo_microkinetic,39.6944,7.56093304880501e-05,66.2248,,2.1832,0.2025,0.029322,high,YAML-driven analytic thermodynamic equilibrium + catalyst descriptor screen (co2_methanol).
co2_methanol_sweep_0125,cand_0001,[Pt].[Ti],Pt/TiO2,259.762762,36.216695,6461.935791994514,43.63343492339321,0.47401768,1.0,4.73470869,0.36519537,0.30170211,0.2186077413190132,65.0,B,0.3333333333333333,True,co2_methanol,yaml_analytic_thermo_microkinetic,44.9789,3.9028617476057644e-05,15.2142,,0.6917,0.2082,0.006924,high,YAML-driven analytic thermodynamic equilibrium + catalyst descriptor screen (co2_methanol).
co2_methanol_sweep_0126,cand_0001,[Pt].[Ti],Pt/TiO2,209.564292,89.81556,11987.606817841901,53.13830312006759,0.36012485,1.0,4.82108864,0.42664322,0.39455691,0.2186077413190132,65.0,B,0.3333333333333333,True,co2_methanol,yaml_analytic_thermo_microkinetic,36.0887,0.00012442522852030004,51.3526,,1.9324,0.1832,0.020565,low,YAML-driven analytic thermodynamic equilibrium + catalyst descriptor screen (co2_methanol). Catalyst descriptor score is weak.
co2_methanol_sweep_0127,cand_0001,[Pt].[Ti],Pt/TiO2,187.993144,53.261597,25794.364476408413,56.272615475019435,0.04562595,1.0,2.80430049,0.23002048,0.44617147,0.2186077413190132,65.0,B,0.3333333333333333,True,co2_methanol,yaml_analytic_thermo_microkinetic,32.2685,0.00022128758405452208,32.0724,,1.6485,0.1586,0.011121,low,YAML-driven analytic thermodynamic equilibrium + catalyst descriptor screen (co2_methanol). Catalyst descriptor score is weak.
co2_methanol_sweep_0128,cand_0001,[Pt].[Ti],Pt/TiO2,221.004003,68.279008,2007.345016046761,81.23049618888625,0.45899215,1.0,8.61045957,0.38109545,0.29070054,0.2186077413190132,65.0,B,0.3333333333333333,True,co2_methanol,yaml_analytic_thermo_microkinetic,38.1147,9.357504259922769e-05,60.4628,,2.0121,0.1951,0.025788,low,YAML-driven analytic thermodynamic equilibrium + catalyst descriptor screen (co2_methanol). Catalyst descriptor score is weak.
co2_methanol_sweep_0129,cand_0001,[Pt].[Ti],Pt/TiO2,236.69464,70.037165,4881.297861690106,27.22116356084739,0.02647961,1.0,3.6663055,0.35639987,0.14968548,0.2186077413190132,65.0,B,0.3333333333333333,True,co2_methanol,yaml_analytic_thermo_microkinetic,40.8935,6.463376316789212e-05,31.3986,,1.3942,0.2066,0.014184,high,YAML-driven analytic thermodynamic equilibrium + catalyst descriptor screen (co2_methanol).
co2_methanol_sweep_0130,cand_0001,[Pt].[Ti],Pt/TiO2,243.544966,39.733004,12408.227516631974,52.08040483436096,0.05668363,1.0,4.91920934,0.37450548,0.26805462,0.2186077413190132,65.0,B,0.3333333333333333,True,co2_methanol,yaml_analytic_thermo_microkinetic,42.1067,5.538095137183226e-05,22.6046,,0.9996,0.2092,0.010338,high,YAML-driven analytic thermodynamic equilibrium + catalyst descriptor screen (co2_methanol).
co2_methanol_sweep_0131,cand_0001,[Pt].[Ti],Pt/TiO2,204.683622,52.701328,4566.501117761281,183.95128401055902,0.16215336,1.0,2.5089939,0.1267912,0.23331316,0.2186077413190132,65.0,B,0.3333333333333333,True,co2_methanol,yaml_analytic_thermo_microkinetic,35.2243,0.00014109384656996285,27.6124,,1.6654,0.1776,0.010723,low,YAML-driven analytic thermodynamic equilibrium + catalyst descriptor screen (co2_methanol). Catalyst descriptor score is weak.
co2_methanol_sweep_0132,cand_0001,[Pt].[Ti],Pt/TiO2,226.853804,44.318991,5004.108935106899,119.70211585426279,0.17347485,1.0,2.1218831,0.05686223,0.0834363,0.2186077413190132,65.0,B,0.3333333333333333,True,co2_methanol,yaml_analytic_thermo_microkinetic,39.1507,8.129583271401249e-05,19.6613,,1.5336,0.2002,0.008605,high,YAML-driven analytic thermodynamic equilibrium + catalyst descriptor screen (co2_methanol).
co2_methanol_sweep_0133,cand_0001,[Pt].[Ti],Pt/TiO2,200.207705,26.809549,25044.04534107709,122.70299941784279,0.04149985,1.0,5.3590709,0.40031223,0.15597443,0.2186077413190132,65.0,B,0.3333333333333333,True,co2_methanol,yaml_analytic_thermo_microkinetic,34.4316,0.00015869728392021637,27.6415,,1.1604,0.1725,0.010422,low,YAML-driven analytic thermodynamic equilibrium + catalyst descriptor screen (co2_methanol). Catalyst descriptor score is weak.
co2_methanol_sweep_0134,cand_0001,[Pt].[Ti],Pt/TiO2,192.333634,37.225625,5380.442187339388,32.519395404546174,0.29877544,1.0,6.45821806,0.20841949,0.21666472,0.2186077413190132,65.0,B,0.3333333333333333,True,co2_methanol,yaml_analytic_thermo_microkinetic,33.0372,0.00019623679959568046,48.54,,1.8856,0.1634,0.017343,low,YAML-driven analytic thermodynamic equilibrium + catalyst descriptor screen (co2_methanol). Catalyst descriptor score is weak.
co2_methanol_sweep_0135,cand_0001,[Pt].[Ti],Pt/TiO2,281.253477,56.434931,10830.657570070209,41.950893728666834,0.48313752,1.0,4.60087182,0.29808833,0.46309352,0.2186077413190132,65.0,B,0.3333333333333333,True,co2_methanol,yaml_analytic_thermo_microkinetic,48.7849,2.533326232766314e-05,19.9891,,0.9312,0.1929,0.00843,low,YAML-driven analytic thermodynamic equilibrium + catalyst descriptor screen (co2_methanol). Catalyst descriptor score is weak.
co2_methanol_sweep_0136,cand_0001,[Pt].[Ti],Pt/TiO2,240.911635,36.617419,3646.3683213391396,10.308404901612507,0.27185548,1.0,8.98842719,0.1385351,0.46147504,0.2186077413190132,65.0,B,0.3333333333333333,True,co2_methanol,yaml_analytic_thermo_microkinetic,41.6403,5.874113368483766e-05,40.3511,,1.6752,0.2084,0.018385,high,YAML-driven analytic thermodynamic equilibrium + catalyst descriptor screen (co2_methanol).
co2_methanol_sweep_0137,cand_0001,[Pt].[Ti],Pt/TiO2,298.668686,61.673578,19239.520211298786,37.6481389779206,0.39165968,1.0,3.75969972,0.41300622,0.33040207,0.2186077413190132,65.0,B,0.3333333333333333,True,co2_methanol,yaml_analytic_thermo_microkinetic,51.8691,1.8278545705284217e-05,13.2552,,0.6016,0.1738,0.005036,low,YAML-driven analytic thermodynamic equilibrium + catalyst descriptor screen (co2_methanol). Catalyst descriptor score is weak.
co2_methanol_sweep_0138,cand_0001,[Pt].[Ti],Pt/TiO2,269.317003,66.890266,15983.80141657668,88.17188772279425,0.08451852,1.0,8.16005562,0.44211509,0.406443,0.2186077413190132,65.0,B,0.3333333333333333,True,co2_methanol,yaml_analytic_thermo_microkinetic,46.6709,3.207035996302709e-05,39.9653,,1.455,0.2031,0.017742,high,YAML-driven analytic thermodynamic equilibrium + catalyst descriptor screen (co2_methanol).
co2_methanol_sweep_0139,cand_0001,[Pt].[Ti],Pt/TiO2,299.628199,28.02684,23982.685039625376,12.870707566591562,0.20802316,1.0,5.5144801,0.13432342,0.41778788,0.2186077413190132,65.0,B,0.3333333333333333,True,co2_methanol,yaml_analytic_thermo_microkinetic,52.039,1.7963142432892087e-05,12.8326,,0.6397,0.1727,0.004844,low,YAML-driven analytic thermodynamic equilibrium + catalyst descriptor screen (co2_methanol). Catalyst descriptor score is weak.
co2_methanol_sweep_0140,cand_0001,[Pt].[Ti],Pt/TiO2,249.201928,83.955262,10003.44590011064,143.10952540189194,0.19111954,1.0,2.78306018,0.00874808,0.05578459,0.2186077413190132,65.0,B,0.3333333333333333,True,co2_methanol,yaml_analytic_thermo_microkinetic,43.1085,4.8896429163486345e-05,33.3738,,2.1834,0.21,0.01532,high,YAML-driven analytic thermodynamic equilibrium + catalyst descriptor screen (co2_methanol).
co2_methanol_sweep_0141,cand_0001,[Pt].[Ti],Pt/TiO2,291.808388,90.803183,23280.080932708614,35.31112289437754,0.06068039,1.0,5.19619204,0.22005834,0.03170418,0.2186077413190132,65.0,B,0.3333333333333333,True,co2_methanol,yaml_analytic_thermo_microkinetic,50.6541,2.07365825430021e-05,37.1535,,1.5756,0.1816,0.014753,low,YAML-driven analytic thermodynamic equilibrium + catalyst descriptor screen (co2_methanol). Catalyst descriptor score is weak.
co2_methanol_sweep_0142,cand_0001,[Pt].[Ti],Pt/TiO2,254.123275,40.630089,16832.801318362028,2.3210968909326724,0.33303134,1.0,8.70586649,0.2229197,0.15794692,0.2186077413190132,65.0,B,0.3333333333333333,True,co2_methanol,yaml_analytic_thermo_microkinetic,43.9801,4.397143648474507e-05,36.6258,,1.473,0.2097,0.016788,high,YAML-driven analytic thermodynamic equilibrium + catalyst descriptor screen (co2_methanol).
co2_methanol_sweep_0143,cand_0001,[Pt].[Ti],Pt/TiO2,296.15,24.271382,23175.165090846614,156.4176175133265,0.05276742,1.0,3.3403497,0.29464023,0.24030233,0.2186077413190132,65.0,B,0.3333333333333333,True,co2_methanol,yaml_analytic_thermo_microkinetic,51.423,1.913840852341176e-05,4.4686,,-0.0625,0.1767,0.001726,low,YAML-driven analytic thermodynamic equilibrium + catalyst descriptor screen (co2_methanol). Catalyst descriptor score is weak.
co2_methanol_sweep_0144,cand_0001,[Pt].[Ti],Pt/TiO2,233.942343,41.53859,22505.262398141644,33.76781911221352,0.1549987,1.0,3.79788772,0.08890921,0.16806344,0.2186077413190132,65.0,B,0.3333333333333333,True,co2_methanol,yaml_analytic_thermo_microkinetic,40.4061,6.88539295413201e-05,27.9102,,1.4802,0.2052,0.012517,high,YAML-driven analytic thermodynamic equilibrium + catalyst descriptor screen (co2_methanol).
co2_methanol_sweep_0145,cand_0001,[Pt].[Ti],Pt/TiO2,265.779097,71.739097,25124.762175561737,31.67783915566502,0.430348,1.0,5.47412545,0.47044219,0.25365265,0.2186077413190132,65.0,B,0.3333333333333333,True,co2_methanol,yaml_analytic_thermo_microkinetic,46.0443,3.446116683037523e-05,30.535,,1.2365,0.2053,0.013705,high,YAML-driven analytic thermodynamic equilibrium + catalyst descriptor screen (co2_methanol).
co2_methanol_sweep_0146,cand_0001,[Pt].[Ti],Pt/TiO2,259.90848,51.162898,3204.7725874885746,124.64089143167416,0.11811918,1.0,3.10970192,0.25123955,0.25062434,0.2186077413190132,65.0,B,0.3333333333333333,True,co2_methanol,yaml_analytic_thermo_microkinetic,45.0047,3.8909850327309064e-05,17.6184,,0.8905,0.2081,0.008016,high,YAML-driven analytic thermodynamic equilibrium + catalyst descriptor screen (co2_methanol).
co2_methanol_sweep_0147,cand_0001,[Pt].[Ti],Pt/TiO2,189.321192,35.852838,2389.3135096929914,115.21766255527216,0.26220272,1.0,9.12994037,0.32228504,0.45955927,0.2186077413190132,65.0,B,0.3333333333333333,True,co2_methanol,yaml_analytic_thermo_microkinetic,32.5036,0.0002132498438623065,55.976,,1.917,0.1601,0.019588,low,YAML-driven analytic thermodynamic equilibrium + catalyst descriptor screen (co2_methanol). Catalyst descriptor score is weak.
co2_methanol_sweep_0148,cand_0001,[Pt].[Ti],Pt/TiO2,246.494792,77.670757,17624.20907271361,59.71456348492632,0.10836615,1.0,3.07451155,0.42137818,0.4365177,0.2186077413190132,65.0,B,0.3333333333333333,True,co2_methanol,yaml_analytic_thermo_microkinetic,42.6291,5.1881406436148754e-05,23.3842,,1.1115,0.2098,0.010723,high,YAML-driven analytic thermodynamic equilibrium + catalyst descriptor screen (co2_methanol).
co2_methanol_sweep_0149,cand_0001,[Pt].[Ti],Pt/TiO2,234.674949,67.209762,7897.799745771615,139.11366082436004,0.09085982,1.0,9.75116808,0.29177729,0.31316319,0.2186077413190132,65.0,B,0.3333333333333333,True,co2_methanol,yaml_analytic_thermo_microkinetic,40.5358,6.769987592048003e-05,61.4921,,2.0677,0.2056,0.027635,high,YAML-driven analytic thermodynamic equilibrium + catalyst descriptor screen (co2_methanol).
co2_methanol_sweep_0150,cand_0001,[Pt].[Ti],Pt/TiO2,257.060148,52.179636,5524.00343052257,79.89301989211604,0.30237635,1.0,3.55893689,0.4984961,0.11628452,0.2186077413190132,65.0,B,0.3333333333333333,True,co2_methanol,yaml_analytic_thermo_microkinetic,44.5002,4.1310822508468245e-05,15.86,,0.7276,0.209,0.007248,high,YAML-driven analytic thermodynamic equilibrium + catalyst descriptor screen (co2_methanol).
co2_methanol_sweep_0151,cand_0001,[Pt].[Ti],Pt/TiO2,196.043889,21.032538,12533.8925553774,24.05752157276536,0.12153658,1.0,9.37755108,0.01432326,0.1211952,0.2186077413190132,65.0,B,0.3333333333333333,True,co2_methanol,yaml_analytic_thermo_microkinetic,33.6942,0.00017739653973036058,46.7524,,2.2151,0.1677,0.017136,low,YAML-driven analytic thermodynamic equilibrium + catalyst descriptor screen (co2_methanol). Catalyst descriptor score is weak.
co2_methanol_sweep_0152,cand_0001,[Pt].[Ti],Pt/TiO2,184.01115,74.174362,17165.26866644865,145.2092511851352,0.41946931,1.0,2.3599573,0.48276372,0.08088427,0.2186077413190132,65.0,B,0.3333333333333333,True,co2_methanol,yaml_analytic_thermo_microkinetic,31.5632,0.00024756861617953306,29.0714,,1.5964,0.1544,0.00981,low,YAML-driven analytic thermodynamic equilibrium + catalyst descriptor screen (co2_methanol). Catalyst descriptor score is weak.
co2_methanol_sweep_0153,cand_0001,[Pt].[Ti],Pt/TiO2,244.696824,23.243894,22094.20616835977,86.09628870210474,0.27735128,1.0,2.52257832,0.47446205,0.43353557,0.2186077413190132,65.0,B,0.3333333333333333,True,co2_methanol,yaml_analytic_thermo_microkinetic,42.3107,5.398241311875572e-05,3.6064,,-0.0819,0.2095,0.001651,high,YAML-driven analytic thermodynamic equilibrium + catalyst descriptor screen (co2_methanol).
co2_methanol_sweep_0154,cand_0001,[Pt].[Ti],Pt/TiO2,275.882708,31.728189,3370.0270794928592,4.88133881425418,0.00644316,1.0,9.83172059,0.19205965,0.10466327,0.2186077413190132,65.0,B,0.3333333333333333,True,co2_methanol,yaml_analytic_thermo_microkinetic,47.8337,2.813327251414208e-05,28.0378,,1.2193,0.1979,0.012131,low,YAML-driven analytic thermodynamic equilibrium + catalyst descriptor screen (co2_methanol). Catalyst descriptor score is weak.
co2_methanol_sweep_0155,cand_0001,[Pt].[Ti],Pt/TiO2,232.283831,21.871841,28409.493783887443,116.36500594254628,0.37933798,1.0,5.02570522,0.03847379,0.18198652,0.2186077413190132,65.0,B,0.3333333333333333,True,co2_methanol,yaml_analytic_thermo_microkinetic,40.1123,7.155268858761922e-05,22.1884,,1.3012,0.2041,0.009902,high,YAML-driven analytic thermodynamic equilibrium + catalyst descriptor screen (co2_methanol).
co2_methanol_sweep_0156,cand_0001,[Pt].[Ti],Pt/TiO2,260.466981,65.628133,15566.02365199525,67.55813405849287,0.29345108,1.0,4.67538694,0.05469508,0.41286904,0.2186077413190132,65.0,B,0.3333333333333333,True,co2_methanol,yaml_analytic_thermo_microkinetic,45.1036,3.845857582603599e-05,36.1162,,1.8413,0.2079,0.016415,high,YAML-driven analytic thermodynamic equilibrium + catalyst descriptor screen (co2_methanol).
co2_methanol_sweep_0157,cand_0001,[Pt].[Ti],Pt/TiO2,277.947437,98.072076,5846.351526235957,72.64330617453844,0.47649684,1.0,2.198233,0.40919016,0.05762839,0.2186077413190132,65.0,B,0.3333333333333333,True,co2_methanol,yaml_analytic_thermo_microkinetic,48.1994,2.7015444113178888e-05,14.654,,0.926,0.1961,0.006281,low,YAML-driven analytic thermodynamic equilibrium + catalyst descriptor screen (co2_methanol). Catalyst descriptor score is weak.
co2_methanol_sweep_0158,cand_0001,[Pt].[Ti],Pt/TiO2,190.453883,23.677524,26616.15223288781,193.05625902681905,0.22876582,1.0,4.78005442,0.18007279,0.40404817,0.2186077413190132,65.0,B,0.3333333333333333,True,co2_methanol,yaml_analytic_thermo_microkinetic,32.7042,0.00020666018191276914,28.9733,,1.3527,0.1613,0.010218,low,YAML-driven analytic thermodynamic equilibrium + catalyst descriptor screen (co2_methanol). Catalyst descriptor score is weak.
co2_methanol_sweep_0159,cand_0001,[Pt].[Ti],Pt/TiO2,295.561485,70.566099,21022.07263452331,99.1855198017202,0.27974179,1.0,4.03227167,0.35783464,0.25602667,0.2186077413190132,65.0,B,0.3333333333333333,True,co2_methanol,yaml_analytic_thermo_microkinetic,51.3188,1.934622047061368e-05,19.1133,,0.8886,0.1774,0.007411,low,YAML-driven analytic thermodynamic equilibrium + catalyst descriptor screen (co2_methanol). Catalyst descriptor score is weak.
co2_methanol_sweep_0160,cand_0001,[Pt].[Ti],Pt/TiO2,275.184796,32.636532,10339.58733948377,157.580016563766,0.49016805,1.0,2.24292922,0.26652127,0.17917684,0.2186077413190132,65.0,B,0.3333333333333333,True,co2_methanol,yaml_analytic_thermo_microkinetic,47.7101,2.852345148542085e-05,5.0181,,0.1699,0.1985,0.002178,low,YAML-driven analytic thermodynamic equilibrium + catalyst descriptor screen (co2_methanol). Catalyst descriptor score is weak.
co2_methanol_sweep_0161,cand_0001,[Pt].[Ti],Pt/TiO2,294.329372,93.772826,8515.345492397035,47.109540357232376,0.32169821,1.0,6.09782404,0.48913567,0.49905352,0.2186077413190132,65.0,B,0.3333333333333333,True,co2_methanol,yaml_analytic_thermo_microkinetic,51.1006,1.9790066344475973e-05,32.3817,,1.2718,0.1788,0.012656,low,YAML-driven analytic thermodynamic equilibrium + catalyst descriptor screen (co2_methanol). Catalyst descriptor score is weak.
co2_methanol_sweep_0162,cand_0001,[Pt].[Ti],Pt/TiO2,191.943216,64.733575,10718.764067699647,83.19784877203553,0.15859332,1.0,4.55141844,0.31811115,0.11935644,0.2186077413190132,65.0,B,0.3333333333333333,True,co2_methanol,yaml_analytic_thermo_microkinetic,32.968,0.0001983507145291508,51.1571,,2.0001,0.163,0.018229,low,YAML-driven analytic thermodynamic equilibrium + catalyst descriptor screen (co2_methanol). Catalyst descriptor score is weak.
co2_methanol_sweep_0163,cand_0001,[Pt].[Ti],Pt/TiO2,292.903926,78.428998,28796.364765929662,70.97939707930337,0.0326362,1.0,9.07789696,0.15651879,0.12769025,0.2186077413190132,65.0,B,0.3333333333333333,True,co2_methanol,yaml_analytic_thermo_microkinetic,50.8482,2.031878018059303e-05,48.9935,,1.8877,0.1804,0.019322,low,YAML-driven analytic thermodynamic equilibrium + catalyst descriptor screen (co2_methanol). Catalyst descriptor score is weak.
co2_methanol_sweep_0164,cand_0001,[Pt].[Ti],Pt/TiO2,204.252613,49.598152,15014.604120094718,131.66298328835845,0.01743367,1.0,6.21749328,0.45814135,0.35036964,0.2186077413190132,65.0,B,0.3333333333333333,True,co2_methanol,yaml_analytic_thermo_microkinetic,35.148,0.00014268665988456216,46.0188,,1.6671,0.1772,0.017822,low,YAML-driven analytic thermodynamic equilibrium + catalyst descriptor screen (co2_methanol). Catalyst descriptor score is weak.
co2_methanol_sweep_0165,cand_0001,[Pt].[Ti],Pt/TiO2,194.70215,86.613697,26219.23376476315,41.01228353606887,0.40780309,1.0,6.18677136,0.15156735,0.02608731,0.2186077413190132,65.0,B,0.3333333333333333,True,co2_methanol,yaml_analytic_thermo_microkinetic,33.4566,0.0001839573128938862,72.035,,2.6868,0.1661,0.026161,low,YAML-driven analytic thermodynamic equilibrium + catalyst descriptor screen (co2_methanol). Catalyst descriptor score is weak.
co2_methanol_sweep_0166,cand_0001,[Pt].[Ti],Pt/TiO2,286.637795,66.735765,19111.512893526615,173.63589247354793,0.11508646,1.0,4.05854048,0.45509105,0.28786089,0.2186077413190132,65.0,B,0.3333333333333333,True,co2_methanol,yaml_analytic_thermo_microkinetic,49.7384,2.285199278026661e-05,18.291,,0.8297,0.1874,0.007491,low,YAML-driven analytic thermodynamic equilibrium + catalyst descriptor screen (co2_methanol). Catalyst descriptor score is weak.
co2_methanol_sweep_0167,cand_0001,[Pt].[Ti],Pt/TiO2,223.087434,53.762291,8177.0593605482245,111.07240838323332,0.21297259,1.0,6.79595575,0.04629559,0.02358902,0.2186077413190132,65.0,B,0.3333333333333333,True,co2_methanol,yaml_analytic_thermo_microkinetic,38.4836,8.896860965616231e-05,54.8135,,2.3691,0.197,0.023608,low,YAML-driven analytic thermodynamic equilibrium + catalyst descriptor screen (co2_methanol). Catalyst descriptor score is weak.
co2_methanol_sweep_0168,cand_0001,[Pt].[Ti],Pt/TiO2,287.410713,72.957115,20140.502886006747,110.08186555399203,0.374704,1.0,3.62329523,0.41801312,0.14290571,0.2186077413190132,65.0,B,0.3333333333333333,True,co2_methanol,yaml_analytic_thermo_microkinetic,49.8753,2.2519998596611823e-05,17.9079,,0.8352,0.1865,0.007302,low,YAML-driven analytic thermodynamic equilibrium + catalyst descriptor screen (co2_methanol). Catalyst descriptor score is weak.
co2_methanol_sweep_0169,cand_0001,[Pt].[Ti],Pt/TiO2,212.229362,99.878481,19937.593204113127,30.826149496249688,0.26384081,1.0,9.8591817,0.41077468,0.07209152,0.2186077413190132,65.0,B,0.3333333333333333,True,co2_methanol,yaml_analytic_thermo_microkinetic,36.5607,0.00011629419458249683,79.9105,,2.5195,0.1861,0.032515,low,YAML-driven analytic thermodynamic equilibrium + catalyst descriptor screen (co2_methanol). Catalyst descriptor score is weak.
co2_methanol_sweep_0170,cand_0001,[Pt].[Ti],Pt/TiO2,273.799002,40.249306,13953.379931056248,78.5701054651766,0.02869437,1.0,5.78153091,0.23946418,0.02965094,0.2186077413190132,65.0,B,0.3333333333333333,True,co2_methanol,yaml_analytic_thermo_microkinetic,47.4647,2.9317370541508857e-05,23.2251,,1.0581,0.1997,0.010138,low,YAML-driven analytic thermodynamic equilibrium + catalyst descriptor screen (co2_methanol). Catalyst descriptor score is weak.
co2_methanol_sweep_0171,cand_0001,[Pt].[Ti],Pt/TiO2,287.286915,32.262344,2266.446579097304,93.58741680324904,0.03797758,1.0,4.86380024,0.36256396,0.18479816,0.2186077413190132,65.0,B,0.3333333333333333,True,co2_methanol,yaml_analytic_thermo_microkinetic,49.8534,2.2572786435227595e-05,10.7501,,0.4489,0.1867,0.004387,low,YAML-driven analytic thermodynamic equilibrium + catalyst descriptor screen (co2_methanol). Catalyst descriptor score is weak.
co2_methanol_sweep_0172,cand_0001,[Pt].[Ti],Pt/TiO2,220.408998,80.851436,25431.20717924466,199.57311900924935,0.08991025,1.0,5.58275695,0.4636635,0.46501614,0.2186077413190132,65.0,B,0.3333333333333333,True,co2_methanol,yaml_analytic_thermo_microkinetic,38.0093,9.494126932042447e-05,50.0868,,1.8157,0.1945,0.0213,low,YAML-driven analytic thermodynamic equilibrium + catalyst descriptor screen (co2_methanol). Catalyst descriptor score is weak.
co2_methanol_sweep_0173,cand_0001,[Pt].[Ti],Pt/TiO2,258.024775,72.78384,2881.1884194918716,178.80474395763653,0.22738721,1.0,3.96388043,0.21266031,0.31540631,0.2186077413190132,65.0,B,0.3333333333333333,True,co2_methanol,yaml_analytic_thermo_microkinetic,44.6711,4.0478638328855595e-05,30.7779,,1.4354,0.2088,0.014046,high,YAML-driven analytic thermodynamic equilibrium + catalyst descriptor screen (co2_methanol).
co2_methanol_sweep_0174,cand_0001,[Pt].[Ti],Pt/TiO2,211.729497,86.37607,4683.140926994229,122.2350211173803,0.09271064,1.0,3.57860407,0.40608138,0.34400692,0.2186077413190132,65.0,B,0.3333333333333333,True,co2_methanol,yaml_analytic_thermo_microkinetic,36.4722,0.00011777102601909643,40.3584,,1.7168,0.1856,0.016373,low,YAML-driven analytic thermodynamic equilibrium + catalyst descriptor screen (co2_methanol). Catalyst descriptor score is weak.
co2_methanol_sweep_0175,cand_0001,[Pt].[Ti],Pt/TiO2,279.93299,25.174753,28604.374675009378,89.24589908584433,0.02428488,1.0,7.31242546,0.21008907,0.40226428,0.2186077413190132,65.0,B,0.3333333333333333,True,co2_methanol,yaml_analytic_thermo_microkinetic,48.551,2.5989814927652508e-05,16.008,,0.7518,0.1942,0.006796,low,YAML-driven analytic thermodynamic equilibrium + catalyst descriptor screen (co2_methanol). Catalyst descriptor score is weak.
co2_methanol_sweep_0176,cand_0001,[Pt].[Ti],Pt/TiO2,201.079618,22.916862,19803.797314917734,151.26898194733394,0.35264154,1.0,6.52631381,0.04968266,0.13801053,0.2186077413190132,65.0,B,0.3333333333333333,True,co2_methanol,yaml_analytic_thermo_microkinetic,34.5861,0.00015507689142944372,36.716,,1.8021,0.1735,0.013925,low,YAML-driven analytic thermodynamic equilibrium + catalyst descriptor screen (co2_methanol). Catalyst descriptor score is weak.
co2_methanol_sweep_0177,cand_0001,[Pt].[Ti],Pt/TiO2,210.272595,57.382602,26234.15097931513,133.36305520044652,0.39879265,1.0,2.73180647,0.02385899,0.36153415,0.2186077413190132,65.0,B,0.3333333333333333,True,co2_methanol,yaml_analytic_thermo_microkinetic,36.2141,0.0001222014434442111,31.2862,,2.0355,0.184,0.012583,low,YAML-driven analytic thermodynamic equilibrium + catalyst descriptor screen (co2_methanol). Catalyst descriptor score is weak.
co2_methanol_sweep_0178,cand_0001,[Pt].[Ti],Pt/TiO2,278.783041,68.643397,20327.43454706483,54.65295109516587,0.42138482,1.0,8.20880521,0.35017329,0.35846945,0.2186077413190132,65.0,B,0.3333333333333333,True,co2_methanol,yaml_analytic_thermo_microkinetic,48.3473,2.6578072250120243e-05,39.1559,,1.4725,0.1953,0.016717,low,YAML-driven analytic thermodynamic equilibrium + catalyst descriptor screen (co2_methanol). Catalyst descriptor score is weak.
co2_methanol_sweep_0179,cand_0001,[Pt].[Ti],Pt/TiO2,186.578894,92.336991,23811.18522897818,143.3091426557323,0.26871061,1.0,8.51125183,0.18265956,0.19755702,0.2186077413190132,65.0,B,0.3333333333333333,True,co2_methanol,yaml_analytic_thermo_microkinetic,32.018,0.0002302344985126213,84.9272,,2.9666,0.1571,0.029164,low,YAML-driven analytic thermodynamic equilibrium + catalyst descriptor screen (co2_methanol). Catalyst descriptor score is weak.
co2_methanol_sweep_0180,cand_0001,[Pt].[Ti],Pt/TiO2,185.258184,35.580353,17938.495743444713,147.20198816369097,0.38607858,1.0,8.95219503,0.33271888,0.11365695,0.2186077413190132,65.0,B,0.3333333333333333,True,co2_methanol,yaml_analytic_thermo_microkinetic,31.7841,0.00023896877947884252,57.5294,,1.9529,0.1557,0.019578,low,YAML-driven analytic thermodynamic equilibrium + catalyst descriptor screen (co2_methanol). Catalyst descriptor score is weak.
co2_methanol_sweep_0181,cand_0001,[Pt].[Ti],Pt/TiO2,203.024406,41.919253,4127.918293105661,76.00530003603694,0.27262789,1.0,2.68543453,0.27413025,0.33477355,0.2186077413190132,65.0,B,0.3333333333333333,True,co2_methanol,yaml_analytic_thermo_microkinetic,34.9305,0.0001473413004509681,21.1372,,1.1569,0.1757,0.00812,low,YAML-driven analytic thermodynamic equilibrium + catalyst descriptor screen (co2_methanol). Catalyst descriptor score is weak.
co2_methanol_sweep_0182,cand_0001,[Pt].[Ti],Pt/TiO2,276.464443,42.224863,16427.602888744575,191.66358172673844,0.04864881,1.0,9.96916907,0.13704298,0.27419816,0.2186077413190132,65.0,B,0.3333333333333333,True,co2_methanol,yaml_analytic_thermo_microkinetic,47.9367,2.7812869456106938e-05,37.1929,,1.57,0.1974,0.016051,low,YAML-driven analytic thermodynamic equilibrium + catalyst descriptor screen (co2_methanol). Catalyst descriptor score is weak.
co2_methanol_sweep_0183,cand_0001,[Pt].[Ti],Pt/TiO2,297.208085,50.130859,27839.13363544673,63.457497625351195,0.40707782,1.0,6.49112373,0.09765833,0.24953024,0.2186077413190132,65.0,B,0.3333333333333333,True,co2_methanol,yaml_analytic_thermo_microkinetic,51.6104,1.8771436660683872e-05,27.7844,,1.3679,0.1755,0.010658,low,YAML-driven analytic thermodynamic equilibrium + catalyst descriptor screen (co2_methanol). Catalyst descriptor score is weak.
co2_methanol_sweep_0184,cand_0001,[Pt].[Ti],Pt/TiO2,280.735613,76.200941,7807.263056264643,57.20934804979565,0.44751296,1.0,7.7025333,0.4512843,0.48130513,0.2186077413190132,65.0,B,0.3333333333333333,True,co2_methanol,yaml_analytic_thermo_microkinetic,48.6931,2.5588374707086417e-05,37.1726,,1.3864,0.1934,0.015719,low,YAML-driven analytic thermodynamic equilibrium + catalyst descriptor screen (co2_methanol). Catalyst descriptor score is weak.
co2_methanol_sweep_0185,cand_0001,[Pt].[Ti],Pt/TiO2,213.94694,73.57327,16056.986071639054,104.25317206663794,0.18487292,1.0,3.17449564,0.07254653,0.36882749,0.2186077413190132,65.0,B,0.3333333333333333,True,co2_methanol,yaml_analytic_thermo_microkinetic,36.8649,0.00011138136515487282,39.158,,2.0683,0.188,0.016092,low,YAML-driven analytic thermodynamic equilibrium + catalyst descriptor screen (co2_methanol). Catalyst descriptor score is weak.
co2_methanol_sweep_0186,cand_0001,[Pt].[Ti],Pt/TiO2,261.061947,97.009776,25651.55368539961,73.81189752163667,0.46304561,1.0,7.25407265,0.24392958,0.18590516,0.2186077413190132,65.0,B,0.3333333333333333,True,co2_methanol,yaml_analytic_thermo_microkinetic,45.2089,3.79846122791984e-05,55.0199,,2.0053,0.2077,0.024978,high,YAML-driven analytic thermodynamic equilibrium + catalyst descriptor screen (co2_methanol).
co2_methanol_sweep_0187,cand_0001,[Pt].[Ti],Pt/TiO2,225.686263,72.147574,19031.325691122973,161.53078305360563,0.09759853,1.0,4.49312583,0.49157272,0.1914373,0.2186077413190132,65.0,B,0.3333333333333333,True,co2_methanol,yaml_analytic_thermo_microkinetic,38.9439,8.358857517888553e-05,38.1364,,1.516,0.1993,0.016612,low,YAML-driven analytic thermodynamic equilibrium + catalyst descriptor screen (co2_methanol). Catalyst descriptor score is weak.
co2_methanol_sweep_0188,cand_0001,[Pt].[Ti],Pt/TiO2,267.712726,30.597695,21636.879766963797,68.20258908286867,0.21563699,1.0,6.71138019,0.00467211,0.21950354,0.2186077413190132,65.0,B,0.3333333333333333,True,co2_methanol,yaml_analytic_thermo_microkinetic,46.3868,3.3129342964804845e-05,27.8308,,1.6718,0.2041,0.01242,high,YAML-driven analytic thermodynamic equilibrium + catalyst descriptor screen (co2_methanol).
co2_methanol_sweep_0189,cand_0001,[Pt].[Ti],Pt/TiO2,207.223905,99.301092,8734.743695838506,14.658776435071186,0.35010988,1.0,5.43557103,0.22961394,0.10700583,0.2186077413190132,65.0,B,0.3333333333333333,True,co2_methanol,yaml_analytic_thermo_microkinetic,35.6742,0.00013211486840634042,64.949,,2.4234,0.1806,0.025635,low,YAML-driven analytic thermodynamic equilibrium + catalyst descriptor screen (co2_methanol). Catalyst descriptor score is weak.
co2_methanol_sweep_0190,cand_0001,[Pt].[Ti],Pt/TiO2,244.025202,36.988243,28476.40442075523,26.11325670738378,0.34456205,1.0,9.6516737,0.38910579,0.14630399,0.2186077413190132,65.0,B,0.3333333333333333,True,co2_methanol,yaml_analytic_thermo_microkinetic,42.1917,5.4792758321602506e-05,35.3357,,1.3282,0.2093,0.016169,high,YAML-driven analytic thermodynamic equilibrium + catalyst descriptor screen (co2_methanol).
co2_methanol_sweep_0191,cand_0001,[Pt].[Ti],Pt/TiO2,286.111544,55.090628,7136.833351446602,59.5783601826626,0.33573743,1.0,4.17799041,0.44982517,0.47129719,0.2186077413190132,65.0,B,0.3333333333333333,True,co2_methanol,yaml_analytic_thermo_microkinetic,49.6452,2.3081365357043147e-05,14.1869,,0.6371,0.1879,0.005828,low,YAML-driven analytic thermodynamic equilibrium + catalyst descriptor screen (co2_methanol). Catalyst descriptor score is weak.
co2_methanol_sweep_0192,cand_0001,[Pt].[Ti],Pt/TiO2,264.730673,79.300804,12805.889766529375,137.86400056999526,0.49939812,1.0,5.28717772,0.09159797,0.07455911,0.2186077413190132,65.0,B,0.3333333333333333,True,co2_methanol,yaml_analytic_thermo_microkinetic,45.8587,3.5209709550595086e-05,42.5737,,1.9334,0.2059,0.019164,high,YAML-driven analytic thermodynamic equilibrium + catalyst descriptor screen (co2_methanol).
co2_methanol_sweep_0193,cand_0001,[Pt].[Ti],Pt/TiO2,271.519509,77.443176,17786.270203701995,170.39697819431535,0.20181799,1.0,8.14744613,0.14467277,0.03890295,0.2186077413190132,65.0,B,0.3333333333333333,True,co2_methanol,yaml_analytic_thermo_microkinetic,47.061,3.068096557534841e-05,52.1981,,2.0139,0.2015,0.02299,high,YAML-driven analytic thermodynamic equilibrium + catalyst descriptor screen (co2_methanol).
co2_methanol_sweep_0194,cand_0001,[Pt].[Ti],Pt/TiO2,217.618221,29.452291,11066.960383233123,186.3056602876292,0.21125517,1.0,8.00279987,0.1208925,0.13033207,0.2186077413190132,65.0,B,0.3333333333333333,True,co2_methanol,yaml_analytic_thermo_microkinetic,37.5151,0.00010166804512424049,40.9074,,1.7335,0.1918,0.017152,low,YAML-driven analytic thermodynamic equilibrium + catalyst descriptor screen (co2_methanol). Catalyst descriptor score is weak.
co2_methanol_sweep_0195,cand_0001,[Pt].[Ti],Pt/TiO2,216.000702,32.954593,28055.430874684418,61.78593479467713,0.33884767,1.0,5.72834194,0.27729711,0.39246049,0.2186077413190132,65.0,B,0.3333333333333333,True,co2_methanol,yaml_analytic_thermo_microkinetic,37.2286,0.00010582073662812528,30.3359,,1.2979,0.1901,0.01261,low,YAML-driven analytic thermodynamic equilibrium + catalyst descriptor screen (co2_methanol). Catalyst descriptor score is weak.
co2_methanol_sweep_0196,cand_0001,[Pt].[Ti],Pt/TiO2,201.91368,80.202274,21402.969265699183,168.5896734854651,0.10040847,1.0,8.25791349,0.07222836,0.14193706,0.2186077413190132,65.0,B,0.3333333333333333,True,co2_methanol,yaml_analytic_thermo_microkinetic,34.7338,0.00015170301085489174,78.5167,,2.9547,0.1745,0.029943,low,YAML-driven analytic thermodynamic equilibrium + catalyst descriptor screen (co2_methanol). Catalyst descriptor score is weak.
co2_methanol_sweep_0197,cand_0001,[Pt].[Ti],Pt/TiO2,289.324197,73.660865,2560.7246100930784,101.62145254369486,0.45421413,1.0,5.68440404,0.17149585,0.04182979,0.2186077413190132,65.0,B,0.3333333333333333,True,co2_methanol,yaml_analytic_thermo_microkinetic,50.2142,2.1722455052509833e-05,34.2529,,1.5131,0.1844,0.01381,low,YAML-driven analytic thermodynamic equilibrium + catalyst descriptor screen (co2_methanol). Catalyst descriptor score is weak.
co2_methanol_sweep_0198,cand_0001,[Pt].[Ti],Pt/TiO2,224.03622,37.624478,14411.750275888375,106.91078322702796,0.3120755,1.0,7.66814801,0.46951204,0.44235514,0.2186077413190132,65.0,B,0.3333333333333333,True,co2_methanol,yaml_analytic_thermo_microkinetic,38.6517,8.695888195620687e-05,34.3309,,1.3,0.1979,0.014849,low,YAML-driven analytic thermodynamic equilibrium + catalyst descriptor screen (co2_methanol). Catalyst descriptor score is weak.
co2_methanol_sweep_0199,cand_0001,[Pt].[Ti],Pt/TiO2,234.030424,81.838848,27363.223075119702,172.45707717467377,0.06706134,1.0,3.31232315,0.48047003,0.36433822,0.2186077413190132,65.0,B,0.3333333333333333,True,co2_methanol,yaml_analytic_thermo_microkinetic,40.4217,6.871396676645779e-05,28.8631,,1.2978,0.2052,0.012948,high,YAML-driven analytic thermodynamic equilibrium + catalyst descriptor screen (co2_methanol).
co2_methanol_sweep_0000,cand_0002,[Fe].[Zn],Fe/ZnO,246.735626,88.224449,20639.796291212406,195.32611881108593,0.29506094,1.0,7.91623291,0.38309715,0.48303484,0.08745,70.0,B,0.6666666666666666,True,co2_methanol,yaml_analytic_thermo_microkinetic,42.6717,5.160733815142072e-05,56.1881,,1.9187,0.2797,0.013745,high,YAML-driven analytic thermodynamic equilibrium + catalyst descriptor screen (co2_methanol).
co2_methanol_sweep_0001,cand_0002,[Fe].[Zn],Fe/ZnO,248.323132,91.419846,5728.088276607439,187.13786883609566,0.1754431,1.0,7.2142454,0.47639146,0.3794319,0.08745,70.0,B,0.6666666666666666,True,co2_methanol,yaml_analytic_thermo_microkinetic,42.9529,4.984273597358213e-05,52.58,,1.8019,0.2799,0.012871,high,YAML-driven analytic thermodynamic equilibrium + catalyst descriptor screen (co2_methanol).
co2_methanol_sweep_0002,cand_0002,[Fe].[Zn],Fe/ZnO,198.867249,63.574473,11264.13163592104,171.51149392287354,0.30661369,1.0,9.16967649,0.30257325,0.1602672,0.08745,70.0,B,0.6666666666666666,True,co2_methanol,yaml_analytic_thermo_microkinetic,34.1943,0.0001644560674238866,71.4722,,2.3497,0.2279,0.014244,high,YAML-driven analytic thermodynamic equilibrium + catalyst descriptor screen (co2_methanol).
co2_methanol_sweep_0003,cand_0002,[Fe].[Zn],Fe/ZnO,186.73297,67.922145,15094.659059478216,93.49141525304171,0.24079238,1.0,5.07382842,0.15813809,0.42258123,0.08745,70.0,B,0.6666666666666666,True,co2_methanol,yaml_analytic_thermo_microkinetic,32.0453,0.00022923976279861426,60.0795,,2.3972,0.2097,0.011016,high,YAML-driven analytic thermodynamic equilibrium + catalyst descriptor screen (co2_methanol).
co2_methanol_sweep_0004,cand_0002,[Fe].[Zn],Fe/ZnO,293.804505,94.651816,18734.262186421387,149.06647599771114,0.16381074,1.0,7.79480314,0.09443273,0.29332547,0.08745,70.0,B,0.6666666666666666,True,co2_methanol,yaml_analytic_thermo_microkinetic,51.0076,1.9982817811504382e-05,51.1394,,2.0902,0.2392,0.010696,high,YAML-driven analytic thermodynamic equilibrium + catalyst descriptor screen (co2_methanol).
co2_methanol_sweep_0005,cand_0002,[Fe].[Zn],Fe/ZnO,219.337709,51.266929,18141.962885719684,90.23919519182486,0.41298809,1.0,5.52670961,0.4865313,0.09677918,0.08745,70.0,B,0.6666666666666666,True,co2_methanol,yaml_analytic_thermo_microkinetic,37.8196,9.746021461895845e-05,36.3132,,1.4081,0.258,0.008193,high,YAML-driven analytic thermodynamic equilibrium + catalyst descriptor screen (co2_methanol).
co2_methanol_sweep_0006,cand_0002,[Fe].[Zn],Fe/ZnO,193.390503,90.344099,10232.012851653484,180.09267454159775,0.44333787,1.0,3.92852302,0.31573709,0.23804818,0.08745,70.0,B,0.6666666666666666,True,co2_methanol,yaml_analytic_thermo_microkinetic,33.2243,0.00019064390369862697,51.4586,,2.1089,0.2195,0.009878,high,YAML-driven analytic thermodynamic equilibrium + catalyst descriptor screen (co2_methanol).
co2_methanol_sweep_0007,cand_0002,[Fe].[Zn],Fe/ZnO,272.724651,75.372504,18080.428420262127,190.93104257683171,0.13132226,1.0,7.57326388,0.23608691,0.2005875,0.08745,70.0,B,0.6666666666666666,True,co2_methanol,yaml_analytic_thermo_microkinetic,47.2744,2.995091195383079e-05,46.1322,,1.7524,0.2674,0.010787,high,YAML-driven analytic thermodynamic equilibrium + catalyst descriptor screen (co2_methanol).
co2_methanol_sweep_0008,cand_0002,[Fe].[Zn],Fe/ZnO,221.619169,38.178568,6681.710997495642,96.2175696524277,0.48890821,1.0,5.95876729,0.31446354,0.22397868,0.08745,70.0,B,0.6666666666666666,True,co2_methanol,yaml_analytic_thermo_microkinetic,38.2236,9.218656674157049e-05,32.5515,,1.3439,0.2609,0.007427,high,YAML-driven analytic thermodynamic equilibrium + catalyst descriptor screen (co2_methanol).
co2_methanol_sweep_0009,cand_0002,[Fe].[Zn],Fe/ZnO,296.487958,87.506424,29431.83761616353,155.94002302743812,0.23084521,1.0,7.82825625,0.08610742,0.37304025,0.08745,70.0,B,0.6666666666666666,True,co2_methanol,yaml_analytic_thermo_microkinetic,51.4829,1.9020273937628184e-05,47.8813,,2.016,0.2351,0.009843,high,YAML-driven analytic thermodynamic equilibrium + catalyst descriptor screen (co2_methanol).
co2_methanol_sweep_0010,cand_0002,[Fe].[Zn],Fe/ZnO,231.801412,47.837445,13646.037146146755,153.06886194469183,0.43977488,1.0,8.59909152,0.2831941,0.34134531,0.08745,70.0,B,0.6666666666666666,True,co2_methanol,yaml_analytic_thermo_microkinetic,40.0269,7.236079805988751e-05,46.5793,,1.7079,0.2718,0.01107,high,YAML-driven analytic thermodynamic equilibrium + catalyst descriptor screen (co2_methanol).
co2_methanol_sweep_0011,cand_0002,[Fe].[Zn],Fe/ZnO,229.703237,57.799582,9958.676305620156,94.83216122679765,0.31404745,1.0,8.66215375,0.39924622,0.42842429,0.08745,70.0,B,0.6666666666666666,True,co2_methanol,yaml_analytic_thermo_microkinetic,39.6553,7.600205716492798e-05,51.2808,,1.762,0.2698,0.012101,high,YAML-driven analytic thermodynamic equilibrium + catalyst descriptor screen (co2_methanol).
co2_methanol_sweep_0012,cand_0002,[Fe].[Zn],Fe/ZnO,288.382912,43.56494,23963.47917370313,65.71291182377324,0.06325073,1.0,2.64365677,0.22683533,0.04507706,0.08745,70.0,B,0.6666666666666666,True,co2_methanol,yaml_analytic_thermo_microkinetic,50.0475,2.2110511955541606e-05,10.243,,0.5462,0.2473,0.002215,high,YAML-driven analytic thermodynamic equilibrium + catalyst descriptor screen (co2_methanol).
co2_methanol_sweep_0013,cand_0002,[Fe].[Zn],Fe/ZnO,270.132749,82.113244,21117.089389699868,87.29411964596406,0.01774349,1.0,7.47614436,0.08386056,0.35699409,0.08745,70.0,B,0.6666666666666666,True,co2_methanol,yaml_analytic_thermo_microkinetic,46.8154,3.154725773136789e-05,53.1576,,2.1821,0.27,0.012551,high,YAML-driven analytic thermodynamic equilibrium + catalyst descriptor screen (co2_methanol).
co2_methanol_sweep_0014,cand_0002,[Fe].[Zn],Fe/ZnO,213.416426,90.568312,20455.25181038851,17.062668787328086,0.14570134,1.0,9.08965922,0.43891977,0.07593173,0.08745,70.0,B,0.6666666666666666,True,co2_methanol,yaml_analytic_thermo_microkinetic,36.7709,0.00011287256556999238,74.5763,,2.3553,0.2499,0.016297,high,YAML-driven analytic thermodynamic equilibrium + catalyst descriptor screen (co2_methanol).
co2_methanol_sweep_0015,cand_0002,[Fe].[Zn],Fe/ZnO,207.849541,30.940061,9828.177795040414,169.73627163484025,0.23626502,1.0,7.63833543,0.05167535,0.45213869,0.08745,70.0,B,0.6666666666666666,True,co2_methanol,yaml_analytic_thermo_microkinetic,35.785,0.00013000646564202464,45.6836,,2.0548,0.2417,0.009655,high,YAML-driven analytic thermodynamic equilibrium + catalyst descriptor screen (co2_methanol).
co2_methanol_sweep_0016,cand_0002,[Fe].[Zn],Fe/ZnO,211.137958,62.164942,29836.116984404838,158.28450548221508,0.14913283,1.0,8.81675755,0.28602271,0.32494299,0.08745,70.0,B,0.6666666666666666,True,co2_methanol,yaml_analytic_thermo_microkinetic,36.3674,0.00011954697854222866,64.9982,,2.1901,0.2466,0.014016,high,YAML-driven analytic thermodynamic equilibrium + catalyst descriptor screen (co2_methanol).
co2_methanol_sweep_0017,cand_0002,[Fe].[Zn],Fe/ZnO,222.024864,84.607079,9310.417068184961,114.34768365007717,0.22127323,1.0,7.42053367,0.11015543,0.08607068,0.08745,70.0,B,0.6666666666666666,True,co2_methanol,yaml_analytic_thermo_microkinetic,38.2955,9.12840304565899e-05,69.1461,,2.5913,0.2614,0.015806,high,YAML-driven analytic thermodynamic equilibrium + catalyst descriptor screen (co2_methanol).
co2_methanol_sweep_0018,cand_0002,[Fe].[Zn],Fe/ZnO,224.715906,20.29321,17493.580340372042,188.53693095954083,0.28244597,1.0,7.06244354,0.26043427,0.3652596,0.08745,70.0,B,0.6666666666666666,True,co2_methanol,yaml_analytic_thermo_microkinetic,38.7721,8.555171455517959e-05,21.2792,,0.9567,0.2646,0.004924,high,YAML-driven analytic thermodynamic equilibrium + catalyst descriptor screen (co2_methanol).
co2_methanol_sweep_0019,cand_0002,[Fe].[Zn],Fe/ZnO,277.115851,33.778386,18924.79939624104,91.87112110742538,0.21835144,1.0,5.66875065,0.25568251,0.24307838,0.08745,70.0,B,0.6666666666666666,True,co2_methanol,yaml_analytic_thermo_microkinetic,48.0521,2.7459210236136814e-05,16.9409,,0.79,0.2624,0.003888,high,YAML-driven analytic thermodynamic equilibrium + catalyst descriptor screen (co2_methanol).
co2_methanol_sweep_0020,cand_0002,[Fe].[Zn],Fe/ZnO,227.935355,83.233595,3087.7700412747167,161.15777450660468,0.28407269,1.0,5.2178059,0.07542553,0.47547937,0.08745,70.0,B,0.6666666666666666,True,co2_methanol,yaml_analytic_thermo_microkinetic,39.3422,7.923726215715945e-05,53.8915,,2.35,0.2681,0.012634,high,YAML-driven analytic thermodynamic equilibrium + catalyst descriptor screen (co2_methanol).
co2_methanol_sweep_0021,cand_0002,[Fe].[Zn],Fe/ZnO,197.809717,38.41884,3499.2715026603832,18.397518156414446,0.09515989,1.0,8.1097614,0.06708848,0.01738772,0.08745,70.0,B,0.6666666666666666,True,co2_methanol,yaml_analytic_thermo_microkinetic,34.007,0.00016917068863980545,59.3484,,2.3838,0.2263,0.011743,high,YAML-driven analytic thermodynamic equilibrium + catalyst descriptor screen (co2_methanol).
co2_methanol_sweep_0022,cand_0002,[Fe].[Zn],Fe/ZnO,283.538942,88.80305,26655.165182724315,69.90513502064033,0.08026638,1.0,2.2843683,0.16370285,0.32921018,0.08745,70.0,B,0.6666666666666666,True,co2_methanol,yaml_analytic_thermo_microkinetic,49.1896,2.4242824394880343e-05,18.6973,,1.2333,0.2542,0.004156,high,YAML-driven analytic thermodynamic equilibrium + catalyst descriptor screen (co2_methanol).
co2_methanol_sweep_0023,cand_0002,[Fe].[Zn],Fe/ZnO,277.336793,59.735335,24907.68791795768,135.2310056652788,0.20434385,1.0,2.85012842,0.00015797,0.46939757,0.08745,70.0,B,0.6666666666666666,True,co2_methanol,yaml_analytic_thermo_microkinetic,48.0912,2.7340469724736415e-05,21.9223,,1.6184,0.2622,0.005026,high,YAML-driven analytic thermodynamic equilibrium + catalyst descriptor screen (co2_methanol).
co2_methanol_sweep_0024,cand_0002,[Fe].[Zn],Fe/ZnO,223.726345,62.867555,8418.540195672571,108.28162803338304,0.18781359,1.0,9.77602469,0.14700891,0.00422419,0.08745,70.0,B,0.6666666666666666,True,co2_methanol,yaml_analytic_thermo_microkinetic,38.5968,8.760937902956485e-05,67.3529,,2.39,0.2634,0.015517,high,YAML-driven analytic thermodynamic equilibrium + catalyst descriptor screen (co2_methanol).
co2_methanol_sweep_0025,cand_0002,[Fe].[Zn],Fe/ZnO,208.333557,69.611269,8649.896233931673,64.5368219849615,0.03192586,1.0,3.15944255,0.39717044,0.39830585,0.08745,70.0,B,0.6666666666666666,True,co2_methanol,yaml_analytic_thermo_microkinetic,35.8707,0.00012840212119414089,32.409,,1.4796,0.2424,0.00687,high,YAML-driven analytic thermodynamic equilibrium + catalyst descriptor screen (co2_methanol).
co2_methanol_sweep_0026,cand_0002,[Fe].[Zn],Fe/ZnO,299.3269,76.997468,2742.803259009996,29.2767889738252,0.49548969,1.0,2.95200897,0.44571148,0.48815254,0.08745,70.0,B,0.6666666666666666,True,co2_methanol,yaml_analytic_thermo_microkinetic,51.9857,1.806147864399054e-05,11.3682,,0.5191,0.2307,0.002293,high,YAML-driven analytic thermodynamic equilibrium + catalyst descriptor screen (co2_methanol).
co2_methanol_sweep_0027,cand_0002,[Fe].[Zn],Fe/ZnO,289.121365,22.750498,27070.141242859092,120.99940969714419,0.28627854,1.0,6.14796205,0.08084284,0.39511094,0.08745,70.0,B,0.6666666666666666,True,co2_methanol,yaml_analytic_thermo_microkinetic,50.1783,2.18053859854299e-05,14.0958,,0.7632,0.2462,0.003035,high,YAML-driven analytic thermodynamic equilibrium + catalyst descriptor screen (co2_methanol).
co2_methanol_sweep_0028,cand_0002,[Fe].[Zn],Fe/ZnO,181.028132,44.430077,11936.519671205924,192.4825779478848,0.38223526,1.0,3.694641,0.06964915,0.38895221,0.08745,70.0,B,0.6666666666666666,True,co2_methanol,yaml_analytic_thermo_microkinetic,31.0349,0.0002696291572188191,41.8044,,2.1052,0.2017,0.007375,high,YAML-driven analytic thermodynamic equilibrium + catalyst descriptor screen (co2_methanol).
co2_methanol_sweep_0029,cand_0002,[Fe].[Zn],Fe/ZnO,235.220261,38.961583,15589.37674897597,166.3646608889651,0.10303809,1.0,5.14130474,0.28995541,0.47472714,0.08745,70.0,B,0.6666666666666666,True,co2_methanol,yaml_analytic_thermo_microkinetic,40.6324,6.685555281084984e-05,26.405,,1.1696,0.2745,0.006339,high,YAML-driven analytic thermodynamic equilibrium + catalyst descriptor screen (co2_methanol).
co2_methanol_sweep_0030,cand_0002,[Fe].[Zn],Fe/ZnO,271.902343,98.481273,28987.430296124698,46.241884257353945,0.07533065,1.0,6.01575937,0.10599223,0.13646857,0.08745,70.0,B,0.6666666666666666,True,co2_methanol,yaml_analytic_thermo_microkinetic,47.1288,3.044679203094699e-05,51.6011,,2.1422,0.2682,0.012105,high,YAML-driven analytic thermodynamic equilibrium + catalyst descriptor screen (co2_methanol).
co2_methanol_sweep_0031,cand_0002,[Fe].[Zn],Fe/ZnO,215.77549,45.429647,14508.729656418804,25.011846821406436,0.0143804,1.0,2.22184412,0.43440834,0.41563496,0.08745,70.0,B,0.6666666666666666,True,co2_methanol,yaml_analytic_thermo_microkinetic,37.1887,0.00010641446316132456,13.6235,,0.8498,0.2532,0.003017,high,YAML-driven analytic thermodynamic equilibrium + catalyst descriptor screen (co2_methanol).
co2_methanol_sweep_0032,cand_0002,[Fe].[Zn],Fe/ZnO,238.910059,58.757889,18510.681760026277,99.90853850456234,0.25543834,1.0,6.59415307,0.17922416,0.30714032,0.08745,70.0,B,0.6666666666666666,True,co2_methanol,yaml_analytic_thermo_microkinetic,41.2858,6.145581266214869e-05,46.0644,,1.8413,0.2769,0.011154,high,YAML-driven analytic thermodynamic equilibrium + catalyst descriptor screen (co2_methanol).
co2_methanol_sweep_0033,cand_0002,[Fe].[Zn],Fe/ZnO,198.047418,60.733787,23100.139188472687,55.5721546717839,0.19994713,1.0,8.3953804,0.41736151,0.3845634,0.08745,70.0,B,0.6666666666666666,True,co2_methanol,yaml_analytic_thermo_microkinetic,34.0491,0.00016809748754403043,65.1899,,2.1247,0.2266,0.01292,high,YAML-driven analytic thermodynamic equilibrium + catalyst descriptor screen (co2_methanol).
co2_methanol_sweep_0034,cand_0002,[Fe].[Zn],Fe/ZnO,215.367971,75.763542,25984.69996624807,150.85333769545213,0.46123868,1.0,4.46728036,0.39281249,0.47787217,0.08745,70.0,B,0.6666666666666666,True,co2_methanol,yaml_analytic_thermo_microkinetic,37.1165,0.00010749869185483921,41.6471,,1.6764,0.2526,0.009201,high,YAML-driven analytic thermodynamic equilibrium + catalyst descriptor screen (co2_methanol).
co2_methanol_sweep_0035,cand_0002,[Fe].[Zn],Fe/ZnO,239.973915,45.927401,29686.855718045383,48.511859362046955,0.38895934,1.0,9.25715069,0.44487686,0.26406596,0.08745,70.0,B,0.6666666666666666,True,co2_methanol,yaml_analytic_thermo_microkinetic,41.4742,5.999504152986328e-05,40.8795,,1.462,0.2774,0.009918,high,YAML-driven analytic thermodynamic equilibrium + catalyst descriptor screen (co2_methanol).
co2_methanol_sweep_0036,cand_0002,[Fe].[Zn],Fe/ZnO,251.085748,89.559331,12663.315802469602,164.12829794286725,0.07475222,1.0,7.36300633,0.37789106,0.07774337,0.08745,70.0,B,0.6666666666666666,True,co2_methanol,yaml_analytic_thermo_microkinetic,43.4422,4.693815194511963e-05,55.307,,1.9092,0.28,0.013541,high,YAML-driven analytic thermodynamic equilibrium + catalyst descriptor screen (co2_methanol).
co2_methanol_sweep_0037,cand_0002,[Fe].[Zn],Fe/ZnO,262.812258,21.27919,17010.873144292018,23.245729140384427,0.25216362,1.0,6.92884015,0.06115983,0.03371444,0.08745,70.0,B,0.6666666666666666,True,co2_methanol,yaml_analytic_thermo_microkinetic,45.5189,3.662972034152431e-05,20.3428,,1.1209,0.2758,0.004907,high,YAML-driven analytic thermodynamic equilibrium + catalyst descriptor screen (co2_methanol).
co2_methanol_sweep_0038,cand_0002,[Fe].[Zn],Fe/ZnO,196.285457,95.81488,6286.08747054595,177.47363454511907,0.30465058,1.0,8.06934147,0.03130531,0.38145778,0.08745,70.0,B,0.6666666666666666,True,co2_methanol,yaml_analytic_thermo_microkinetic,33.737,0.0001762443235909549,83.1253,,3.3013,0.2239,0.016278,high,YAML-driven analytic thermodynamic equilibrium + catalyst descriptor screen (co2_methanol).
co2_methanol_sweep_0039,cand_0002,[Fe].[Zn],Fe/ZnO,248.860458,55.452995,26448.705057024326,19.57914191340952,0.07828564,1.0,4.58482144,0.49425781,0.28512786,0.08745,70.0,B,0.6666666666666666,True,co2_methanol,yaml_analytic_thermo_microkinetic,43.0481,4.926160056510798e-05,24.699,,1.0594,0.28,0.006047,high,YAML-driven analytic thermodynamic equilibrium + catalyst descriptor screen (co2_methanol).
co2_methanol_sweep_0040,cand_0002,[Fe].[Zn],Fe/ZnO,294.650191,56.207636,24774.029431299343,21.362242384119146,0.14086853,1.0,9.32605758,0.26298902,0.06366819,0.08745,70.0,B,0.6666666666666666,True,co2_methanol,yaml_analytic_thermo_microkinetic,51.1574,1.967333952499086e-05,35.6966,,1.4064,0.2379,0.007426,high,YAML-driven analytic thermodynamic equilibrium + catalyst descriptor screen (co2_methanol).
co2_methanol_sweep_0041,cand_0002,[Fe].[Zn],Fe/ZnO,256.420249,22.284738,11557.11495727656,50.548607429839905,0.3703482,1.0,6.37220807,0.32966974,0.00596405,0.08745,70.0,B,0.6666666666666666,True,co2_methanol,yaml_analytic_thermo_microkinetic,44.3869,4.187399243207199e-05,13.4943,,0.5953,0.2789,0.003292,high,YAML-driven analytic thermodynamic equilibrium + catalyst descriptor screen (co2_methanol).
co2_methanol_sweep_0042,cand_0002,[Fe].[Zn],Fe/ZnO,257.942943,59.309714,11788.170949364707,145.3387398764129,0.4251028,1.0,5.83450368,0.03299779,0.43851579,0.08745,70.0,B,0.6666666666666666,True,co2_methanol,yaml_analytic_thermo_microkinetic,44.6566,4.054846367747883e-05,40.301,,2.0128,0.2784,0.009811,high,YAML-driven analytic thermodynamic equilibrium + catalyst descriptor screen (co2_methanol).
co2_methanol_sweep_0043,cand_0002,[Fe].[Zn],Fe/ZnO,270.730426,96.481954,25247.556211205574,148.00788356293,0.31726238,1.0,4.41639696,0.49595959,0.49457177,0.08745,70.0,B,0.6666666666666666,True,co2_methanol,yaml_analytic_thermo_microkinetic,46.9212,3.117039441648296e-05,29.8234,,1.2521,0.2694,0.007027,high,YAML-driven analytic thermodynamic equilibrium + catalyst descriptor screen (co2_methanol).
co2_methanol_sweep_0044,cand_0002,[Fe].[Zn],Fe/ZnO,273.26103,48.971028,29514.762078582626,36.29998138336444,0.32300189,1.0,6.84944306,0.12876962,0.00100102,0.08745,70.0,B,0.6666666666666666,True,co2_methanol,yaml_analytic_thermo_microkinetic,47.3694,2.963260638062378e-05,34.0446,,1.5284,0.2668,0.007944,high,YAML-driven analytic thermodynamic equilibrium + catalyst descriptor screen (co2_methanol).
co2_methanol_sweep_0045,cand_0002,[Fe].[Zn],Fe/ZnO,184.241258,80.752107,17383.605500773985,69.56772953314878,0.12395348,1.0,8.45368547,0.0255642,0.00832192,0.08745,70.0,B,0.6666666666666666,True,co2_methanol,yaml_analytic_thermo_microkinetic,31.604,0.0002459552091619686,85.5997,,3.4069,0.2061,0.01543,high,YAML-driven analytic thermodynamic equilibrium + catalyst descriptor screen (co2_methanol).
co2_methanol_sweep_0046,cand_0002,[Fe].[Zn],Fe/ZnO,181.599817,69.240653,13233.245499410108,91.27581773379437,0.1342139,1.0,4.94543232,0.24210597,0.06963054,0.08745,70.0,B,0.6666666666666666,True,co2_methanol,yaml_analytic_thermo_microkinetic,31.1362,0.00026523119502525066,62.0085,,2.3626,0.2025,0.010981,high,YAML-driven analytic thermodynamic equilibrium + catalyst descriptor screen (co2_methanol).
co2_methanol_sweep_0047,cand_0002,[Fe].[Zn],Fe/ZnO,261.638324,65.024838,22246.335224811162,13.208962719866008,0.16765965,1.0,9.49788028,0.17304925,0.37630158,0.08745,70.0,B,0.6666666666666666,True,co2_methanol,yaml_analytic_thermo_microkinetic,45.311,3.753201587833041e-05,52.3382,,1.9512,0.2766,0.012658,high,YAML-driven analytic thermodynamic equilibrium + catalyst descriptor screen (co2_methanol).
co2_methanol_sweep_0048,cand_0002,[Fe].[Zn],Fe/ZnO,199.574184,94.005347,14639.513566959491,184.1285613132962,0.19287367,1.0,2.63526086,0.19590732,0.2971952,0.08745,70.0,B,0.6666666666666666,True,co2_methanol,yaml_analytic_thermo_microkinetic,34.3195,0.0001613893380349569,38.5791,,2.0544,0.229,0.007726,high,YAML-driven analytic thermodynamic equilibrium + catalyst descriptor screen (co2_methanol).
co2_methanol_sweep_0049,cand_0002,[Fe].[Zn],Fe/ZnO,269.647045,85.725561,14878.277623975597,194.57295362796745,0.4167616,1.0,9.68698402,0.42885363,0.26139421,0.08745,70.0,B,0.6666666666666666,True,co2_methanol,yaml_analytic_thermo_microkinetic,46.7294,3.185749189001848e-05,52.9583,,1.7703,0.2705,0.012525,high,YAML-driven analytic thermodynamic equilibrium + catalyst descriptor screen (co2_methanol).
co2_methanol_sweep_0050,cand_0002,[Fe].[Zn],Fe/ZnO,251.818844,74.832623,6090.618835039588,136.2099645310589,0.125302,1.0,7.32011861,0.21679023,0.23040776,0.08745,70.0,B,0.6666666666666666,True,co2_methanol,yaml_analytic_thermo_microkinetic,43.572,4.6201119118510405e-05,52.0715,,1.9438,0.2799,0.012746,high,YAML-driven analytic thermodynamic equilibrium + catalyst descriptor screen (co2_methanol).
co2_methanol_sweep_0051,cand_0002,[Fe].[Zn],Fe/ZnO,200.936148,48.400358,24446.804136945088,15.278125609518998,0.32775742,1.0,3.51638237,0.3274275,0.05439793,0.08745,70.0,B,0.6666666666666666,True,co2_methanol,yaml_analytic_thermo_microkinetic,34.5607,0.00015566597682648164,31.4268,,1.4257,0.2311,0.006351,high,YAML-driven analytic thermodynamic equilibrium + catalyst descriptor screen (co2_methanol).
co2_methanol_sweep_0052,cand_0002,[Fe].[Zn],Fe/ZnO,283.114187,92.489293,16392.251408190194,159.29391496400478,0.10740959,1.0,3.85374924,0.46748643,0.09237086,0.08745,70.0,B,0.6666666666666666,True,co2_methanol,yaml_analytic_thermo_microkinetic,49.1144,2.444120149660781e-05,25.4104,,1.1229,0.2547,0.005661,high,YAML-driven analytic thermodynamic equilibrium + catalyst descriptor screen (co2_methanol).
co2_methanol_sweep_0053,cand_0002,[Fe].[Zn],Fe/ZnO,230.636445,29.679407,11486.602605112166,149.40483820129154,0.00799759,1.0,9.59771072,0.23268051,0.01806973,0.08745,70.0,B,0.6666666666666666,True,co2_methanol,yaml_analytic_thermo_microkinetic,39.8206,7.435668246421271e-05,38.53,,1.5063,0.2707,0.009122,high,YAML-driven analytic thermodynamic equilibrium + catalyst descriptor screen (co2_methanol).
co2_methanol_sweep_0054,cand_0002,[Fe].[Zn],Fe/ZnO,249.781128,39.264808,24674.37881806341,61.49422679983453,0.08623867,1.0,8.79500305,0.21813703,0.19342497,0.08745,70.0,B,0.6666666666666666,True,co2_methanol,yaml_analytic_thermo_microkinetic,43.2111,4.8284279582874234e-05,38.035,,1.5159,0.28,0.009313,high,YAML-driven analytic thermodynamic equilibrium + catalyst descriptor screen (co2_methanol).
co2_methanol_sweep_0055,cand_0002,[Fe].[Zn],Fe/ZnO,217.889321,93.537915,12117.153047129077,196.82292371658545,0.05822524,1.0,6.30916965,0.34004949,0.23597114,0.08745,70.0,B,0.6666666666666666,True,co2_methanol,yaml_analytic_thermo_microkinetic,37.5631,0.00010099077228831161,63.488,,2.2134,0.2561,0.014218,high,YAML-driven analytic thermodynamic equilibrium + catalyst descriptor screen (co2_methanol).
co2_methanol_sweep_0056,cand_0002,[Fe].[Zn],Fe/ZnO,264.5673,94.953476,27334.070922778777,76.73527501719002,0.39456718,1.0,6.61161687,0.3072707,0.09954117,0.08745,70.0,B,0.6666666666666666,True,co2_methanol,yaml_analytic_thermo_microkinetic,45.8297,3.532807522216862e-05,49.3519,,1.8204,0.2747,0.011854,high,YAML-driven analytic thermodynamic equilibrium + catalyst descriptor screen (co2_methanol).
co2_methanol_sweep_0057,cand_0002,[Fe].[Zn],Fe/ZnO,297.611984,64.216576,23450.228667232204,104.84177369960275,0.36463717,1.0,4.69710347,0.42263494,0.44424664,0.08745,70.0,B,0.6666666666666666,True,co2_methanol,yaml_analytic_thermo_microkinetic,51.6819,1.8633569611422577e-05,17.6676,,0.7944,0.2333,0.003605,high,YAML-driven analytic thermodynamic equilibrium + catalyst descriptor screen (co2_methanol).
co2_methanol_sweep_0058,cand_0002,[Fe].[Zn],Fe/ZnO,266.05319,60.92009,13389.107358265655,167.22410856235297,0.20622912,1.0,9.55406244,0.04148991,0.22631458,0.08745,70.0,B,0.6666666666666666,True,co2_methanol,yaml_analytic_thermo_microkinetic,46.0929,3.426858303174935e-05,53.05,,2.2647,0.2735,0.01269,high,YAML-driven analytic thermodynamic equilibrium + catalyst descriptor screen (co2_methanol).
co2_methanol_sweep_0059,cand_0002,[Fe].[Zn],Fe/ZnO,256.128469,87.146362,13581.069423590623,164.87181891925798,0.13597253,1.0,2.42288387,0.03591343,0.21397047,0.08745,70.0,B,0.6666666666666666,True,co2_methanol,yaml_analytic_thermo_microkinetic,44.3352,4.213378606632673e-05,27.829,,1.9418,0.279,0.006791,high,YAML-driven analytic thermodynamic equilibrium + catalyst descriptor screen (co2_methanol).
co2_methanol_sweep_0060,cand_0002,[Fe].[Zn],Fe/ZnO,231.35473,58.312949,27537.63712522274,176.79954429323936,0.396454,1.0,4.31855761,0.01631467,0.03693602,0.08745,70.0,B,0.6666666666666666,True,co2_methanol,yaml_analytic_thermo_microkinetic,39.9478,7.311857893483859e-05,41.1142,,2.2058,0.2714,0.009757,high,YAML-driven analytic thermodynamic equilibrium + catalyst descriptor screen (co2_methanol).
co2_methanol_sweep_0061,cand_0002,[Fe].[Zn],Fe/ZnO,182.656525,54.173691,26961.719694644547,38.1652912602098,0.14420946,1.0,2.09390268,0.10053142,0.17612714,0.08745,70.0,B,0.6666666666666666,True,co2_methanol,yaml_analytic_thermo_microkinetic,31.3233,0.00025731787865746093,29.0574,,2.0098,0.2039,0.005182,high,YAML-driven analytic thermodynamic equilibrium + catalyst descriptor screen (co2_methanol).
co2_methanol_sweep_0062,cand_0002,[Fe].[Zn],Fe/ZnO,226.541149,65.349595,11189.507973176966,82.07982445161626,0.31778399,1.0,2.89053177,0.02769736,0.02124092,0.08745,70.0,B,0.6666666666666666,True,co2_methanol,yaml_analytic_thermo_microkinetic,39.0953,8.190252243913587e-05,33.4745,,2.0372,0.2666,0.007805,high,YAML-driven analytic thermodynamic equilibrium + catalyst descriptor screen (co2_methanol).
co2_methanol_sweep_0063,cand_0002,[Fe].[Zn],Fe/ZnO,252.887835,26.080052,29255.97690315581,165.33680454946668,0.33221036,1.0,6.82023433,0.10481985,0.25789502,0.08745,70.0,B,0.6666666666666666,True,co2_methanol,yaml_analytic_thermo_microkinetic,43.7613,4.515064764680743e-05,23.9101,,1.1985,0.2798,0.00585,high,YAML-driven analytic thermodynamic equilibrium + catalyst descriptor screen (co2_methanol).
co2_methanol_sweep_0064,cand_0002,[Fe].[Zn],Fe/ZnO,209.366659,82.687755,15253.221794329784,51.57287052703437,0.11314327,1.0,2.46744427,0.16746329,0.12293207,0.08745,70.0,B,0.6666666666666666,True,co2_methanol,yaml_analytic_thermo_microkinetic,36.0537,0.00012505408663121694,33.7695,,1.9333,0.244,0.007204,high,YAML-driven analytic thermodynamic equilibrium + catalyst descriptor screen (co2_methanol).
co2_methanol_sweep_0065,cand_0002,[Fe].[Zn],Fe/ZnO,216.686071,78.251095,22978.494194131512,111.84216379409463,0.4940877,1.0,9.2352131,0.24760393,0.15251134,0.08745,70.0,B,0.6666666666666666,True,co2_methanol,yaml_analytic_thermo_microkinetic,37.35,0.00010403749857202537,71.4915,,2.3992,0.2545,0.015909,high,YAML-driven analytic thermodynamic equilibrium + catalyst descriptor screen (co2_methanol).
co2_methanol_sweep_0066,cand_0002,[Fe].[Zn],Fe/ZnO,242.536737,27.875615,19683.726893116745,1.2931206663434074,0.15589778,1.0,4.38448633,0.35497318,0.24697736,0.08745,70.0,B,0.6666666666666666,True,co2_methanol,yaml_analytic_thermo_microkinetic,41.9281,5.664011759289564e-05,13.9186,,0.6329,0.2786,0.003391,high,YAML-driven analytic thermodynamic equilibrium + catalyst descriptor screen (co2_methanol).
co2_methanol_sweep_0067,cand_0002,[Fe].[Zn],Fe/ZnO,237.884947,79.134499,16256.773038497284,83.74787723090252,0.28861008,1.0,7.12043468,0.38540233,0.1625242,0.08745,70.0,B,0.6666666666666666,True,co2_methanol,yaml_analytic_thermo_microkinetic,41.1043,6.290298204386581e-05,53.5533,,1.8705,0.2763,0.012939,high,YAML-driven analytic thermodynamic equilibrium + catalyst descriptor screen (co2_methanol).
co2_methanol_sweep_0068,cand_0002,[Fe].[Zn],Fe/ZnO,197.315042,63.820702,28265.039819782134,141.21535096277205,0.48641555,1.0,6.24978679,0.20382668,0.40962332,0.08745,70.0,B,0.6666666666666666,True,co2_methanol,yaml_analytic_thermo_microkinetic,33.9194,0.00017142965424446133,59.9733,,2.2413,0.2255,0.011827,high,YAML-driven analytic thermodynamic equilibrium + catalyst descriptor screen (co2_methanol).
co2_methanol_sweep_0069,cand_0002,[Fe].[Zn],Fe/ZnO,188.891444,56.837159,22853.749127543604,130.118311976481,0.15127451,1.0,2.58831763,0.13103389,0.05126678,0.08745,70.0,B,0.6666666666666666,True,co2_methanol,yaml_analytic_thermo_microkinetic,32.4275,0.00021581330818137303,34.4791,,1.9529,0.2128,0.006416,high,YAML-driven analytic thermodynamic equilibrium + catalyst descriptor screen (co2_methanol).
co2_methanol_sweep_0070,cand_0002,[Fe].[Zn],Fe/ZnO,182.349531,47.502533,3981.8976261332446,39.17059924302393,0.01082449,1.0,8.85403404,0.11559274,0.13485473,0.08745,70.0,B,0.6666666666666666,True,co2_methanol,yaml_analytic_thermo_microkinetic,31.269,0.0002595884432324613,73.1688,,2.6453,0.2035,0.013022,high,YAML-driven analytic thermodynamic equilibrium + catalyst descriptor screen (co2_methanol).
co2_methanol_sweep_0071,cand_0002,[Fe].[Zn],Fe/ZnO,236.180035,51.784189,14132.616092338374,16.079743521079248,0.19557843,1.0,4.1006971,0.06286996,0.22873802,0.08745,70.0,B,0.6666666666666666,True,co2_methanol,yaml_analytic_thermo_microkinetic,40.8023,6.53992679462584e-05,34.2811,,1.7814,0.2752,0.00825,high,YAML-driven analytic thermodynamic equilibrium + catalyst descriptor screen (co2_methanol).
co2_methanol_sweep_0072,cand_0002,[Fe].[Zn],Fe/ZnO,190.854269,97.76515,4400.96159816328,131.00611215838643,0.44617147,1.0,9.62004732,0.24723755,0.35400362,0.08745,70.0,B,0.6666666666666666,True,co2_methanol,yaml_analytic_thermo_microkinetic,32.7752,0.00020438739125015545,86.1255,,2.8991,0.2157,0.016246,high,YAML-driven analytic thermodynamic equilibrium + catalyst descriptor screen (co2_methanol).
co2_methanol_sweep_0073,cand_0002,[Fe].[Zn],Fe/ZnO,206.449597,26.547667,13035.149078458824,189.71283864256844,0.35993794,1.0,9.47233588,0.33518135,0.18887948,0.08745,70.0,B,0.6666666666666666,True,co2_methanol,yaml_analytic_thermo_microkinetic,35.5371,0.0001347795364845324,39.7503,,1.4765,0.2396,0.008327,high,YAML-driven analytic thermodynamic equilibrium + catalyst descriptor screen (co2_methanol).
co2_methanol_sweep_0074,cand_0002,[Fe].[Zn],Fe/ZnO,220.015479,58.960609,26918.975976118978,109.17836800393219,0.02091558,1.0,7.49187866,0.32254549,0.48594911,0.08745,70.0,B,0.6666666666666666,True,co2_methanol,yaml_analytic_thermo_microkinetic,37.9396,9.58576368089702e-05,53.6923,,1.8982,0.2589,0.012155,high,YAML-driven analytic thermodynamic equilibrium + catalyst descriptor screen (co2_methanol).
co2_methanol_sweep_0075,cand_0002,[Fe].[Zn],Fe/ZnO,245.113496,24.495427,21753.534097925032,9.23790753301524,0.12804499,1.0,7.92147155,0.452833,0.22221474,0.08745,70.0,B,0.6666666666666666,True,co2_methanol,yaml_analytic_thermo_microkinetic,42.3845,5.3486749947442284e-05,18.6392,,0.7885,0.2794,0.004554,high,YAML-driven analytic thermodynamic equilibrium + catalyst descriptor screen (co2_methanol).
co2_methanol_sweep_0076,cand_0002,[Fe].[Zn],Fe/ZnO,252.160552,54.623965,18302.56546766242,175.46916810256505,0.17753855,1.0,4.9612074,0.36927943,0.01316562,0.08745,70.0,B,0.6666666666666666,True,co2_methanol,yaml_analytic_thermo_microkinetic,43.6325,4.5862233212148624e-05,28.8201,,1.224,0.2799,0.007054,high,YAML-driven analytic thermodynamic equilibrium + catalyst descriptor screen (co2_methanol).
co2_methanol_sweep_0077,cand_0002,[Fe].[Zn],Fe/ZnO,255.15001,30.261403,21302.658231519006,119.3642577745157,0.06877575,1.0,4.32890627,0.11753615,0.37133757,0.08745,70.0,B,0.6666666666666666,True,co2_methanol,yaml_analytic_thermo_microkinetic,44.1619,4.301895015812357e-05,18.6131,,0.9884,0.2793,0.004547,high,YAML-driven analytic thermodynamic equilibrium + catalyst descriptor screen (co2_methanol).
co2_methanol_sweep_0078,cand_0002,[Fe].[Zn],Fe/ZnO,189.61325,46.63537,7628.884498921604,113.35060482404971,0.18049485,1.0,7.73778153,0.37518825,0.30794354,0.08745,70.0,B,0.6666666666666666,True,co2_methanol,yaml_analytic_thermo_microkinetic,32.5554,0.00021152778898640394,58.8807,,1.9977,0.2139,0.011012,high,YAML-driven analytic thermodynamic equilibrium + catalyst descriptor screen (co2_methanol).
co2_methanol_sweep_0079,cand_0002,[Fe].[Zn],Fe/ZnO,238.777818,25.450919,7033.182213876061,8.851264120341014,0.46821685,1.0,6.73298777,0.1880657,0.38533636,0.08745,70.0,B,0.6666666666666666,True,co2_methanol,yaml_analytic_thermo_microkinetic,41.2624,6.164029034136529e-05,23.2262,,1.0821,0.2768,0.005622,high,YAML-driven analytic thermodynamic equilibrium + catalyst descriptor screen (co2_methanol).
co2_methanol_sweep_0080,cand_0002,[Fe].[Zn],Fe/ZnO,250.356341,28.879651,10533.145080624741,181.8566375253109,0.22285469,1.0,5.85512409,0.27248875,0.21121343,0.08745,70.0,B,0.6666666666666666,True,co2_methanol,yaml_analytic_thermo_microkinetic,43.313,4.768524325523183e-05,19.4947,,0.8929,0.28,0.004773,high,YAML-driven analytic thermodynamic equilibrium + catalyst descriptor screen (co2_methanol).
co2_methanol_sweep_0081,cand_0002,[Fe].[Zn],Fe/ZnO,203.593628,41.188157,27983.810221942524,105.57884329302321,0.44190585,1.0,9.29313549,0.18536805,0.31912992,0.08745,70.0,B,0.6666666666666666,True,co2_methanol,yaml_analytic_thermo_microkinetic,35.0313,0.000145162505052559,57.8089,,2.088,0.2352,0.01189,high,YAML-driven analytic thermodynamic equilibrium + catalyst descriptor screen (co2_methanol).
co2_methanol_sweep_0082,cand_0002,[Fe].[Zn],Fe/ZnO,214.287993,96.280423,3737.355164876359,198.6100446325909,0.47028361,1.0,7.029007,0.43703102,0.31228797,0.08745,70.0,B,0.6666666666666666,True,co2_methanol,yaml_analytic_thermo_microkinetic,36.9253,0.00011043482236034863,65.7614,,2.1912,0.2511,0.014442,high,YAML-driven analytic thermodynamic equilibrium + catalyst descriptor screen (co2_methanol).
co2_methanol_sweep_0083,cand_0002,[Fe].[Zn],Fe/ZnO,180.394844,28.512944,9586.95957516332,48.76125034678357,0.40398015,1.0,7.10814552,0.30965795,0.15106282,0.08745,70.0,B,0.6666666666666666,True,co2_methanol,yaml_analytic_thermo_microkinetic,30.9228,0.0002745995098892488,45.7937,,1.703,0.2009,0.008044,high,YAML-driven analytic thermodynamic equilibrium + catalyst descriptor screen (co2_methanol).
co2_methanol_sweep_0084,cand_0002,[Fe].[Zn],Fe/ZnO,193.801452,25.719648,9196.670202342128,98.11959275254281,0.47875771,1.0,8.28338805,0.47966408,0.45658655,0.08745,70.0,B,0.6666666666666666,True,co2_methanol,yaml_analytic_thermo_microkinetic,33.2971,0.00018851913646862284,35.861,,1.331,0.2201,0.006904,high,YAML-driven analytic thermodynamic equilibrium + catalyst descriptor screen (co2_methanol).
co2_methanol_sweep_0085,cand_0002,[Fe].[Zn],Fe/ZnO,241.7597,60.319208,6617.526370660013,7.513986483082338,0.45164177,1.0,5.61461839,0.46144905,0.06510198,0.08745,70.0,B,0.6666666666666666,True,co2_methanol,yaml_analytic_thermo_microkinetic,41.7905,5.763351393842296e-05,34.4304,,1.3549,0.2783,0.008378,high,YAML-driven analytic thermodynamic equilibrium + catalyst descriptor screen (co2_methanol).
co2_methanol_sweep_0086,cand_0002,[Fe].[Zn],Fe/ZnO,237.148822,95.383657,29960.164277484346,128.46248818522088,0.43668664,1.0,3.91059612,0.05772734,0.09367614,0.08745,70.0,B,0.6666666666666666,True,co2_methanol,yaml_analytic_thermo_microkinetic,40.9739,6.396684891874565e-05,46.2299,,2.2725,0.2758,0.011151,high,YAML-driven analytic thermodynamic equilibrium + catalyst descriptor screen (co2_methanol).
co2_methanol_sweep_0087,cand_0002,[Fe].[Zn],Fe/ZnO,205.354609,85.363702,3868.5185107386706,126.07211362494276,0.24669377,1.0,6.99034512,0.0796114,0.29781421,0.08745,70.0,B,0.6666666666666666,True,co2_methanol,yaml_analytic_thermo_microkinetic,35.3432,0.00013865507141433252,72.9671,,2.8155,0.2379,0.01518,high,YAML-driven analytic thermodynamic equilibrium + catalyst descriptor screen (co2_methanol).
co2_methanol_sweep_0088,cand_0002,[Fe].[Zn],Fe/ZnO,274.630052,27.375404,9449.123580480205,3.205095011171165,0.13880936,1.0,5.98246455,0.19751325,0.42581351,0.08745,70.0,B,0.6666666666666666,True,co2_methanol,yaml_analytic_thermo_microkinetic,47.6118,2.8838168915256007e-05,15.6346,,0.7507,0.2653,0.003628,high,YAML-driven analytic thermodynamic equilibrium + catalyst descriptor screen (co2_methanol).
co2_methanol_sweep_0089,cand_0002,[Fe].[Zn],Fe/ZnO,263.511217,34.438978,2449.7374229278926,45.590746551771204,0.34224526,1.0,4.21751317,0.34336769,0.27011163,0.08745,70.0,B,0.6666666666666666,True,co2_methanol,yaml_analytic_thermo_microkinetic,45.6427,3.61046561041164e-05,12.7669,,0.5768,0.2754,0.003075,high,YAML-driven analytic thermodynamic equilibrium + catalyst descriptor screen (co2_methanol).
co2_methanol_sweep_0090,cand_0002,[Fe].[Zn],Fe/ZnO,225.292361,43.826811,22014.98201480146,57.755024350282426,0.1673973,1.0,9.95587989,0.26938483,0.06233617,0.08745,70.0,B,0.6666666666666666,True,co2_methanol,yaml_analytic_thermo_microkinetic,38.8741,8.437907221440369e-05,52.5619,,1.8482,0.2652,0.012192,high,YAML-driven analytic thermodynamic equilibrium + catalyst descriptor screen (co2_methanol).
co2_methanol_sweep_0091,cand_0002,[Fe].[Zn],Fe/ZnO,242.126929,70.993565,9096.240207135997,155.174294319838,0.34903874,1.0,3.83553599,0.02234868,0.49075453,0.08745,70.0,B,0.6666666666666666,True,co2_methanol,yaml_analytic_thermo_microkinetic,41.8555,5.716150641745398e-05,37.3164,,2.0824,0.2784,0.009086,high,YAML-driven analytic thermodynamic equilibrium + catalyst descriptor screen (co2_methanol).
co2_methanol_sweep_0092,cand_0002,[Fe].[Zn],Fe/ZnO,245.875788,69.079171,22664.82239119507,34.415473415096194,0.03721982,1.0,7.99993357,0.25784309,0.08999692,0.08745,70.0,B,0.6666666666666666,True,co2_methanol,yaml_analytic_thermo_microkinetic,42.5195,5.259371333373689e-05,54.1426,,1.9391,0.2796,0.013237,high,YAML-driven analytic thermodynamic equilibrium + catalyst descriptor screen (co2_methanol).
co2_methanol_sweep_0093,cand_0002,[Fe].[Zn],Fe/ZnO,281.6951,99.004199,8113.366817458512,85.14582961495428,0.41039699,1.0,6.40877675,0.28184913,0.32669377,0.08745,70.0,B,0.6666666666666666,True,co2_methanol,yaml_analytic_thermo_microkinetic,48.8631,2.5118089947581778e-05,44.0617,,1.6975,0.2566,0.009889,high,YAML-driven analytic thermodynamic equilibrium + catalyst descriptor screen (co2_methanol).
co2_methanol_sweep_0094,cand_0002,[Fe].[Zn],Fe/ZnO,262.65451,20.608055,27664.343829927766,174.89788838891388,0.23767404,1.0,8.54677057,0.43237858,0.17384808,0.08745,70.0,B,0.6666666666666666,True,co2_methanol,yaml_analytic_thermo_microkinetic,45.491,3.6749465135371486e-05,12.8411,,0.5361,0.2759,0.003099,high,YAML-driven analytic thermodynamic equilibrium + catalyst descriptor screen (co2_methanol).
co2_methanol_sweep_0095,cand_0002,[Fe].[Zn],Fe/ZnO,268.373065,83.139818,5353.367637199232,44.64248565521966,0.36747685,1.0,4.24324707,0.2020292,0.44992179,0.08745,70.0,B,0.6666666666666666,True,co2_methanol,yaml_analytic_thermo_microkinetic,46.5037,3.268852126642303e-05,32.3431,,1.488,0.2716,0.007682,high,YAML-driven analytic thermodynamic equilibrium + catalyst descriptor screen (co2_methanol).
co2_methanol_sweep_0096,cand_0002,[Fe].[Zn],Fe/ZnO,284.333622,52.95194,10646.170552776528,79.03863400982148,0.46537641,1.0,7.53639218,0.39248815,0.27786658,0.08745,70.0,B,0.6666666666666666,True,co2_methanol,yaml_analytic_thermo_microkinetic,49.3303,2.38767878983814e-05,26.9607,,1.1019,0.2531,0.005966,high,YAML-driven analytic thermodynamic equilibrium + catalyst descriptor screen (co2_methanol).
co2_methanol_sweep_0097,cand_0002,[Fe].[Zn],Fe/ZnO,228.228529,87.934903,19531.78876566106,71.78878591591837,0.11020302,1.0,3.46982946,0.30136386,0.43099144,0.08745,70.0,B,0.6666666666666666,True,co2_methanol,yaml_analytic_thermo_microkinetic,39.3941,7.868978720980074e-05,36.651,,1.6465,0.2684,0.008602,high,YAML-driven analytic thermodynamic equilibrium + catalyst descriptor screen (co2_methanol).
co2_methanol_sweep_0098,cand_0002,[Fe].[Zn],Fe/ZnO,202.20921,46.255386,24146.157691585184,103.16819287776067,0.48099817,1.0,3.40803146,0.19445911,0.10146493,0.08745,70.0,B,0.6666666666666666,True,co2_methanol,yaml_analytic_thermo_microkinetic,34.7861,0.0001505280363092503,31.3933,,1.5248,0.2331,0.006398,high,YAML-driven analytic thermodynamic equilibrium + catalyst descriptor screen (co2_methanol).
co2_methanol_sweep_0099,cand_0002,[Fe].[Zn],Fe/ZnO,267.409419,45.168757,29155.82313218604,182.74025373786986,0.24958628,1.0,9.91923863,0.29568704,0.42072977,0.08745,70.0,B,0.6666666666666666,True,co2_methanol,yaml_analytic_thermo_microkinetic,46.3331,3.333417483188264e-05,36.3272,,1.3995,0.2724,0.008655,high,YAML-driven analytic thermodynamic equilibrium + catalyst descriptor screen (co2_methanol).
co2_methanol_sweep_0100,cand_0002,[Fe].[Zn],Fe/ZnO,290.556852,49.873139,7335.397276003523,40.20913860471169,0.0046407,1.0,7.19495895,0.31076726,0.33706764,0.08745,70.0,B,0.6666666666666666,True,co2_methanol,yaml_analytic_thermo_microkinetic,50.4325,2.122645565288892e-05,26.0284,,1.104,0.2441,0.005555,high,YAML-driven analytic thermodynamic equilibrium + catalyst descriptor screen (co2_methanol).
co2_methanol_sweep_0101,cand_0002,[Fe].[Zn],Fe/ZnO,285.295624,71.20329,16979.43893533733,163.16850309711194,0.2910384,1.0,5.24027662,0.09718273,0.04275674,0.08745,70.0,B,0.6666666666666666,True,co2_methanol,yaml_analytic_thermo_microkinetic,49.5007,2.3442426629819658e-05,35.2263,,1.6708,0.2517,0.007754,high,YAML-driven analytic thermodynamic equilibrium + catalyst descriptor screen (co2_methanol).
co2_methanol_sweep_0102,cand_0002,[Fe].[Zn],Fe/ZnO,205.871772,84.98552,24312.949115819494,197.7381787444566,0.42851358,1.0,9.43797921,0.16176311,0.26584095,0.08745,70.0,B,0.6666666666666666,True,co2_methanol,yaml_analytic_thermo_microkinetic,35.4348,0.00013680875317206598,79.4024,,2.7535,0.2387,0.016573,high,YAML-driven analytic thermodynamic equilibrium + catalyst descriptor screen (co2_methanol).
co2_methanol_sweep_0103,cand_0002,[Fe].[Zn],Fe/ZnO,289.898253,97.592736,15356.600071543997,142.0598758630116,0.05186584,1.0,8.40504446,0.00597307,0.16611615,0.08745,70.0,B,0.6666666666666666,True,co2_methanol,yaml_analytic_thermo_microkinetic,50.3158,2.1489768579519652e-05,58.6454,,2.6339,0.2451,0.012568,high,YAML-driven analytic thermodynamic equilibrium + catalyst descriptor screen (co2_methanol).
co2_methanol_sweep_0104,cand_0002,[Fe].[Zn],Fe/ZnO,212.7623,48.128952,6798.392251139839,180.53089689365723,0.26504146,1.0,4.12966311,0.10895182,0.27621354,0.08745,70.0,B,0.6666666666666666,True,co2_methanol,yaml_analytic_thermo_microkinetic,36.6551,0.00011474332046207693,37.2805,,1.7929,0.2489,0.008116,high,YAML-driven analytic thermodynamic equilibrium + catalyst descriptor screen (co2_methanol).
co2_methanol_sweep_0105,cand_0002,[Fe].[Zn],Fe/ZnO,259.192518,79.681589,15787.16779061356,118.00407837679124,0.37527586,1.0,6.67623712,0.01151248,0.32079355,0.08745,70.0,B,0.6666666666666666,True,co2_methanol,yaml_analytic_thermo_microkinetic,44.8779,3.949752300738727e-05,53.1045,,2.4966,0.2778,0.012903,high,YAML-driven analytic thermodynamic equilibrium + catalyst descriptor screen (co2_methanol).
co2_methanol_sweep_0106,cand_0002,[Fe].[Zn],Fe/ZnO,187.710376,74.41538,21575.018153344943,22.691455717065008,0.45521854,1.0,5.08564069,0.12446963,0.2088255,0.08745,70.0,B,0.6666666666666666,True,co2_methanol,yaml_analytic_thermo_microkinetic,32.2184,0.0002230438600991371,62.9415,,2.5471,0.2111,0.011618,high,YAML-driven analytic thermodynamic equilibrium + catalyst descriptor screen (co2_methanol).
co2_methanol_sweep_0107,cand_0002,[Fe].[Zn],Fe/ZnO,292.359903,34.048654,20846.932622694778,11.430565610584818,0.42317216,1.0,8.89033134,0.1755426,0.17107517,0.08745,70.0,B,0.6666666666666666,True,co2_methanol,yaml_analytic_thermo_microkinetic,50.7518,2.052498752345496e-05,23.4595,,1.0793,0.2414,0.004952,high,YAML-driven analytic thermodynamic equilibrium + catalyst descriptor screen (co2_methanol).
co2_methanol_sweep_0108,cand_0002,[Fe].[Zn],Fe/ZnO,195.537231,76.438411,23578.819844495058,5.1808930513607585,0.43448901,1.0,6.9160055,0.253141,0.28494215,0.08745,70.0,B,0.6666666666666666,True,co2_methanol,yaml_analytic_thermo_microkinetic,33.6045,0.00017984162210529396,69.1462,,2.4218,0.2228,0.013471,high,YAML-driven analytic thermodynamic equilibrium + catalyst descriptor screen (co2_methanol).
co2_methanol_sweep_0109,cand_0002,[Fe].[Zn],Fe/ZnO,253.212465,61.449142,18559.296245283283,123.4968667669544,0.00170217,1.0,2.0242148,0.40347815,0.11104753,0.08745,70.0,B,0.6666666666666666,True,co2_methanol,yaml_analytic_thermo_microkinetic,43.8188,4.483722372906638e-05,12.023,,0.8155,0.2797,0.002941,high,YAML-driven analytic thermodynamic equilibrium + catalyst descriptor screen (co2_methanol).
co2_methanol_sweep_0110,cand_0002,[Fe].[Zn],Fe/ZnO,185.754516,42.55929,13769.046608260689,6.504697944656536,0.23405699,1.0,3.03213031,0.34901473,0.30467223,0.08745,70.0,B,0.6666666666666666,True,co2_methanol,yaml_analytic_thermo_microkinetic,31.872,0.00023564225053686726,27.6555,,1.3211,0.2083,0.005037,high,YAML-driven analytic thermodynamic equilibrium + catalyst descriptor screen (co2_methanol).
co2_methanol_sweep_0111,cand_0002,[Fe].[Zn],Fe/ZnO,183.502277,46.926175,20572.473114410754,139.34987610010347,0.07225269,1.0,3.23025613,0.14811624,0.28029741,0.08745,70.0,B,0.6666666666666666,True,co2_methanol,yaml_analytic_thermo_microkinetic,31.4731,0.00025118014916117255,37.8905,,1.8591,0.2051,0.006796,high,YAML-driven analytic thermodynamic equilibrium + catalyst descriptor screen (co2_methanol).
co2_methanol_sweep_0112,cand_0002,[Fe].[Zn],Fe/ZnO,284.833132,50.719165,16673.992741118047,75.10559776014031,0.3843514,1.0,3.38126333,0.33238707,0.33879627,0.08745,70.0,B,0.6666666666666666,True,co2_methanol,yaml_analytic_thermo_microkinetic,49.4188,2.3650068190188792e-05,12.0508,,0.554,0.2524,0.00266,high,YAML-driven analytic thermodynamic equilibrium + catalyst descriptor screen (co2_methanol).
co2_methanol_sweep_0113,cand_0002,[Fe].[Zn],Fe/ZnO,291.024401,55.738992,7250.629082071993,128.2498613863405,0.04426307,1.0,5.38990255,0.36058799,0.34530822,0.08745,70.0,B,0.6666666666666666,True,co2_methanol,yaml_analytic_thermo_microkinetic,50.5153,2.1041854177528412e-05,21.3193,,0.9436,0.2434,0.004537,high,YAML-driven analytic thermodynamic equilibrium + catalyst descriptor screen (co2_methanol).
co2_methanol_sweep_0114,cand_0002,[Fe].[Zn],Fe/ZnO,254.459015,34.806173,8862.468664365366,153.28176586289587,0.36965552,1.0,2.39712711,0.27923883,0.34861775,0.08745,70.0,B,0.6666666666666666,True,co2_methanol,yaml_analytic_thermo_microkinetic,44.0396,4.365726793929713e-05,7.729,,0.4024,0.2795,0.001889,high,YAML-driven analytic thermodynamic equilibrium + catalyst descriptor screen (co2_methanol).
co2_methanol_sweep_0115,cand_0002,[Fe].[Zn],Fe/ZnO,247.741813,33.261681,7513.6541349291765,28.320347419709304,0.25936686,1.0,6.35338755,0.04459922,0.45287017,0.08745,70.0,B,0.6666666666666666,True,co2_methanol,yaml_analytic_thermo_microkinetic,42.8499,5.048054898795407e-05,30.9622,,1.6205,0.2799,0.007578,high,YAML-driven analytic thermodynamic equilibrium + catalyst descriptor screen (co2_methanol).
co2_methanol_sweep_0116,cand_0002,[Fe].[Zn],Fe/ZnO,228.849463,42.905948,19458.555399192595,117.04560362609718,0.18559996,1.0,2.9838058,0.20556912,0.49698297,0.08745,70.0,B,0.6666666666666666,True,co2_methanol,yaml_analytic_thermo_microkinetic,39.5041,7.75447777199804e-05,19.5928,,1.0288,0.269,0.004609,high,YAML-driven analytic thermodynamic equilibrium + catalyst descriptor screen (co2_methanol).
co2_methanol_sweep_0117,cand_0002,[Fe].[Zn],Fe/ZnO,282.035077,91.951738,12234.542908460691,137.21510633257844,0.3253838,1.0,3.26941841,0.01955127,0.12646608,0.08745,70.0,B,0.6666666666666666,True,co2_methanol,yaml_analytic_thermo_microkinetic,48.9233,2.4953918981510714e-05,31.681,,1.9097,0.2562,0.007098,high,YAML-driven analytic thermodynamic equilibrium + catalyst descriptor screen (co2_methanol).
co2_methanol_sweep_0118,cand_0002,[Fe].[Zn],Fe/ZnO,279.330084,62.701896,5960.565671812961,96.66792202384481,0.25415169,1.0,5.88501699,0.15367287,0.04937898,0.08745,70.0,B,0.6666666666666666,True,co2_methanol,yaml_analytic_thermo_microkinetic,48.4442,2.6296284013631034e-05,34.6907,,1.5401,0.2597,0.007879,high,YAML-driven analytic thermodynamic equilibrium + catalyst descriptor screen (co2_methanol).
co2_methanol_sweep_0119,cand_0002,[Fe].[Zn],Fe/ZnO,266.853122,31.535498,14188.397338486948,20.01645111553745,0.35620585,1.0,6.04890565,0.34627348,0.19617564,0.08745,70.0,B,0.6666666666666666,True,co2_methanol,yaml_analytic_thermo_microkinetic,46.2346,3.3713760820138594e-05,16.3024,,0.729,0.2729,0.003891,high,YAML-driven analytic thermodynamic equilibrium + catalyst descriptor screen (co2_methanol).
co2_methanol_sweep_0120,cand_0002,[Fe].[Zn],Fe/ZnO,233.078059,84.226175,4361.55432339511,185.94496446639582,0.40129492,1.0,8.72191001,0.16761699,0.20709106,0.08745,70.0,B,0.6666666666666666,True,co2_methanol,yaml_analytic_thermo_microkinetic,40.253,7.024514879375399e-05,67.8262,,2.4039,0.2728,0.016184,high,YAML-driven analytic thermodynamic equilibrium + catalyst descriptor screen (co2_methanol).
co2_methanol_sweep_0121,cand_0002,[Fe].[Zn],Fe/ZnO,218.66735,66.316913,22404.554155142276,65.64509569413262,0.24270788,1.0,2.07524187,0.14169617,0.20347968,0.08745,70.0,B,0.6666666666666666,True,co2_methanol,yaml_analytic_thermo_microkinetic,37.7009,9.907607485997113e-05,23.1225,,1.612,0.2571,0.005199,high,YAML-driven analytic thermodynamic equilibrium + catalyst descriptor screen (co2_methanol).
co2_methanol_sweep_0122,cand_0002,[Fe].[Zn],Fe/ZnO,240.320992,81.43982,5145.535947211551,133.14869725010774,0.17045423,1.0,9.00045584,0.33814596,0.0113281,0.08745,70.0,B,0.6666666666666666,True,co2_methanol,yaml_analytic_thermo_microkinetic,41.5357,5.9527309843339856e-05,63.0652,,2.0913,0.2776,0.015311,high,YAML-driven analytic thermodynamic equilibrium + catalyst descriptor screen (co2_methanol).
co2_methanol_sweep_0123,cand_0002,[Fe].[Zn],Fe/ZnO,193.108274,88.431734,13152.205810566556,127.31514384375154,0.34551386,1.0,7.86630385,0.11344323,0.1081229,0.08745,70.0,B,0.6666666666666666,True,co2_methanol,yaml_analytic_thermo_microkinetic,33.1743,0.0001921191901761992,81.0495,,2.9643,0.2191,0.015528,high,YAML-driven analytic thermodynamic equilibrium + catalyst descriptor screen (co2_methanol).
co2_methanol_sweep_0124,cand_0002,[Fe].[Zn],Fe/ZnO,229.923819,93.115218,25810.670335746952,101.05920034509424,0.30999423,1.0,8.33443945,0.37001658,0.41179776,0.08745,70.0,B,0.6666666666666666,True,co2_methanol,yaml_analytic_thermo_microkinetic,39.6944,7.56093304880501e-05,66.2248,,2.1832,0.2701,0.01564,high,YAML-driven analytic thermodynamic equilibrium + catalyst descriptor screen (co2_methanol).
co2_methanol_sweep_0125,cand_0002,[Fe].[Zn],Fe/ZnO,259.762762,36.216695,6461.935791994514,43.63343492339321,0.47401768,1.0,4.73470869,0.36519537,0.30170211,0.08745,70.0,B,0.6666666666666666,True,co2_methanol,yaml_analytic_thermo_microkinetic,44.9789,3.9028617476057644e-05,15.2142,,0.6917,0.2776,0.003693,high,YAML-driven analytic thermodynamic equilibrium + catalyst descriptor screen (co2_methanol).
co2_methanol_sweep_0126,cand_0002,[Fe].[Zn],Fe/ZnO,209.564292,89.81556,11987.606817841901,53.13830312006759,0.36012485,1.0,4.82108864,0.42664322,0.39455691,0.08745,70.0,B,0.6666666666666666,True,co2_methanol,yaml_analytic_thermo_microkinetic,36.0887,0.00012442522852030004,51.3526,,1.9324,0.2443,0.010969,high,YAML-driven analytic thermodynamic equilibrium + catalyst descriptor screen (co2_methanol).
co2_methanol_sweep_0127,cand_0002,[Fe].[Zn],Fe/ZnO,187.993144,53.261597,25794.364476408413,56.272615475019435,0.04562595,1.0,2.80430049,0.23002048,0.44617147,0.08745,70.0,B,0.6666666666666666,True,co2_methanol,yaml_analytic_thermo_microkinetic,32.2685,0.00022128758405452208,32.0724,,1.6485,0.2115,0.005932,high,YAML-driven analytic thermodynamic equilibrium + catalyst descriptor screen (co2_methanol).
co2_methanol_sweep_0128,cand_0002,[Fe].[Zn],Fe/ZnO,221.004003,68.279008,2007.345016046761,81.23049618888625,0.45899215,1.0,8.61045957,0.38109545,0.29070054,0.08745,70.0,B,0.6666666666666666,True,co2_methanol,yaml_analytic_thermo_microkinetic,38.1147,9.357504259922769e-05,60.4628,,2.0121,0.2601,0.013754,high,YAML-driven analytic thermodynamic equilibrium + catalyst descriptor screen (co2_methanol).
co2_methanol_sweep_0129,cand_0002,[Fe].[Zn],Fe/ZnO,236.69464,70.037165,4881.297861690106,27.22116356084739,0.02647961,1.0,3.6663055,0.35639987,0.14968548,0.08745,70.0,B,0.6666666666666666,True,co2_methanol,yaml_analytic_thermo_microkinetic,40.8935,6.463376316789212e-05,31.3986,,1.3942,0.2755,0.007565,high,YAML-driven analytic thermodynamic equilibrium + catalyst descriptor screen (co2_methanol).
co2_methanol_sweep_0130,cand_0002,[Fe].[Zn],Fe/ZnO,243.544966,39.733004,12408.227516631974,52.08040483436096,0.05668363,1.0,4.91920934,0.37450548,0.26805462,0.08745,70.0,B,0.6666666666666666,True,co2_methanol,yaml_analytic_thermo_microkinetic,42.1067,5.538095137183226e-05,22.6046,,0.9996,0.2789,0.005514,high,YAML-driven analytic thermodynamic equilibrium + catalyst descriptor screen (co2_methanol).
co2_methanol_sweep_0131,cand_0002,[Fe].[Zn],Fe/ZnO,204.683622,52.701328,4566.501117761281,183.95128401055902,0.16215336,1.0,2.5089939,0.1267912,0.23331316,0.08745,70.0,B,0.6666666666666666,True,co2_methanol,yaml_analytic_thermo_microkinetic,35.2243,0.00014109384656996285,27.6124,,1.6654,0.2369,0.00572,high,YAML-driven analytic thermodynamic equilibrium + catalyst descriptor screen (co2_methanol).
co2_methanol_sweep_0132,cand_0002,[Fe].[Zn],Fe/ZnO,226.853804,44.318991,5004.108935106899,119.70211585426279,0.17347485,1.0,2.1218831,0.05686223,0.0834363,0.08745,70.0,B,0.6666666666666666,True,co2_methanol,yaml_analytic_thermo_microkinetic,39.1507,8.129583271401249e-05,19.6613,,1.5336,0.267,0.00459,high,YAML-driven analytic thermodynamic equilibrium + catalyst descriptor screen (co2_methanol).
co2_methanol_sweep_0133,cand_0002,[Fe].[Zn],Fe/ZnO,200.207705,26.809549,25044.04534107709,122.70299941784279,0.04149985,1.0,5.3590709,0.40031223,0.15597443,0.08745,70.0,B,0.6666666666666666,True,co2_methanol,yaml_analytic_thermo_microkinetic,34.4316,0.00015869728392021637,27.6415,,1.1604,0.23,0.005559,high,YAML-driven analytic thermodynamic equilibrium + catalyst descriptor screen (co2_methanol).
co2_methanol_sweep_0134,cand_0002,[Fe].[Zn],Fe/ZnO,192.333634,37.225625,5380.442187339388,32.519395404546174,0.29877544,1.0,6.45821806,0.20841949,0.21666472,0.08745,70.0,B,0.6666666666666666,True,co2_methanol,yaml_analytic_thermo_microkinetic,33.0372,0.00019623679959568046,48.54,,1.8856,0.2179,0.00925,high,YAML-driven analytic thermodynamic equilibrium + catalyst descriptor screen (co2_methanol).
co2_methanol_sweep_0135,cand_0002,[Fe].[Zn],Fe/ZnO,281.253477,56.434931,10830.657570070209,41.950893728666834,0.48313752,1.0,4.60087182,0.29808833,0.46309352,0.08745,70.0,B,0.6666666666666666,True,co2_methanol,yaml_analytic_thermo_microkinetic,48.7849,2.533326232766314e-05,19.9891,,0.9312,0.2572,0.004496,high,YAML-driven analytic thermodynamic equilibrium + catalyst descriptor screen (co2_methanol).
co2_methanol_sweep_0136,cand_0002,[Fe].[Zn],Fe/ZnO,240.911635,36.617419,3646.3683213391396,10.308404901612507,0.27185548,1.0,8.98842719,0.1385351,0.46147504,0.08745,70.0,B,0.6666666666666666,True,co2_methanol,yaml_analytic_thermo_microkinetic,41.6403,5.874113368483766e-05,40.3511,,1.6752,0.2779,0.009806,high,YAML-driven analytic thermodynamic equilibrium + catalyst descriptor screen (co2_methanol).
co2_methanol_sweep_0137,cand_0002,[Fe].[Zn],Fe/ZnO,298.668686,61.673578,19239.520211298786,37.6481389779206,0.39165968,1.0,3.75969972,0.41300622,0.33040207,0.08745,70.0,B,0.6666666666666666,True,co2_methanol,yaml_analytic_thermo_microkinetic,51.8691,1.8278545705284217e-05,13.2552,,0.6016,0.2317,0.002686,high,YAML-driven analytic thermodynamic equilibrium + catalyst descriptor screen (co2_methanol).
co2_methanol_sweep_0138,cand_0002,[Fe].[Zn],Fe/ZnO,269.317003,66.890266,15983.80141657668,88.17188772279425,0.08451852,1.0,8.16005562,0.44211509,0.406443,0.08745,70.0,B,0.6666666666666666,True,co2_methanol,yaml_analytic_thermo_microkinetic,46.6709,3.207035996302709e-05,39.9653,,1.455,0.2708,0.009463,high,YAML-driven analytic thermodynamic equilibrium + catalyst descriptor screen (co2_methanol).
co2_methanol_sweep_0139,cand_0002,[Fe].[Zn],Fe/ZnO,299.628199,28.02684,23982.685039625376,12.870707566591562,0.20802316,1.0,5.5144801,0.13432342,0.41778788,0.08745,70.0,B,0.6666666666666666,True,co2_methanol,yaml_analytic_thermo_microkinetic,52.039,1.7963142432892087e-05,12.8326,,0.6397,0.2302,0.002584,high,YAML-driven analytic thermodynamic equilibrium + catalyst descriptor screen (co2_methanol).
co2_methanol_sweep_0140,cand_0002,[Fe].[Zn],Fe/ZnO,249.201928,83.955262,10003.44590011064,143.10952540189194,0.19111954,1.0,2.78306018,0.00874808,0.05578459,0.08745,70.0,B,0.6666666666666666,True,co2_methanol,yaml_analytic_thermo_microkinetic,43.1085,4.8896429163486345e-05,33.3738,,2.1834,0.28,0.008171,high,YAML-driven analytic thermodynamic equilibrium + catalyst descriptor screen (co2_methanol).
co2_methanol_sweep_0141,cand_0002,[Fe].[Zn],Fe/ZnO,291.808388,90.803183,23280.080932708614,35.31112289437754,0.06068039,1.0,5.19619204,0.22005834,0.03170418,0.08745,70.0,B,0.6666666666666666,True,co2_methanol,yaml_analytic_thermo_microkinetic,50.6541,2.07365825430021e-05,37.1535,,1.5756,0.2422,0.007869,high,YAML-driven analytic thermodynamic equilibrium + catalyst descriptor screen (co2_methanol).
co2_methanol_sweep_0142,cand_0002,[Fe].[Zn],Fe/ZnO,254.123275,40.630089,16832.801318362028,2.3210968909326724,0.33303134,1.0,8.70586649,0.2229197,0.15794692,0.08745,70.0,B,0.6666666666666666,True,co2_methanol,yaml_analytic_thermo_microkinetic,43.9801,4.397143648474507e-05,36.6258,,1.473,0.2796,0.008954,high,YAML-driven analytic thermodynamic equilibrium + catalyst descriptor screen (co2_methanol).
co2_methanol_sweep_0143,cand_0002,[Fe].[Zn],Fe/ZnO,296.15,24.271382,23175.165090846614,156.4176175133265,0.05276742,1.0,3.3403497,0.29464023,0.24030233,0.08745,70.0,B,0.6666666666666666,True,co2_methanol,yaml_analytic_thermo_microkinetic,51.423,1.913840852341176e-05,4.4686,,-0.0625,0.2356,0.000921,high,YAML-driven analytic thermodynamic equilibrium + catalyst descriptor screen (co2_methanol).
co2_methanol_sweep_0144,cand_0002,[Fe].[Zn],Fe/ZnO,233.942343,41.53859,22505.262398141644,33.76781911221352,0.1549987,1.0,3.79788772,0.08890921,0.16806344,0.08745,70.0,B,0.6666666666666666,True,co2_methanol,yaml_analytic_thermo_microkinetic,40.4061,6.88539295413201e-05,27.9102,,1.4802,0.2735,0.006676,high,YAML-driven analytic thermodynamic equilibrium + catalyst descriptor screen (co2_methanol).
co2_methanol_sweep_0145,cand_0002,[Fe].[Zn],Fe/ZnO,265.779097,71.739097,25124.762175561737,31.67783915566502,0.430348,1.0,5.47412545,0.47044219,0.25365265,0.08745,70.0,B,0.6666666666666666,True,co2_methanol,yaml_analytic_thermo_microkinetic,46.0443,3.446116683037523e-05,30.535,,1.2365,0.2738,0.00731,high,YAML-driven analytic thermodynamic equilibrium + catalyst descriptor screen (co2_methanol).
co2_methanol_sweep_0146,cand_0002,[Fe].[Zn],Fe/ZnO,259.90848,51.162898,3204.7725874885746,124.64089143167416,0.11811918,1.0,3.10970192,0.25123955,0.25062434,0.08745,70.0,B,0.6666666666666666,True,co2_methanol,yaml_analytic_thermo_microkinetic,45.0047,3.8909850327309064e-05,17.6184,,0.8905,0.2775,0.004276,high,YAML-driven analytic thermodynamic equilibrium + catalyst descriptor screen (co2_methanol).
co2_methanol_sweep_0147,cand_0002,[Fe].[Zn],Fe/ZnO,189.321192,35.852838,2389.3135096929914,115.21766255527216,0.26220272,1.0,9.12994037,0.32228504,0.45955927,0.08745,70.0,B,0.6666666666666666,True,co2_methanol,yaml_analytic_thermo_microkinetic,32.5036,0.0002132498438623065,55.976,,1.917,0.2134,0.010448,high,YAML-driven analytic thermodynamic equilibrium + catalyst descriptor screen (co2_methanol).
co2_methanol_sweep_0148,cand_0002,[Fe].[Zn],Fe/ZnO,246.494792,77.670757,17624.20907271361,59.71456348492632,0.10836615,1.0,3.07451155,0.42137818,0.4365177,0.08745,70.0,B,0.6666666666666666,True,co2_methanol,yaml_analytic_thermo_microkinetic,42.6291,5.1881406436148754e-05,23.3842,,1.1115,0.2797,0.005719,high,YAML-driven analytic thermodynamic equilibrium + catalyst descriptor screen (co2_methanol).
co2_methanol_sweep_0149,cand_0002,[Fe].[Zn],Fe/ZnO,234.674949,67.209762,7897.799745771615,139.11366082436004,0.09085982,1.0,9.75116808,0.29177729,0.31316319,0.08745,70.0,B,0.6666666666666666,True,co2_methanol,yaml_analytic_thermo_microkinetic,40.5358,6.769987592048003e-05,61.4921,,2.0677,0.2741,0.01474,high,YAML-driven analytic thermodynamic equilibrium + catalyst descriptor screen (co2_methanol).
co2_methanol_sweep_0150,cand_0002,[Fe].[Zn],Fe/ZnO,257.060148,52.179636,5524.00343052257,79.89301989211604,0.30237635,1.0,3.55893689,0.4984961,0.11628452,0.08745,70.0,B,0.6666666666666666,True,co2_methanol,yaml_analytic_thermo_microkinetic,44.5002,4.1310822508468245e-05,15.86,,0.7276,0.2787,0.003866,high,YAML-driven analytic thermodynamic equilibrium + catalyst descriptor screen (co2_methanol).
co2_methanol_sweep_0151,cand_0002,[Fe].[Zn],Fe/ZnO,196.043889,21.032538,12533.8925553774,24.05752157276536,0.12153658,1.0,9.37755108,0.01432326,0.1211952,0.08745,70.0,B,0.6666666666666666,True,co2_methanol,yaml_analytic_thermo_microkinetic,33.6942,0.00017739653973036058,46.7524,,2.2151,0.2236,0.00914,high,YAML-driven analytic thermodynamic equilibrium + catalyst descriptor screen (co2_methanol).
co2_methanol_sweep_0152,cand_0002,[Fe].[Zn],Fe/ZnO,184.01115,74.174362,17165.26866644865,145.2092511851352,0.41946931,1.0,2.3599573,0.48276372,0.08088427,0.08745,70.0,B,0.6666666666666666,True,co2_methanol,yaml_analytic_thermo_microkinetic,31.5632,0.00024756861617953306,29.0714,,1.5964,0.2058,0.005232,high,YAML-driven analytic thermodynamic equilibrium + catalyst descriptor screen (co2_methanol).
co2_methanol_sweep_0153,cand_0002,[Fe].[Zn],Fe/ZnO,244.696824,23.243894,22094.20616835977,86.09628870210474,0.27735128,1.0,2.52257832,0.47446205,0.43353557,0.08745,70.0,B,0.6666666666666666,True,co2_methanol,yaml_analytic_thermo_microkinetic,42.3107,5.398241311875572e-05,3.6064,,-0.0819,0.2793,0.000881,high,YAML-driven analytic thermodynamic equilibrium + catalyst descriptor screen (co2_methanol).
co2_methanol_sweep_0154,cand_0002,[Fe].[Zn],Fe/ZnO,275.882708,31.728189,3370.0270794928592,4.88133881425418,0.00644316,1.0,9.83172059,0.19205965,0.10466327,0.08745,70.0,B,0.6666666666666666,True,co2_methanol,yaml_analytic_thermo_microkinetic,47.8337,2.813327251414208e-05,28.0378,,1.2193,0.2639,0.006471,high,YAML-driven analytic thermodynamic equilibrium + catalyst descriptor screen (co2_methanol).
co2_methanol_sweep_0155,cand_0002,[Fe].[Zn],Fe/ZnO,232.283831,21.871841,28409.493783887443,116.36500594254628,0.37933798,1.0,5.02570522,0.03847379,0.18198652,0.08745,70.0,B,0.6666666666666666,True,co2_methanol,yaml_analytic_thermo_microkinetic,40.1123,7.155268858761922e-05,22.1884,,1.3012,0.2722,0.005281,high,YAML-driven analytic thermodynamic equilibrium + catalyst descriptor screen (co2_methanol).
co2_methanol_sweep_0156,cand_0002,[Fe].[Zn],Fe/ZnO,260.466981,65.628133,15566.02365199525,67.55813405849287,0.29345108,1.0,4.67538694,0.05469508,0.41286904,0.08745,70.0,B,0.6666666666666666,True,co2_methanol,yaml_analytic_thermo_microkinetic,45.1036,3.845857582603599e-05,36.1162,,1.8413,0.2772,0.008755,high,YAML-driven analytic thermodynamic equilibrium + catalyst descriptor screen (co2_methanol).
co2_methanol_sweep_0157,cand_0002,[Fe].[Zn],Fe/ZnO,277.947437,98.072076,5846.351526235957,72.64330617453844,0.47649684,1.0,2.198233,0.40919016,0.05762839,0.08745,70.0,B,0.6666666666666666,True,co2_methanol,yaml_analytic_thermo_microkinetic,48.1994,2.7015444113178888e-05,14.654,,0.926,0.2614,0.00335,high,YAML-driven analytic thermodynamic equilibrium + catalyst descriptor screen (co2_methanol).
co2_methanol_sweep_0158,cand_0002,[Fe].[Zn],Fe/ZnO,190.453883,23.677524,26616.15223288781,193.05625902681905,0.22876582,1.0,4.78005442,0.18007279,0.40404817,0.08745,70.0,B,0.6666666666666666,True,co2_methanol,yaml_analytic_thermo_microkinetic,32.7042,0.00020666018191276914,28.9733,,1.3527,0.2151,0.00545,high,YAML-driven analytic thermodynamic equilibrium + catalyst descriptor screen (co2_methanol).
co2_methanol_sweep_0159,cand_0002,[Fe].[Zn],Fe/ZnO,295.561485,70.566099,21022.07263452331,99.1855198017202,0.27974179,1.0,4.03227167,0.35783464,0.25602667,0.08745,70.0,B,0.6666666666666666,True,co2_methanol,yaml_analytic_thermo_microkinetic,51.3188,1.934622047061368e-05,19.1133,,0.8886,0.2365,0.003953,high,YAML-driven analytic thermodynamic equilibrium + catalyst descriptor screen (co2_methanol).
co2_methanol_sweep_0160,cand_0002,[Fe].[Zn],Fe/ZnO,275.184796,32.636532,10339.58733948377,157.580016563766,0.49016805,1.0,2.24292922,0.26652127,0.17917684,0.08745,70.0,B,0.6666666666666666,True,co2_methanol,yaml_analytic_thermo_microkinetic,47.7101,2.852345148542085e-05,5.0181,,0.1699,0.2647,0.001162,high,YAML-driven analytic thermodynamic equilibrium + catalyst descriptor screen (co2_methanol).
co2_methanol_sweep_0161,cand_0002,[Fe].[Zn],Fe/ZnO,294.329372,93.772826,8515.345492397035,47.109540357232376,0.32169821,1.0,6.09782404,0.48913567,0.49905352,0.08745,70.0,B,0.6666666666666666,True,co2_methanol,yaml_analytic_thermo_microkinetic,51.1006,1.9790066344475973e-05,32.3817,,1.2718,0.2384,0.00675,high,YAML-driven analytic thermodynamic equilibrium + catalyst descriptor screen (co2_methanol).
co2_methanol_sweep_0162,cand_0002,[Fe].[Zn],Fe/ZnO,191.943216,64.733575,10718.764067699647,83.19784877203553,0.15859332,1.0,4.55141844,0.31811115,0.11935644,0.08745,70.0,B,0.6666666666666666,True,co2_methanol,yaml_analytic_thermo_microkinetic,32.968,0.0001983507145291508,51.1571,,2.0001,0.2173,0.009723,high,YAML-driven analytic thermodynamic equilibrium + catalyst descriptor screen (co2_methanol).
co2_methanol_sweep_0163,cand_0002,[Fe].[Zn],Fe/ZnO,292.903926,78.428998,28796.364765929662,70.97939707930337,0.0326362,1.0,9.07789696,0.15651879,0.12769025,0.08745,70.0,B,0.6666666666666666,True,co2_methanol,yaml_analytic_thermo_microkinetic,50.8482,2.031878018059303e-05,48.9935,,1.8877,0.2405,0.010306,high,YAML-driven analytic thermodynamic equilibrium + catalyst descriptor screen (co2_methanol).
co2_methanol_sweep_0164,cand_0002,[Fe].[Zn],Fe/ZnO,204.252613,49.598152,15014.604120094718,131.66298328835845,0.01743367,1.0,6.21749328,0.45814135,0.35036964,0.08745,70.0,B,0.6666666666666666,True,co2_methanol,yaml_analytic_thermo_microkinetic,35.148,0.00014268665988456216,46.0188,,1.6671,0.2362,0.009506,high,YAML-driven analytic thermodynamic equilibrium + catalyst descriptor screen (co2_methanol).
co2_methanol_sweep_0165,cand_0002,[Fe].[Zn],Fe/ZnO,194.70215,86.613697,26219.23376476315,41.01228353606887,0.40780309,1.0,6.18677136,0.15156735,0.02608731,0.08745,70.0,B,0.6666666666666666,True,co2_methanol,yaml_analytic_thermo_microkinetic,33.4566,0.0001839573128938862,72.035,,2.6868,0.2215,0.013954,high,YAML-driven analytic thermodynamic equilibrium + catalyst descriptor screen (co2_methanol).
co2_methanol_sweep_0166,cand_0002,[Fe].[Zn],Fe/ZnO,286.637795,66.735765,19111.512893526615,173.63589247354793,0.11508646,1.0,4.05854048,0.45509105,0.28786089,0.08745,70.0,B,0.6666666666666666,True,co2_methanol,yaml_analytic_thermo_microkinetic,49.7384,2.285199278026661e-05,18.291,,0.8297,0.2498,0.003996,high,YAML-driven analytic thermodynamic equilibrium + catalyst descriptor screen (co2_methanol).
co2_methanol_sweep_0167,cand_0002,[Fe].[Zn],Fe/ZnO,223.087434,53.762291,8177.0593605482245,111.07240838323332,0.21297259,1.0,6.79595575,0.04629559,0.02358902,0.08745,70.0,B,0.6666666666666666,True,co2_methanol,yaml_analytic_thermo_microkinetic,38.4836,8.896860965616231e-05,54.8135,,2.3691,0.2627,0.012592,high,YAML-driven analytic thermodynamic equilibrium + catalyst descriptor screen (co2_methanol).
co2_methanol_sweep_0168,cand_0002,[Fe].[Zn],Fe/ZnO,287.410713,72.957115,20140.502886006747,110.08186555399203,0.374704,1.0,3.62329523,0.41801312,0.14290571,0.08745,70.0,B,0.6666666666666666,True,co2_methanol,yaml_analytic_thermo_microkinetic,49.8753,2.2519998596611823e-05,17.9079,,0.8352,0.2487,0.003895,high,YAML-driven analytic thermodynamic equilibrium + catalyst descriptor screen (co2_methanol).
co2_methanol_sweep_0169,cand_0002,[Fe].[Zn],Fe/ZnO,212.229362,99.878481,19937.593204113127,30.826149496249688,0.26384081,1.0,9.8591817,0.41077468,0.07209152,0.08745,70.0,B,0.6666666666666666,True,co2_methanol,yaml_analytic_thermo_microkinetic,36.5607,0.00011629419458249683,79.9105,,2.5195,0.2482,0.017343,high,YAML-driven analytic thermodynamic equilibrium + catalyst descriptor screen (co2_methanol).
co2_methanol_sweep_0170,cand_0002,[Fe].[Zn],Fe/ZnO,273.799002,40.249306,13953.379931056248,78.5701054651766,0.02869437,1.0,5.78153091,0.23946418,0.02965094,0.08745,70.0,B,0.6666666666666666,True,co2_methanol,yaml_analytic_thermo_microkinetic,47.4647,2.9317370541508857e-05,23.2251,,1.0581,0.2662,0.005408,high,YAML-driven analytic thermodynamic equilibrium + catalyst descriptor screen (co2_methanol).
co2_methanol_sweep_0171,cand_0002,[Fe].[Zn],Fe/ZnO,287.286915,32.262344,2266.446579097304,93.58741680324904,0.03797758,1.0,4.86380024,0.36256396,0.18479816,0.08745,70.0,B,0.6666666666666666,True,co2_methanol,yaml_analytic_thermo_microkinetic,49.8534,2.2572786435227595e-05,10.7501,,0.4489,0.2489,0.00234,high,YAML-driven analytic thermodynamic equilibrium + catalyst descriptor screen (co2_methanol).
co2_methanol_sweep_0172,cand_0002,[Fe].[Zn],Fe/ZnO,220.408998,80.851436,25431.20717924466,199.57311900924935,0.08991025,1.0,5.58275695,0.4636635,0.46501614,0.08745,70.0,B,0.6666666666666666,True,co2_methanol,yaml_analytic_thermo_microkinetic,38.0093,9.494126932042447e-05,50.0868,,1.8157,0.2594,0.011361,high,YAML-driven analytic thermodynamic equilibrium + catalyst descriptor screen (co2_methanol).
co2_methanol_sweep_0173,cand_0002,[Fe].[Zn],Fe/ZnO,258.024775,72.78384,2881.1884194918716,178.80474395763653,0.22738721,1.0,3.96388043,0.21266031,0.31540631,0.08745,70.0,B,0.6666666666666666,True,co2_methanol,yaml_analytic_thermo_microkinetic,44.6711,4.0478638328855595e-05,30.7779,,1.4354,0.2784,0.007492,high,YAML-driven analytic thermodynamic equilibrium + catalyst descriptor screen (co2_methanol).
co2_methanol_sweep_0174,cand_0002,[Fe].[Zn],Fe/ZnO,211.729497,86.37607,4683.140926994229,122.2350211173803,0.09271064,1.0,3.57860407,0.40608138,0.34400692,0.08745,70.0,B,0.6666666666666666,True,co2_methanol,yaml_analytic_thermo_microkinetic,36.4722,0.00011777102601909643,40.3584,,1.7168,0.2474,0.008733,high,YAML-driven analytic thermodynamic equilibrium + catalyst descriptor screen (co2_methanol).
co2_methanol_sweep_0175,cand_0002,[Fe].[Zn],Fe/ZnO,279.93299,25.174753,28604.374675009378,89.24589908584433,0.02428488,1.0,7.31242546,0.21008907,0.40226428,0.08745,70.0,B,0.6666666666666666,True,co2_methanol,yaml_analytic_thermo_microkinetic,48.551,2.5989814927652508e-05,16.008,,0.7518,0.2589,0.003625,high,YAML-driven analytic thermodynamic equilibrium + catalyst descriptor screen (co2_methanol).
co2_methanol_sweep_0176,cand_0002,[Fe].[Zn],Fe/ZnO,201.079618,22.916862,19803.797314917734,151.26898194733394,0.35264154,1.0,6.52631381,0.04968266,0.13801053,0.08745,70.0,B,0.6666666666666666,True,co2_methanol,yaml_analytic_thermo_microkinetic,34.5861,0.00015507689142944372,36.716,,1.8021,0.2313,0.007427,high,YAML-driven analytic thermodynamic equilibrium + catalyst descriptor screen (co2_methanol).
co2_methanol_sweep_0177,cand_0002,[Fe].[Zn],Fe/ZnO,210.272595,57.382602,26234.15097931513,133.36305520044652,0.39879265,1.0,2.73180647,0.02385899,0.36153415,0.08745,70.0,B,0.6666666666666666,True,co2_methanol,yaml_analytic_thermo_microkinetic,36.2141,0.0001222014434442111,31.2862,,2.0355,0.2453,0.006711,high,YAML-driven analytic thermodynamic equilibrium + catalyst descriptor screen (co2_methanol).
co2_methanol_sweep_0178,cand_0002,[Fe].[Zn],Fe/ZnO,278.783041,68.643397,20327.43454706483,54.65295109516587,0.42138482,1.0,8.20880521,0.35017329,0.35846945,0.08745,70.0,B,0.6666666666666666,True,co2_methanol,yaml_analytic_thermo_microkinetic,48.3473,2.6578072250120243e-05,39.1559,,1.4725,0.2604,0.008917,high,YAML-driven analytic thermodynamic equilibrium + catalyst descriptor screen (co2_methanol).
co2_methanol_sweep_0179,cand_0002,[Fe].[Zn],Fe/ZnO,186.578894,92.336991,23811.18522897818,143.3091426557323,0.26871061,1.0,8.51125183,0.18265956,0.19755702,0.08745,70.0,B,0.6666666666666666,True,co2_methanol,yaml_analytic_thermo_microkinetic,32.018,0.0002302344985126213,84.9272,,2.9666,0.2094,0.015555,high,YAML-driven analytic thermodynamic equilibrium + catalyst descriptor screen (co2_methanol).
co2_methanol_sweep_0180,cand_0002,[Fe].[Zn],Fe/ZnO,185.258184,35.580353,17938.495743444713,147.20198816369097,0.38607858,1.0,8.95219503,0.33271888,0.11365695,0.08745,70.0,B,0.6666666666666666,True,co2_methanol,yaml_analytic_thermo_microkinetic,31.7841,0.00023896877947884252,57.5294,,1.9529,0.2076,0.010442,high,YAML-driven analytic thermodynamic equilibrium + catalyst descriptor screen (co2_methanol).
co2_methanol_sweep_0181,cand_0002,[Fe].[Zn],Fe/ZnO,203.024406,41.919253,4127.918293105661,76.00530003603694,0.27262789,1.0,2.68543453,0.27413025,0.33477355,0.08745,70.0,B,0.6666666666666666,True,co2_methanol,yaml_analytic_thermo_microkinetic,34.9305,0.0001473413004509681,21.1372,,1.1569,0.2343,0.004331,high,YAML-driven analytic thermodynamic equilibrium + catalyst descriptor screen (co2_methanol).
co2_methanol_sweep_0182,cand_0002,[Fe].[Zn],Fe/ZnO,276.464443,42.224863,16427.602888744575,191.66358172673844,0.04864881,1.0,9.96916907,0.13704298,0.27419816,0.08745,70.0,B,0.6666666666666666,True,co2_methanol,yaml_analytic_thermo_microkinetic,47.9367,2.7812869456106938e-05,37.1929,,1.57,0.2632,0.008561,high,YAML-driven analytic thermodynamic equilibrium + catalyst descriptor screen (co2_methanol).
co2_methanol_sweep_0183,cand_0002,[Fe].[Zn],Fe/ZnO,297.208085,50.130859,27839.13363544673,63.457497625351195,0.40707782,1.0,6.49112373,0.09765833,0.24953024,0.08745,70.0,B,0.6666666666666666,True,co2_methanol,yaml_analytic_thermo_microkinetic,51.6104,1.8771436660683872e-05,27.7844,,1.3679,0.234,0.005685,high,YAML-driven analytic thermodynamic equilibrium + catalyst descriptor screen (co2_methanol).
co2_methanol_sweep_0184,cand_0002,[Fe].[Zn],Fe/ZnO,280.735613,76.200941,7807.263056264643,57.20934804979565,0.44751296,1.0,7.7025333,0.4512843,0.48130513,0.08745,70.0,B,0.6666666666666666,True,co2_methanol,yaml_analytic_thermo_microkinetic,48.6931,2.5588374707086417e-05,37.1726,,1.3864,0.2579,0.008384,high,YAML-driven analytic thermodynamic equilibrium + catalyst descriptor screen (co2_methanol).
co2_methanol_sweep_0185,cand_0002,[Fe].[Zn],Fe/ZnO,213.94694,73.57327,16056.986071639054,104.25317206663794,0.18487292,1.0,3.17449564,0.07254653,0.36882749,0.08745,70.0,B,0.6666666666666666,True,co2_methanol,yaml_analytic_thermo_microkinetic,36.8649,0.00011138136515487282,39.158,,2.0683,0.2506,0.008583,high,YAML-driven analytic thermodynamic equilibrium + catalyst descriptor screen (co2_methanol).
co2_methanol_sweep_0186,cand_0002,[Fe].[Zn],Fe/ZnO,261.061947,97.009776,25651.55368539961,73.81189752163667,0.46304561,1.0,7.25407265,0.24392958,0.18590516,0.08745,70.0,B,0.6666666666666666,True,co2_methanol,yaml_analytic_thermo_microkinetic,45.2089,3.79846122791984e-05,55.0199,,2.0053,0.2769,0.013323,high,YAML-driven analytic thermodynamic equilibrium + catalyst descriptor screen (co2_methanol).
co2_methanol_sweep_0187,cand_0002,[Fe].[Zn],Fe/ZnO,225.686263,72.147574,19031.325691122973,161.53078305360563,0.09759853,1.0,4.49312583,0.49157272,0.1914373,0.08745,70.0,B,0.6666666666666666,True,co2_methanol,yaml_analytic_thermo_microkinetic,38.9439,8.358857517888553e-05,38.1364,,1.516,0.2657,0.008861,high,YAML-driven analytic thermodynamic equilibrium + catalyst descriptor screen (co2_methanol).
co2_methanol_sweep_0188,cand_0002,[Fe].[Zn],Fe/ZnO,267.712726,30.597695,21636.879766963797,68.20258908286867,0.21563699,1.0,6.71138019,0.00467211,0.21950354,0.08745,70.0,B,0.6666666666666666,True,co2_methanol,yaml_analytic_thermo_microkinetic,46.3868,3.3129342964804845e-05,27.8308,,1.6718,0.2722,0.006624,high,YAML-driven analytic thermodynamic equilibrium + catalyst descriptor screen (co2_methanol).
co2_methanol_sweep_0189,cand_0002,[Fe].[Zn],Fe/ZnO,207.223905,99.301092,8734.743695838506,14.658776435071186,0.35010988,1.0,5.43557103,0.22961394,0.10700583,0.08745,70.0,B,0.6666666666666666,True,co2_methanol,yaml_analytic_thermo_microkinetic,35.6742,0.00013211486840634042,64.949,,2.4234,0.2407,0.013673,high,YAML-driven analytic thermodynamic equilibrium + catalyst descriptor screen (co2_methanol).
co2_methanol_sweep_0190,cand_0002,[Fe].[Zn],Fe/ZnO,244.025202,36.988243,28476.40442075523,26.11325670738378,0.34456205,1.0,9.6516737,0.38910579,0.14630399,0.08745,70.0,B,0.6666666666666666,True,co2_methanol,yaml_analytic_thermo_microkinetic,42.1917,5.4792758321602506e-05,35.3357,,1.3282,0.2791,0.008624,high,YAML-driven analytic thermodynamic equilibrium + catalyst descriptor screen (co2_methanol).
co2_methanol_sweep_0191,cand_0002,[Fe].[Zn],Fe/ZnO,286.111544,55.090628,7136.833351446602,59.5783601826626,0.33573743,1.0,4.17799041,0.44982517,0.47129719,0.08745,70.0,B,0.6666666666666666,True,co2_methanol,yaml_analytic_thermo_microkinetic,49.6452,2.3081365357043147e-05,14.1869,,0.6371,0.2506,0.003109,high,YAML-driven analytic thermodynamic equilibrium + catalyst descriptor screen (co2_methanol).
co2_methanol_sweep_0192,cand_0002,[Fe].[Zn],Fe/ZnO,264.730673,79.300804,12805.889766529375,137.86400056999526,0.49939812,1.0,5.28717772,0.09159797,0.07455911,0.08745,70.0,B,0.6666666666666666,True,co2_methanol,yaml_analytic_thermo_microkinetic,45.8587,3.5209709550595086e-05,42.5737,,1.9334,0.2745,0.010221,high,YAML-driven analytic thermodynamic equilibrium + catalyst descriptor screen (co2_methanol).
co2_methanol_sweep_0193,cand_0002,[Fe].[Zn],Fe/ZnO,271.519509,77.443176,17786.270203701995,170.39697819431535,0.20181799,1.0,8.14744613,0.14467277,0.03890295,0.08745,70.0,B,0.6666666666666666,True,co2_methanol,yaml_analytic_thermo_microkinetic,47.061,3.068096557534841e-05,52.1981,,2.0139,0.2686,0.012263,high,YAML-driven analytic thermodynamic equilibrium + catalyst descriptor screen (co2_methanol).
co2_methanol_sweep_0194,cand_0002,[Fe].[Zn],Fe/ZnO,217.618221,29.452291,11066.960383233123,186.3056602876292,0.21125517,1.0,8.00279987,0.1208925,0.13033207,0.08745,70.0,B,0.6666666666666666,True,co2_methanol,yaml_analytic_thermo_microkinetic,37.5151,0.00010166804512424049,40.9074,,1.7335,0.2557,0.009148,high,YAML-driven analytic thermodynamic equilibrium + catalyst descriptor screen (co2_methanol).
co2_methanol_sweep_0195,cand_0002,[Fe].[Zn],Fe/ZnO,216.000702,32.954593,28055.430874684418,61.78593479467713,0.33884767,1.0,5.72834194,0.27729711,0.39246049,0.08745,70.0,B,0.6666666666666666,True,co2_methanol,yaml_analytic_thermo_microkinetic,37.2286,0.00010582073662812528,30.3359,,1.2979,0.2535,0.006726,high,YAML-driven analytic thermodynamic equilibrium + catalyst descriptor screen (co2_methanol).
co2_methanol_sweep_0196,cand_0002,[Fe].[Zn],Fe/ZnO,201.91368,80.202274,21402.969265699183,168.5896734854651,0.10040847,1.0,8.25791349,0.07222836,0.14193706,0.08745,70.0,B,0.6666666666666666,True,co2_methanol,yaml_analytic_thermo_microkinetic,34.7338,0.00015170301085489174,78.5167,,2.9547,0.2326,0.015971,high,YAML-driven analytic thermodynamic equilibrium + catalyst descriptor screen (co2_methanol).
co2_methanol_sweep_0197,cand_0002,[Fe].[Zn],Fe/ZnO,289.324197,73.660865,2560.7246100930784,101.62145254369486,0.45421413,1.0,5.68440404,0.17149585,0.04182979,0.08745,70.0,B,0.6666666666666666,True,co2_methanol,yaml_analytic_thermo_microkinetic,50.2142,2.1722455052509833e-05,34.2529,,1.5131,0.2459,0.007366,high,YAML-driven analytic thermodynamic equilibrium + catalyst descriptor screen (co2_methanol).
co2_methanol_sweep_0198,cand_0002,[Fe].[Zn],Fe/ZnO,224.03622,37.624478,14411.750275888375,106.91078322702796,0.3120755,1.0,7.66814801,0.46951204,0.44235514,0.08745,70.0,B,0.6666666666666666,True,co2_methanol,yaml_analytic_thermo_microkinetic,38.6517,8.695888195620687e-05,34.3309,,1.3,0.2638,0.00792,high,YAML-driven analytic thermodynamic equilibrium + catalyst descriptor screen (co2_methanol).
co2_methanol_sweep_0199,cand_0002,[Fe].[Zn],Fe/ZnO,234.030424,81.838848,27363.223075119702,172.45707717467377,0.06706134,1.0,3.31232315,0.48047003,0.36433822,0.08745,70.0,B,0.6666666666666666,True,co2_methanol,yaml_analytic_thermo_microkinetic,40.4217,6.871396676645779e-05,28.8631,,1.2978,0.2736,0.006906,high,YAML-driven analytic thermodynamic equilibrium + catalyst descriptor screen (co2_methanol).
co2_methanol_sweep_0000,cand_0003,[Fe].[Ti].[Zn],Fe/TiO2/ZnO,246.735626,88.224449,20639.796291212406,195.32611881108593,0.29506094,1.0,7.91623291,0.38309715,0.48303484,0.035299105359283,67.5,B,0.5,True,co2_methanol,yaml_analytic_thermo_microkinetic,42.6717,5.160733815142072e-05,56.1881,,1.9187,0.2531,0.00502,high,YAML-driven analytic thermodynamic equilibrium + catalyst descriptor screen (co2_methanol).
co2_methanol_sweep_0001,cand_0003,[Fe].[Ti].[Zn],Fe/TiO2/ZnO,248.323132,91.419846,5728.088276607439,187.13786883609566,0.1754431,1.0,7.2142454,0.47639146,0.3794319,0.035299105359283,67.5,B,0.5,True,co2_methanol,yaml_analytic_thermo_microkinetic,42.9529,4.984273597358213e-05,52.58,,1.8019,0.2533,0.004701,high,YAML-driven analytic thermodynamic equilibrium + catalyst descriptor screen (co2_methanol).
co2_methanol_sweep_0002,cand_0003,[Fe].[Ti].[Zn],Fe/TiO2/ZnO,198.867249,63.574473,11264.13163592104,171.51149392287354,0.30661369,1.0,9.16967649,0.30257325,0.1602672,0.035299105359283,67.5,B,0.5,True,co2_methanol,yaml_analytic_thermo_microkinetic,34.1943,0.0001644560674238866,71.4722,,2.3497,0.2062,0.005202,high,YAML-driven analytic thermodynamic equilibrium + catalyst descriptor screen (co2_methanol).
co2_methanol_sweep_0003,cand_0003,[Fe].[Ti].[Zn],Fe/TiO2/ZnO,186.73297,67.922145,15094.659059478216,93.49141525304171,0.24079238,1.0,5.07382842,0.15813809,0.42258123,0.035299105359283,67.5,B,0.5,True,co2_methanol,yaml_analytic_thermo_microkinetic,32.0453,0.00022923976279861426,60.0795,,2.3972,0.1897,0.004023,low,YAML-driven analytic thermodynamic equilibrium + catalyst descriptor screen (co2_methanol). Catalyst descriptor score is weak.
co2_methanol_sweep_0004,cand_0003,[Fe].[Ti].[Zn],Fe/TiO2/ZnO,293.804505,94.651816,18734.262186421387,149.06647599771114,0.16381074,1.0,7.79480314,0.09443273,0.29332547,0.035299105359283,67.5,B,0.5,True,co2_methanol,yaml_analytic_thermo_microkinetic,51.0076,1.9982817811504382e-05,51.1394,,2.0902,0.2164,0.003906,high,YAML-driven analytic thermodynamic equilibrium + catalyst descriptor screen (co2_methanol).
co2_methanol_sweep_0005,cand_0003,[Fe].[Ti].[Zn],Fe/TiO2/ZnO,219.337709,51.266929,18141.962885719684,90.23919519182486,0.41298809,1.0,5.52670961,0.4865313,0.09677918,0.035299105359283,67.5,B,0.5,True,co2_methanol,yaml_analytic_thermo_microkinetic,37.8196,9.746021461895845e-05,36.3132,,1.4081,0.2334,0.002992,high,YAML-driven analytic thermodynamic equilibrium + catalyst descriptor screen (co2_methanol).
co2_methanol_sweep_0006,cand_0003,[Fe].[Ti].[Zn],Fe/TiO2/ZnO,193.390503,90.344099,10232.012851653484,180.09267454159775,0.44333787,1.0,3.92852302,0.31573709,0.23804818,0.035299105359283,67.5,B,0.5,True,co2_methanol,yaml_analytic_thermo_microkinetic,33.2243,0.00019064390369862697,51.4586,,2.1089,0.1986,0.003608,low,YAML-driven analytic thermodynamic equilibrium + catalyst descriptor screen (co2_methanol). Catalyst descriptor score is weak.
co2_methanol_sweep_0007,cand_0003,[Fe].[Ti].[Zn],Fe/TiO2/ZnO,272.724651,75.372504,18080.428420262127,190.93104257683171,0.13132226,1.0,7.57326388,0.23608691,0.2005875,0.035299105359283,67.5,B,0.5,True,co2_methanol,yaml_analytic_thermo_microkinetic,47.2744,2.995091195383079e-05,46.1322,,1.7524,0.2419,0.00394,high,YAML-driven analytic thermodynamic equilibrium + catalyst descriptor screen (co2_methanol).
co2_methanol_sweep_0008,cand_0003,[Fe].[Ti].[Zn],Fe/TiO2/ZnO,221.619169,38.178568,6681.710997495642,96.2175696524277,0.48890821,1.0,5.95876729,0.31446354,0.22397868,0.035299105359283,67.5,B,0.5,True,co2_methanol,yaml_analytic_thermo_microkinetic,38.2236,9.218656674157049e-05,32.5515,,1.3439,0.2361,0.002712,high,YAML-driven analytic thermodynamic equilibrium + catalyst descriptor screen (co2_methanol).
co2_methanol_sweep_0009,cand_0003,[Fe].[Ti].[Zn],Fe/TiO2/ZnO,296.487958,87.506424,29431.83761616353,155.94002302743812,0.23084521,1.0,7.82825625,0.08610742,0.37304025,0.035299105359283,67.5,B,0.5,True,co2_methanol,yaml_analytic_thermo_microkinetic,51.4829,1.9020273937628184e-05,47.8813,,2.016,0.2127,0.003595,high,YAML-driven analytic thermodynamic equilibrium + catalyst descriptor screen (co2_methanol).
co2_methanol_sweep_0010,cand_0003,[Fe].[Ti].[Zn],Fe/TiO2/ZnO,231.801412,47.837445,13646.037146146755,153.06886194469183,0.43977488,1.0,8.59909152,0.2831941,0.34134531,0.035299105359283,67.5,B,0.5,True,co2_methanol,yaml_analytic_thermo_microkinetic,40.0269,7.236079805988751e-05,46.5793,,1.7079,0.2459,0.004043,high,YAML-driven analytic thermodynamic equilibrium + catalyst descriptor screen (co2_methanol).
co2_methanol_sweep_0011,cand_0003,[Fe].[Ti].[Zn],Fe/TiO2/ZnO,229.703237,57.799582,9958.676305620156,94.83216122679765,0.31404745,1.0,8.66215375,0.39924622,0.42842429,0.035299105359283,67.5,B,0.5,True,co2_methanol,yaml_analytic_thermo_microkinetic,39.6553,7.600205716492798e-05,51.2808,,1.762,0.2441,0.004419,high,YAML-driven analytic thermodynamic equilibrium + catalyst descriptor screen (co2_methanol).
co2_methanol_sweep_0012,cand_0003,[Fe].[Ti].[Zn],Fe/TiO2/ZnO,288.382912,43.56494,23963.47917370313,65.71291182377324,0.06325073,1.0,2.64365677,0.22683533,0.04507706,0.035299105359283,67.5,B,0.5,True,co2_methanol,yaml_analytic_thermo_microkinetic,50.0475,2.2110511955541606e-05,10.243,,0.5462,0.2237,0.000809,high,YAML-driven analytic thermodynamic equilibrium + catalyst descriptor screen (co2_methanol).
co2_methanol_sweep_0013,cand_0003,[Fe].[Ti].[Zn],Fe/TiO2/ZnO,270.132749,82.113244,21117.089389699868,87.29411964596406,0.01774349,1.0,7.47614436,0.08386056,0.35699409,0.035299105359283,67.5,B,0.5,True,co2_methanol,yaml_analytic_thermo_microkinetic,46.8154,3.154725773136789e-05,53.1576,,2.1821,0.2443,0.004584,high,YAML-driven analytic thermodynamic equilibrium + catalyst descriptor screen (co2_methanol).
co2_methanol_sweep_0014,cand_0003,[Fe].[Ti].[Zn],Fe/TiO2/ZnO,213.416426,90.568312,20455.25181038851,17.062668787328086,0.14570134,1.0,9.08965922,0.43891977,0.07593173,0.035299105359283,67.5,B,0.5,True,co2_methanol,yaml_analytic_thermo_microkinetic,36.7709,0.00011287256556999238,74.5763,,2.3553,0.2261,0.005952,high,YAML-driven analytic thermodynamic equilibrium + catalyst descriptor screen (co2_methanol).
co2_methanol_sweep_0015,cand_0003,[Fe].[Ti].[Zn],Fe/TiO2/ZnO,207.849541,30.940061,9828.177795040414,169.73627163484025,0.23626502,1.0,7.63833543,0.05167535,0.45213869,0.035299105359283,67.5,B,0.5,True,co2_methanol,yaml_analytic_thermo_microkinetic,35.785,0.00013000646564202464,45.6836,,2.0548,0.2187,0.003526,high,YAML-driven analytic thermodynamic equilibrium + catalyst descriptor screen (co2_methanol).
co2_methanol_sweep_0016,cand_0003,[Fe].[Ti].[Zn],Fe/TiO2/ZnO,211.137958,62.164942,29836.116984404838,158.28450548221508,0.14913283,1.0,8.81675755,0.28602271,0.32494299,0.035299105359283,67.5,B,0.5,True,co2_methanol,yaml_analytic_thermo_microkinetic,36.3674,0.00011954697854222866,64.9982,,2.1901,0.2231,0.005119,high,YAML-driven analytic thermodynamic equilibrium + catalyst descriptor screen (co2_methanol).
co2_methanol_sweep_0017,cand_0003,[Fe].[Ti].[Zn],Fe/TiO2/ZnO,222.024864,84.607079,9310.417068184961,114.34768365007717,0.22127323,1.0,7.42053367,0.11015543,0.08607068,0.035299105359283,67.5,B,0.5,True,co2_methanol,yaml_analytic_thermo_microkinetic,38.2955,9.12840304565899e-05,69.1461,,2.5913,0.2365,0.005773,high,YAML-driven analytic thermodynamic equilibrium + catalyst descriptor screen (co2_methanol).
co2_methanol_sweep_0018,cand_0003,[Fe].[Ti].[Zn],Fe/TiO2/ZnO,224.715906,20.29321,17493.580340372042,188.53693095954083,0.28244597,1.0,7.06244354,0.26043427,0.3652596,0.035299105359283,67.5,B,0.5,True,co2_methanol,yaml_analytic_thermo_microkinetic,38.7721,8.555171455517959e-05,21.2792,,0.9567,0.2394,0.001798,high,YAML-driven analytic thermodynamic equilibrium + catalyst descriptor screen (co2_methanol).
co2_methanol_sweep_0019,cand_0003,[Fe].[Ti].[Zn],Fe/TiO2/ZnO,277.115851,33.778386,18924.79939624104,91.87112110742538,0.21835144,1.0,5.66875065,0.25568251,0.24307838,0.035299105359283,67.5,B,0.5,True,co2_methanol,yaml_analytic_thermo_microkinetic,48.0521,2.7459210236136814e-05,16.9409,,0.79,0.2374,0.00142,high,YAML-driven analytic thermodynamic equilibrium + catalyst descriptor screen (co2_methanol).
co2_methanol_sweep_0020,cand_0003,[Fe].[Ti].[Zn],Fe/TiO2/ZnO,227.935355,83.233595,3087.7700412747167,161.15777450660468,0.28407269,1.0,5.2178059,0.07542553,0.47547937,0.035299105359283,67.5,B,0.5,True,co2_methanol,yaml_analytic_thermo_microkinetic,39.3422,7.923726215715945e-05,53.8915,,2.35,0.2426,0.004614,high,YAML-driven analytic thermodynamic equilibrium + catalyst descriptor screen (co2_methanol).
co2_methanol_sweep_0021,cand_0003,[Fe].[Ti].[Zn],Fe/TiO2/ZnO,197.809717,38.41884,3499.2715026603832,18.397518156414446,0.09515989,1.0,8.1097614,0.06708848,0.01738772,0.035299105359283,67.5,B,0.5,True,co2_methanol,yaml_analytic_thermo_microkinetic,34.007,0.00016917068863980545,59.3484,,2.3838,0.2047,0.004289,high,YAML-driven analytic thermodynamic equilibrium + catalyst descriptor screen (co2_methanol).
co2_methanol_sweep_0022,cand_0003,[Fe].[Ti].[Zn],Fe/TiO2/ZnO,283.538942,88.80305,26655.165182724315,69.90513502064033,0.08026638,1.0,2.2843683,0.16370285,0.32921018,0.035299105359283,67.5,B,0.5,True,co2_methanol,yaml_analytic_thermo_microkinetic,49.1896,2.4242824394880343e-05,18.6973,,1.2333,0.2299,0.001518,high,YAML-driven analytic thermodynamic equilibrium + catalyst descriptor screen (co2_methanol).
co2_methanol_sweep_0023,cand_0003,[Fe].[Ti].[Zn],Fe/TiO2/ZnO,277.336793,59.735335,24907.68791795768,135.2310056652788,0.20434385,1.0,2.85012842,0.00015797,0.46939757,0.035299105359283,67.5,B,0.5,True,co2_methanol,yaml_analytic_thermo_microkinetic,48.0912,2.7340469724736415e-05,21.9223,,1.6184,0.2372,0.001836,high,YAML-driven analytic thermodynamic equilibrium + catalyst descriptor screen (co2_methanol).
co2_methanol_sweep_0024,cand_0003,[Fe].[Ti].[Zn],Fe/TiO2/ZnO,223.726345,62.867555,8418.540195672571,108.28162803338304,0.18781359,1.0,9.77602469,0.14700891,0.00422419,0.035299105359283,67.5,B,0.5,True,co2_methanol,yaml_analytic_thermo_microkinetic,38.5968,8.760937902956485e-05,67.3529,,2.39,0.2384,0.005667,high,YAML-driven analytic thermodynamic equilibrium + catalyst descriptor screen (co2_methanol).
co2_methanol_sweep_0025,cand_0003,[Fe].[Ti].[Zn],Fe/TiO2/ZnO,208.333557,69.611269,8649.896233931673,64.5368219849615,0.03192586,1.0,3.15944255,0.39717044,0.39830585,0.035299105359283,67.5,B,0.5,True,co2_methanol,yaml_analytic_thermo_microkinetic,35.8707,0.00012840212119414089,32.409,,1.4796,0.2193,0.002509,high,YAML-driven analytic thermodynamic equilibrium + catalyst descriptor screen (co2_methanol).
co2_methanol_sweep_0026,cand_0003,[Fe].[Ti].[Zn],Fe/TiO2/ZnO,299.3269,76.997468,2742.803259009996,29.2767889738252,0.49548969,1.0,2.95200897,0.44571148,0.48815254,0.035299105359283,67.5,B,0.5,True,co2_methanol,yaml_analytic_thermo_microkinetic,51.9857,1.806147864399054e-05,11.3682,,0.5191,0.2087,0.000838,high,YAML-driven analytic thermodynamic equilibrium + catalyst descriptor screen (co2_methanol).
co2_methanol_sweep_0027,cand_0003,[Fe].[Ti].[Zn],Fe/TiO2/ZnO,289.121365,22.750498,27070.141242859092,120.99940969714419,0.28627854,1.0,6.14796205,0.08084284,0.39511094,0.035299105359283,67.5,B,0.5,True,co2_methanol,yaml_analytic_thermo_microkinetic,50.1783,2.18053859854299e-05,14.0958,,0.7632,0.2228,0.001108,high,YAML-driven analytic thermodynamic equilibrium + catalyst descriptor screen (co2_methanol).
co2_methanol_sweep_0028,cand_0003,[Fe].[Ti].[Zn],Fe/TiO2/ZnO,181.028132,44.430077,11936.519671205924,192.4825779478848,0.38223526,1.0,3.694641,0.06964915,0.38895221,0.035299105359283,67.5,B,0.5,True,co2_methanol,yaml_analytic_thermo_microkinetic,31.0349,0.0002696291572188191,41.8044,,2.1052,0.1825,0.002693,low,YAML-driven analytic thermodynamic equilibrium + catalyst descriptor screen (co2_methanol). Catalyst descriptor score is weak.
co2_methanol_sweep_0029,cand_0003,[Fe].[Ti].[Zn],Fe/TiO2/ZnO,235.220261,38.961583,15589.37674897597,166.3646608889651,0.10303809,1.0,5.14130474,0.28995541,0.47472714,0.035299105359283,67.5,B,0.5,True,co2_methanol,yaml_analytic_thermo_microkinetic,40.6324,6.685555281084984e-05,26.405,,1.1696,0.2484,0.002315,high,YAML-driven analytic thermodynamic equilibrium + catalyst descriptor screen (co2_methanol).
co2_methanol_sweep_0030,cand_0003,[Fe].[Ti].[Zn],Fe/TiO2/ZnO,271.902343,98.481273,28987.430296124698,46.241884257353945,0.07533065,1.0,6.01575937,0.10599223,0.13646857,0.035299105359283,67.5,B,0.5,True,co2_methanol,yaml_analytic_thermo_microkinetic,47.1288,3.044679203094699e-05,51.6011,,2.1422,0.2427,0.004421,high,YAML-driven analytic thermodynamic equilibrium + catalyst descriptor screen (co2_methanol).
co2_methanol_sweep_0031,cand_0003,[Fe].[Ti].[Zn],Fe/TiO2/ZnO,215.77549,45.429647,14508.729656418804,25.011846821406436,0.0143804,1.0,2.22184412,0.43440834,0.41563496,0.035299105359283,67.5,B,0.5,True,co2_methanol,yaml_analytic_thermo_microkinetic,37.1887,0.00010641446316132456,13.6235,,0.8498,0.2291,0.001102,high,YAML-driven analytic thermodynamic equilibrium + catalyst descriptor screen (co2_methanol).
co2_methanol_sweep_0032,cand_0003,[Fe].[Ti].[Zn],Fe/TiO2/ZnO,238.910059,58.757889,18510.681760026277,99.90853850456234,0.25543834,1.0,6.59415307,0.17922416,0.30714032,0.035299105359283,67.5,B,0.5,True,co2_methanol,yaml_analytic_thermo_microkinetic,41.2858,6.145581266214869e-05,46.0644,,1.8413,0.2505,0.004073,high,YAML-driven analytic thermodynamic equilibrium + catalyst descriptor screen (co2_methanol).
co2_methanol_sweep_0033,cand_0003,[Fe].[Ti].[Zn],Fe/TiO2/ZnO,198.047418,60.733787,23100.139188472687,55.5721546717839,0.19994713,1.0,8.3953804,0.41736151,0.3845634,0.035299105359283,67.5,B,0.5,True,co2_methanol,yaml_analytic_thermo_microkinetic,34.0491,0.00016809748754403043,65.1899,,2.1247,0.2051,0.004719,high,YAML-driven analytic thermodynamic equilibrium + catalyst descriptor screen (co2_methanol).
co2_methanol_sweep_0034,cand_0003,[Fe].[Ti].[Zn],Fe/TiO2/ZnO,215.367971,75.763542,25984.69996624807,150.85333769545213,0.46123868,1.0,4.46728036,0.39281249,0.47787217,0.035299105359283,67.5,B,0.5,True,co2_methanol,yaml_analytic_thermo_microkinetic,37.1165,0.00010749869185483921,41.6471,,1.6764,0.2286,0.00336,high,YAML-driven analytic thermodynamic equilibrium + catalyst descriptor screen (co2_methanol).
co2_methanol_sweep_0035,cand_0003,[Fe].[Ti].[Zn],Fe/TiO2/ZnO,239.973915,45.927401,29686.855718045383,48.511859362046955,0.38895934,1.0,9.25715069,0.44487686,0.26406596,0.035299105359283,67.5,B,0.5,True,co2_methanol,yaml_analytic_thermo_microkinetic,41.4742,5.999504152986328e-05,40.8795,,1.462,0.251,0.003622,high,YAML-driven analytic thermodynamic equilibrium + catalyst descriptor screen (co2_methanol).
co2_methanol_sweep_0036,cand_0003,[Fe].[Ti].[Zn],Fe/TiO2/ZnO,251.085748,89.559331,12663.315802469602,164.12829794286725,0.07475222,1.0,7.36300633,0.37789106,0.07774337,0.035299105359283,67.5,B,0.5,True,co2_methanol,yaml_analytic_thermo_microkinetic,43.4422,4.693815194511963e-05,55.307,,1.9092,0.2533,0.004945,high,YAML-driven analytic thermodynamic equilibrium + catalyst descriptor screen (co2_methanol).
co2_methanol_sweep_0037,cand_0003,[Fe].[Ti].[Zn],Fe/TiO2/ZnO,262.812258,21.27919,17010.873144292018,23.245729140384427,0.25216362,1.0,6.92884015,0.06115983,0.03371444,0.035299105359283,67.5,B,0.5,True,co2_methanol,yaml_analytic_thermo_microkinetic,45.5189,3.662972034152431e-05,20.3428,,1.1209,0.2496,0.001792,high,YAML-driven analytic thermodynamic equilibrium + catalyst descriptor screen (co2_methanol).
co2_methanol_sweep_0038,cand_0003,[Fe].[Ti].[Zn],Fe/TiO2/ZnO,196.285457,95.81488,6286.08747054595,177.47363454511907,0.30465058,1.0,8.06934147,0.03130531,0.38145778,0.035299105359283,67.5,B,0.5,True,co2_methanol,yaml_analytic_thermo_microkinetic,33.737,0.0001762443235909549,83.1253,,3.3013,0.2026,0.005945,high,YAML-driven analytic thermodynamic equilibrium + catalyst descriptor screen (co2_methanol).
co2_methanol_sweep_0039,cand_0003,[Fe].[Ti].[Zn],Fe/TiO2/ZnO,248.860458,55.452995,26448.705057024326,19.57914191340952,0.07828564,1.0,4.58482144,0.49425781,0.28512786,0.035299105359283,67.5,B,0.5,True,co2_methanol,yaml_analytic_thermo_microkinetic,43.0481,4.926160056510798e-05,24.699,,1.0594,0.2533,0.002208,high,YAML-driven analytic thermodynamic equilibrium + catalyst descriptor screen (co2_methanol).
co2_methanol_sweep_0040,cand_0003,[Fe].[Ti].[Zn],Fe/TiO2/ZnO,294.650191,56.207636,24774.029431299343,21.362242384119146,0.14086853,1.0,9.32605758,0.26298902,0.06366819,0.035299105359283,67.5,B,0.5,True,co2_methanol,yaml_analytic_thermo_microkinetic,51.1574,1.967333952499086e-05,35.6966,,1.4064,0.2152,0.002712,high,YAML-driven analytic thermodynamic equilibrium + catalyst descriptor screen (co2_methanol).
co2_methanol_sweep_0041,cand_0003,[Fe].[Ti].[Zn],Fe/TiO2/ZnO,256.420249,22.284738,11557.11495727656,50.548607429839905,0.3703482,1.0,6.37220807,0.32966974,0.00596405,0.035299105359283,67.5,B,0.5,True,co2_methanol,yaml_analytic_thermo_microkinetic,44.3869,4.187399243207199e-05,13.4943,,0.5953,0.2524,0.001202,high,YAML-driven analytic thermodynamic equilibrium + catalyst descriptor screen (co2_methanol).
co2_methanol_sweep_0042,cand_0003,[Fe].[Ti].[Zn],Fe/TiO2/ZnO,257.942943,59.309714,11788.170949364707,145.3387398764129,0.4251028,1.0,5.83450368,0.03299779,0.43851579,0.035299105359283,67.5,B,0.5,True,co2_methanol,yaml_analytic_thermo_microkinetic,44.6566,4.054846367747883e-05,40.301,,2.0128,0.2519,0.003583,high,YAML-driven analytic thermodynamic equilibrium + catalyst descriptor screen (co2_methanol).
co2_methanol_sweep_0043,cand_0003,[Fe].[Ti].[Zn],Fe/TiO2/ZnO,270.730426,96.481954,25247.556211205574,148.00788356293,0.31726238,1.0,4.41639696,0.49595959,0.49457177,0.035299105359283,67.5,B,0.5,True,co2_methanol,yaml_analytic_thermo_microkinetic,46.9212,3.117039441648296e-05,29.8234,,1.2521,0.2438,0.002566,high,YAML-driven analytic thermodynamic equilibrium + catalyst descriptor screen (co2_methanol).
co2_methanol_sweep_0044,cand_0003,[Fe].[Ti].[Zn],Fe/TiO2/ZnO,273.26103,48.971028,29514.762078582626,36.29998138336444,0.32300189,1.0,6.84944306,0.12876962,0.00100102,0.035299105359283,67.5,B,0.5,True,co2_methanol,yaml_analytic_thermo_microkinetic,47.3694,2.963260638062378e-05,34.0446,,1.5284,0.2414,0.002901,high,YAML-driven analytic thermodynamic equilibrium + catalyst descriptor screen (co2_methanol).
co2_methanol_sweep_0045,cand_0003,[Fe].[Ti].[Zn],Fe/TiO2/ZnO,184.241258,80.752107,17383.605500773985,69.56772953314878,0.12395348,1.0,8.45368547,0.0255642,0.00832192,0.035299105359283,67.5,B,0.5,True,co2_methanol,yaml_analytic_thermo_microkinetic,31.604,0.0002459552091619686,85.5997,,3.4069,0.1865,0.005635,low,YAML-driven analytic thermodynamic equilibrium + catalyst descriptor screen (co2_methanol). Catalyst descriptor score is weak.
co2_methanol_sweep_0046,cand_0003,[Fe].[Ti].[Zn],Fe/TiO2/ZnO,181.599817,69.240653,13233.245499410108,91.27581773379437,0.1342139,1.0,4.94543232,0.24210597,0.06963054,0.035299105359283,67.5,B,0.5,True,co2_methanol,yaml_analytic_thermo_microkinetic,31.1362,0.00026523119502525066,62.0085,,2.3626,0.1832,0.00401,low,YAML-driven analytic thermodynamic equilibrium + catalyst descriptor screen (co2_methanol). Catalyst descriptor score is weak.
co2_methanol_sweep_0047,cand_0003,[Fe].[Ti].[Zn],Fe/TiO2/ZnO,261.638324,65.024838,22246.335224811162,13.208962719866008,0.16765965,1.0,9.49788028,0.17304925,0.37630158,0.035299105359283,67.5,B,0.5,True,co2_methanol,yaml_analytic_thermo_microkinetic,45.311,3.753201587833041e-05,52.3382,,1.9512,0.2502,0.004623,high,YAML-driven analytic thermodynamic equilibrium + catalyst descriptor screen (co2_methanol).
co2_methanol_sweep_0048,cand_0003,[Fe].[Ti].[Zn],Fe/TiO2/ZnO,199.574184,94.005347,14639.513566959491,184.1285613132962,0.19287367,1.0,2.63526086,0.19590732,0.2971952,0.035299105359283,67.5,B,0.5,True,co2_methanol,yaml_analytic_thermo_microkinetic,34.3195,0.0001613893380349569,38.5791,,2.0544,0.2072,0.002821,high,YAML-driven analytic thermodynamic equilibrium + catalyst descriptor screen (co2_methanol).
co2_methanol_sweep_0049,cand_0003,[Fe].[Ti].[Zn],Fe/TiO2/ZnO,269.647045,85.725561,14878.277623975597,194.57295362796745,0.4167616,1.0,9.68698402,0.42885363,0.26139421,0.035299105359283,67.5,B,0.5,True,co2_methanol,yaml_analytic_thermo_microkinetic,46.7294,3.185749189001848e-05,52.9583,,1.7703,0.2447,0.004574,high,YAML-driven analytic thermodynamic equilibrium + catalyst descriptor screen (co2_methanol).
co2_methanol_sweep_0050,cand_0003,[Fe].[Ti].[Zn],Fe/TiO2/ZnO,251.818844,74.832623,6090.618835039588,136.2099645310589,0.125302,1.0,7.32011861,0.21679023,0.23040776,0.035299105359283,67.5,B,0.5,True,co2_methanol,yaml_analytic_thermo_microkinetic,43.572,4.6201119118510405e-05,52.0715,,1.9438,0.2533,0.004655,high,YAML-driven analytic thermodynamic equilibrium + catalyst descriptor screen (co2_methanol).
co2_methanol_sweep_0051,cand_0003,[Fe].[Ti].[Zn],Fe/TiO2/ZnO,200.936148,48.400358,24446.804136945088,15.278125609518998,0.32775742,1.0,3.51638237,0.3274275,0.05439793,0.035299105359283,67.5,B,0.5,True,co2_methanol,yaml_analytic_thermo_microkinetic,34.5607,0.00015566597682648164,31.4268,,1.4257,0.2091,0.002319,high,YAML-driven analytic thermodynamic equilibrium + catalyst descriptor screen (co2_methanol).
co2_methanol_sweep_0052,cand_0003,[Fe].[Ti].[Zn],Fe/TiO2/ZnO,283.114187,92.489293,16392.251408190194,159.29391496400478,0.10740959,1.0,3.85374924,0.46748643,0.09237086,0.035299105359283,67.5,B,0.5,True,co2_methanol,yaml_analytic_thermo_microkinetic,49.1144,2.444120149660781e-05,25.4104,,1.1229,0.2305,0.002067,high,YAML-driven analytic thermodynamic equilibrium + catalyst descriptor screen (co2_methanol).
co2_methanol_sweep_0053,cand_0003,[Fe].[Ti].[Zn],Fe/TiO2/ZnO,230.636445,29.679407,11486.602605112166,149.40483820129154,0.00799759,1.0,9.59771072,0.23268051,0.01806973,0.035299105359283,67.5,B,0.5,True,co2_methanol,yaml_analytic_thermo_microkinetic,39.8206,7.435668246421271e-05,38.53,,1.5063,0.2449,0.003331,high,YAML-driven analytic thermodynamic equilibrium + catalyst descriptor screen (co2_methanol).
co2_methanol_sweep_0054,cand_0003,[Fe].[Ti].[Zn],Fe/TiO2/ZnO,249.781128,39.264808,24674.37881806341,61.49422679983453,0.08623867,1.0,8.79500305,0.21813703,0.19342497,0.035299105359283,67.5,B,0.5,True,co2_methanol,yaml_analytic_thermo_microkinetic,43.2111,4.8284279582874234e-05,38.035,,1.5159,0.2533,0.003401,high,YAML-driven analytic thermodynamic equilibrium + catalyst descriptor screen (co2_methanol).
co2_methanol_sweep_0055,cand_0003,[Fe].[Ti].[Zn],Fe/TiO2/ZnO,217.889321,93.537915,12117.153047129077,196.82292371658545,0.05822524,1.0,6.30916965,0.34004949,0.23597114,0.035299105359283,67.5,B,0.5,True,co2_methanol,yaml_analytic_thermo_microkinetic,37.5631,0.00010099077228831161,63.488,,2.2134,0.2317,0.005193,high,YAML-driven analytic thermodynamic equilibrium + catalyst descriptor screen (co2_methanol).
co2_methanol_sweep_0056,cand_0003,[Fe].[Ti].[Zn],Fe/TiO2/ZnO,264.5673,94.953476,27334.070922778777,76.73527501719002,0.39456718,1.0,6.61161687,0.3072707,0.09954117,0.035299105359283,67.5,B,0.5,True,co2_methanol,yaml_analytic_thermo_microkinetic,45.8297,3.532807522216862e-05,49.3519,,1.8204,0.2485,0.004329,high,YAML-driven analytic thermodynamic equilibrium + catalyst descriptor screen (co2_methanol).
co2_methanol_sweep_0057,cand_0003,[Fe].[Ti].[Zn],Fe/TiO2/ZnO,297.611984,64.216576,23450.228667232204,104.84177369960275,0.36463717,1.0,4.69710347,0.42263494,0.44424664,0.035299105359283,67.5,B,0.5,True,co2_methanol,yaml_analytic_thermo_microkinetic,51.6819,1.8633569611422577e-05,17.6676,,0.7944,0.2111,0.001317,high,YAML-driven analytic thermodynamic equilibrium + catalyst descriptor screen (co2_methanol).
co2_methanol_sweep_0058,cand_0003,[Fe].[Ti].[Zn],Fe/TiO2/ZnO,266.05319,60.92009,13389.107358265655,167.22410856235297,0.20622912,1.0,9.55406244,0.04148991,0.22631458,0.035299105359283,67.5,B,0.5,True,co2_methanol,yaml_analytic_thermo_microkinetic,46.0929,3.426858303174935e-05,53.05,,2.2647,0.2475,0.004635,high,YAML-driven analytic thermodynamic equilibrium + catalyst descriptor screen (co2_methanol).
co2_methanol_sweep_0059,cand_0003,[Fe].[Ti].[Zn],Fe/TiO2/ZnO,256.128469,87.146362,13581.069423590623,164.87181891925798,0.13597253,1.0,2.42288387,0.03591343,0.21397047,0.035299105359283,67.5,B,0.5,True,co2_methanol,yaml_analytic_thermo_microkinetic,44.3352,4.213378606632673e-05,27.829,,1.9418,0.2525,0.00248,high,YAML-driven analytic thermodynamic equilibrium + catalyst descriptor screen (co2_methanol).
co2_methanol_sweep_0060,cand_0003,[Fe].[Ti].[Zn],Fe/TiO2/ZnO,231.35473,58.312949,27537.63712522274,176.79954429323936,0.396454,1.0,4.31855761,0.01631467,0.03693602,0.035299105359283,67.5,B,0.5,True,co2_methanol,yaml_analytic_thermo_microkinetic,39.9478,7.311857893483859e-05,41.1142,,2.2058,0.2455,0.003563,high,YAML-driven analytic thermodynamic equilibrium + catalyst descriptor screen (co2_methanol).
co2_methanol_sweep_0061,cand_0003,[Fe].[Ti].[Zn],Fe/TiO2/ZnO,182.656525,54.173691,26961.719694644547,38.1652912602098,0.14420946,1.0,2.09390268,0.10053142,0.17612714,0.035299105359283,67.5,B,0.5,True,co2_methanol,yaml_analytic_thermo_microkinetic,31.3233,0.00025731787865746093,29.0574,,2.0098,0.1845,0.001893,low,YAML-driven analytic thermodynamic equilibrium + catalyst descriptor screen (co2_methanol). Catalyst descriptor score is weak.
co2_methanol_sweep_0062,cand_0003,[Fe].[Ti].[Zn],Fe/TiO2/ZnO,226.541149,65.349595,11189.507973176966,82.07982445161626,0.31778399,1.0,2.89053177,0.02769736,0.02124092,0.035299105359283,67.5,B,0.5,True,co2_methanol,yaml_analytic_thermo_microkinetic,39.0953,8.190252243913587e-05,33.4745,,2.0372,0.2412,0.00285,high,YAML-driven analytic thermodynamic equilibrium + catalyst descriptor screen (co2_methanol).
co2_methanol_sweep_0063,cand_0003,[Fe].[Ti].[Zn],Fe/TiO2/ZnO,252.887835,26.080052,29255.97690315581,165.33680454946668,0.33221036,1.0,6.82023433,0.10481985,0.25789502,0.035299105359283,67.5,B,0.5,True,co2_methanol,yaml_analytic_thermo_microkinetic,43.7613,4.515064764680743e-05,23.9101,,1.1985,0.2531,0.002137,high,YAML-driven analytic thermodynamic equilibrium + catalyst descriptor screen (co2_methanol).
co2_methanol_sweep_0064,cand_0003,[Fe].[Ti].[Zn],Fe/TiO2/ZnO,209.366659,82.687755,15253.221794329784,51.57287052703437,0.11314327,1.0,2.46744427,0.16746329,0.12293207,0.035299105359283,67.5,B,0.5,True,co2_methanol,yaml_analytic_thermo_microkinetic,36.0537,0.00012505408663121694,33.7695,,1.9333,0.2207,0.002631,high,YAML-driven analytic thermodynamic equilibrium + catalyst descriptor screen (co2_methanol).
co2_methanol_sweep_0065,cand_0003,[Fe].[Ti].[Zn],Fe/TiO2/ZnO,216.686071,78.251095,22978.494194131512,111.84216379409463,0.4940877,1.0,9.2352131,0.24760393,0.15251134,0.035299105359283,67.5,B,0.5,True,co2_methanol,yaml_analytic_thermo_microkinetic,37.35,0.00010403749857202537,71.4915,,2.3992,0.2302,0.00581,high,YAML-driven analytic thermodynamic equilibrium + catalyst descriptor screen (co2_methanol).
co2_methanol_sweep_0066,cand_0003,[Fe].[Ti].[Zn],Fe/TiO2/ZnO,242.536737,27.875615,19683.726893116745,1.2931206663434074,0.15589778,1.0,4.38448633,0.35497318,0.24697736,0.035299105359283,67.5,B,0.5,True,co2_methanol,yaml_analytic_thermo_microkinetic,41.9281,5.664011759289564e-05,13.9186,,0.6329,0.252,0.001238,high,YAML-driven analytic thermodynamic equilibrium + catalyst descriptor screen (co2_methanol).
co2_methanol_sweep_0067,cand_0003,[Fe].[Ti].[Zn],Fe/TiO2/ZnO,237.884947,79.134499,16256.773038497284,83.74787723090252,0.28861008,1.0,7.12043468,0.38540233,0.1625242,0.035299105359283,67.5,B,0.5,True,co2_methanol,yaml_analytic_thermo_microkinetic,41.1043,6.290298204386581e-05,53.5533,,1.8705,0.25,0.004725,high,YAML-driven analytic thermodynamic equilibrium + catalyst descriptor screen (co2_methanol).
co2_methanol_sweep_0068,cand_0003,[Fe].[Ti].[Zn],Fe/TiO2/ZnO,197.315042,63.820702,28265.039819782134,141.21535096277205,0.48641555,1.0,6.24978679,0.20382668,0.40962332,0.035299105359283,67.5,B,0.5,True,co2_methanol,yaml_analytic_thermo_microkinetic,33.9194,0.00017142965424446133,59.9733,,2.2413,0.204,0.004319,high,YAML-driven analytic thermodynamic equilibrium + catalyst descriptor screen (co2_methanol).
co2_methanol_sweep_0069,cand_0003,[Fe].[Ti].[Zn],Fe/TiO2/ZnO,188.891444,56.837159,22853.749127543604,130.118311976481,0.15127451,1.0,2.58831763,0.13103389,0.05126678,0.035299105359283,67.5,B,0.5,True,co2_methanol,yaml_analytic_thermo_microkinetic,32.4275,0.00021581330818137303,34.4791,,1.9529,0.1925,0.002343,low,YAML-driven analytic thermodynamic equilibrium + catalyst descriptor screen (co2_methanol). Catalyst descriptor score is weak.
co2_methanol_sweep_0070,cand_0003,[Fe].[Ti].[Zn],Fe/TiO2/ZnO,182.349531,47.502533,3981.8976261332446,39.17059924302393,0.01082449,1.0,8.85403404,0.11559274,0.13485473,0.035299105359283,67.5,B,0.5,True,co2_methanol,yaml_analytic_thermo_microkinetic,31.269,0.0002595884432324613,73.1688,,2.6453,0.1841,0.004756,low,YAML-driven analytic thermodynamic equilibrium + catalyst descriptor screen (co2_methanol). Catalyst descriptor score is weak.
co2_methanol_sweep_0071,cand_0003,[Fe].[Ti].[Zn],Fe/TiO2/ZnO,236.180035,51.784189,14132.616092338374,16.079743521079248,0.19557843,1.0,4.1006971,0.06286996,0.22873802,0.035299105359283,67.5,B,0.5,True,co2_methanol,yaml_analytic_thermo_microkinetic,40.8023,6.53992679462584e-05,34.2811,,1.7814,0.249,0.003013,high,YAML-driven analytic thermodynamic equilibrium + catalyst descriptor screen (co2_methanol).
co2_methanol_sweep_0072,cand_0003,[Fe].[Ti].[Zn],Fe/TiO2/ZnO,190.854269,97.76515,4400.96159816328,131.00611215838643,0.44617147,1.0,9.62004732,0.24723755,0.35400362,0.035299105359283,67.5,B,0.5,True,co2_methanol,yaml_analytic_thermo_microkinetic,32.7752,0.00020438739125015545,86.1255,,2.8991,0.1952,0.005933,low,YAML-driven analytic thermodynamic equilibrium + catalyst descriptor screen (co2_methanol). Catalyst descriptor score is weak.
co2_methanol_sweep_0073,cand_0003,[Fe].[Ti].[Zn],Fe/TiO2/ZnO,206.449597,26.547667,13035.149078458824,189.71283864256844,0.35993794,1.0,9.47233588,0.33518135,0.18887948,0.035299105359283,67.5,B,0.5,True,co2_methanol,yaml_analytic_thermo_microkinetic,35.5371,0.0001347795364845324,39.7503,,1.4765,0.2167,0.003041,high,YAML-driven analytic thermodynamic equilibrium + catalyst descriptor screen (co2_methanol).
co2_methanol_sweep_0074,cand_0003,[Fe].[Ti].[Zn],Fe/TiO2/ZnO,220.015479,58.960609,26918.975976118978,109.17836800393219,0.02091558,1.0,7.49187866,0.32254549,0.48594911,0.035299105359283,67.5,B,0.5,True,co2_methanol,yaml_analytic_thermo_microkinetic,37.9396,9.58576368089702e-05,53.6923,,1.8982,0.2342,0.004439,high,YAML-driven analytic thermodynamic equilibrium + catalyst descriptor screen (co2_methanol).
co2_methanol_sweep_0075,cand_0003,[Fe].[Ti].[Zn],Fe/TiO2/ZnO,245.113496,24.495427,21753.534097925032,9.23790753301524,0.12804499,1.0,7.92147155,0.452833,0.22221474,0.035299105359283,67.5,B,0.5,True,co2_methanol,yaml_analytic_thermo_microkinetic,42.3845,5.3486749947442284e-05,18.6392,,0.7885,0.2528,0.001663,high,YAML-driven analytic thermodynamic equilibrium + catalyst descriptor screen (co2_methanol).
co2_methanol_sweep_0076,cand_0003,[Fe].[Ti].[Zn],Fe/TiO2/ZnO,252.160552,54.623965,18302.56546766242,175.46916810256505,0.17753855,1.0,4.9612074,0.36927943,0.01316562,0.035299105359283,67.5,B,0.5,True,co2_methanol,yaml_analytic_thermo_microkinetic,43.6325,4.5862233212148624e-05,28.8201,,1.224,0.2532,0.002576,high,YAML-driven analytic thermodynamic equilibrium + catalyst descriptor screen (co2_methanol).
co2_methanol_sweep_0077,cand_0003,[Fe].[Ti].[Zn],Fe/TiO2/ZnO,255.15001,30.261403,21302.658231519006,119.3642577745157,0.06877575,1.0,4.32890627,0.11753615,0.37133757,0.035299105359283,67.5,B,0.5,True,co2_methanol,yaml_analytic_thermo_microkinetic,44.1619,4.301895015812357e-05,18.6131,,0.9884,0.2527,0.00166,high,YAML-driven analytic thermodynamic equilibrium + catalyst descriptor screen (co2_methanol).
co2_methanol_sweep_0078,cand_0003,[Fe].[Ti].[Zn],Fe/TiO2/ZnO,189.61325,46.63537,7628.884498921604,113.35060482404971,0.18049485,1.0,7.73778153,0.37518825,0.30794354,0.035299105359283,67.5,B,0.5,True,co2_methanol,yaml_analytic_thermo_microkinetic,32.5554,0.00021152778898640394,58.8807,,1.9977,0.1935,0.004022,low,YAML-driven analytic thermodynamic equilibrium + catalyst descriptor screen (co2_methanol). Catalyst descriptor score is weak.
co2_methanol_sweep_0079,cand_0003,[Fe].[Ti].[Zn],Fe/TiO2/ZnO,238.777818,25.450919,7033.182213876061,8.851264120341014,0.46821685,1.0,6.73298777,0.1880657,0.38533636,0.035299105359283,67.5,B,0.5,True,co2_methanol,yaml_analytic_thermo_microkinetic,41.2624,6.164029034136529e-05,23.2262,,1.0821,0.2504,0.002053,high,YAML-driven analytic thermodynamic equilibrium + catalyst descriptor screen (co2_methanol).
co2_methanol_sweep_0080,cand_0003,[Fe].[Ti].[Zn],Fe/TiO2/ZnO,250.356341,28.879651,10533.145080624741,181.8566375253109,0.22285469,1.0,5.85512409,0.27248875,0.21121343,0.035299105359283,67.5,B,0.5,True,co2_methanol,yaml_analytic_thermo_microkinetic,43.313,4.768524325523183e-05,19.4947,,0.8929,0.2533,0.001743,high,YAML-driven analytic thermodynamic equilibrium + catalyst descriptor screen (co2_methanol).
co2_methanol_sweep_0081,cand_0003,[Fe].[Ti].[Zn],Fe/TiO2/ZnO,203.593628,41.188157,27983.810221942524,105.57884329302321,0.44190585,1.0,9.29313549,0.18536805,0.31912992,0.035299105359283,67.5,B,0.5,True,co2_methanol,yaml_analytic_thermo_microkinetic,35.0313,0.000145162505052559,57.8089,,2.088,0.2128,0.004342,high,YAML-driven analytic thermodynamic equilibrium + catalyst descriptor screen (co2_methanol).
co2_methanol_sweep_0082,cand_0003,[Fe].[Ti].[Zn],Fe/TiO2/ZnO,214.287993,96.280423,3737.355164876359,198.6100446325909,0.47028361,1.0,7.029007,0.43703102,0.31228797,0.035299105359283,67.5,B,0.5,True,co2_methanol,yaml_analytic_thermo_microkinetic,36.9253,0.00011043482236034863,65.7614,,2.1912,0.2272,0.005274,high,YAML-driven analytic thermodynamic equilibrium + catalyst descriptor screen (co2_methanol).
co2_methanol_sweep_0083,cand_0003,[Fe].[Ti].[Zn],Fe/TiO2/ZnO,180.394844,28.512944,9586.95957516332,48.76125034678357,0.40398015,1.0,7.10814552,0.30965795,0.15106282,0.035299105359283,67.5,B,0.5,True,co2_methanol,yaml_analytic_thermo_microkinetic,30.9228,0.0002745995098892488,45.7937,,1.703,0.1817,0.002938,low,YAML-driven analytic thermodynamic equilibrium + catalyst descriptor screen (co2_methanol). Catalyst descriptor score is weak.
co2_methanol_sweep_0084,cand_0003,[Fe].[Ti].[Zn],Fe/TiO2/ZnO,193.801452,25.719648,9196.670202342128,98.11959275254281,0.47875771,1.0,8.28338805,0.47966408,0.45658655,0.035299105359283,67.5,B,0.5,True,co2_methanol,yaml_analytic_thermo_microkinetic,33.2971,0.00018851913646862284,35.861,,1.331,0.1992,0.002521,low,YAML-driven analytic thermodynamic equilibrium + catalyst descriptor screen (co2_methanol). Catalyst descriptor score is weak.
co2_methanol_sweep_0085,cand_0003,[Fe].[Ti].[Zn],Fe/TiO2/ZnO,241.7597,60.319208,6617.526370660013,7.513986483082338,0.45164177,1.0,5.61461839,0.46144905,0.06510198,0.035299105359283,67.5,B,0.5,True,co2_methanol,yaml_analytic_thermo_microkinetic,41.7905,5.763351393842296e-05,34.4304,,1.3549,0.2518,0.00306,high,YAML-driven analytic thermodynamic equilibrium + catalyst descriptor screen (co2_methanol).
co2_methanol_sweep_0086,cand_0003,[Fe].[Ti].[Zn],Fe/TiO2/ZnO,237.148822,95.383657,29960.164277484346,128.46248818522088,0.43668664,1.0,3.91059612,0.05772734,0.09367614,0.035299105359283,67.5,B,0.5,True,co2_methanol,yaml_analytic_thermo_microkinetic,40.9739,6.396684891874565e-05,46.2299,,2.2725,0.2496,0.004072,high,YAML-driven analytic thermodynamic equilibrium + catalyst descriptor screen (co2_methanol).
co2_methanol_sweep_0087,cand_0003,[Fe].[Ti].[Zn],Fe/TiO2/ZnO,205.354609,85.363702,3868.5185107386706,126.07211362494276,0.24669377,1.0,6.99034512,0.0796114,0.29781421,0.035299105359283,67.5,B,0.5,True,co2_methanol,yaml_analytic_thermo_microkinetic,35.3432,0.00013865507141433252,72.9671,,2.8155,0.2152,0.005544,high,YAML-driven analytic thermodynamic equilibrium + catalyst descriptor screen (co2_methanol).
co2_methanol_sweep_0088,cand_0003,[Fe].[Ti].[Zn],Fe/TiO2/ZnO,274.630052,27.375404,9449.123580480205,3.205095011171165,0.13880936,1.0,5.98246455,0.19751325,0.42581351,0.035299105359283,67.5,B,0.5,True,co2_methanol,yaml_analytic_thermo_microkinetic,47.6118,2.8838168915256007e-05,15.6346,,0.7507,0.2401,0.001325,high,YAML-driven analytic thermodynamic equilibrium + catalyst descriptor screen (co2_methanol).
co2_methanol_sweep_0089,cand_0003,[Fe].[Ti].[Zn],Fe/TiO2/ZnO,263.511217,34.438978,2449.7374229278926,45.590746551771204,0.34224526,1.0,4.21751317,0.34336769,0.27011163,0.035299105359283,67.5,B,0.5,True,co2_methanol,yaml_analytic_thermo_microkinetic,45.6427,3.61046561041164e-05,12.7669,,0.5768,0.2492,0.001123,high,YAML-driven analytic thermodynamic equilibrium + catalyst descriptor screen (co2_methanol).
co2_methanol_sweep_0090,cand_0003,[Fe].[Ti].[Zn],Fe/TiO2/ZnO,225.292361,43.826811,22014.98201480146,57.755024350282426,0.1673973,1.0,9.95587989,0.26938483,0.06233617,0.035299105359283,67.5,B,0.5,True,co2_methanol,yaml_analytic_thermo_microkinetic,38.8741,8.437907221440369e-05,52.5619,,1.8482,0.24,0.004453,high,YAML-driven analytic thermodynamic equilibrium + catalyst descriptor screen (co2_methanol).
co2_methanol_sweep_0091,cand_0003,[Fe].[Ti].[Zn],Fe/TiO2/ZnO,242.126929,70.993565,9096.240207135997,155.174294319838,0.34903874,1.0,3.83553599,0.02234868,0.49075453,0.035299105359283,67.5,B,0.5,True,co2_methanol,yaml_analytic_thermo_microkinetic,41.8555,5.716150641745398e-05,37.3164,,2.0824,0.2519,0.003318,high,YAML-driven analytic thermodynamic equilibrium + catalyst descriptor screen (co2_methanol).
co2_methanol_sweep_0092,cand_0003,[Fe].[Ti].[Zn],Fe/TiO2/ZnO,245.875788,69.079171,22664.82239119507,34.415473415096194,0.03721982,1.0,7.99993357,0.25784309,0.08999692,0.035299105359283,67.5,B,0.5,True,co2_methanol,yaml_analytic_thermo_microkinetic,42.5195,5.259371333373689e-05,54.1426,,1.9391,0.2529,0.004834,high,YAML-driven analytic thermodynamic equilibrium + catalyst descriptor screen (co2_methanol).
co2_methanol_sweep_0093,cand_0003,[Fe].[Ti].[Zn],Fe/TiO2/ZnO,281.6951,99.004199,8113.366817458512,85.14582961495428,0.41039699,1.0,6.40877675,0.28184913,0.32669377,0.035299105359283,67.5,B,0.5,True,co2_methanol,yaml_analytic_thermo_microkinetic,48.8631,2.5118089947581778e-05,44.0617,,1.6975,0.2322,0.003612,high,YAML-driven analytic thermodynamic equilibrium + catalyst descriptor screen (co2_methanol).
co2_methanol_sweep_0094,cand_0003,[Fe].[Ti].[Zn],Fe/TiO2/ZnO,262.65451,20.608055,27664.343829927766,174.89788838891388,0.23767404,1.0,8.54677057,0.43237858,0.17384808,0.035299105359283,67.5,B,0.5,True,co2_methanol,yaml_analytic_thermo_microkinetic,45.491,3.6749465135371486e-05,12.8411,,0.5361,0.2497,0.001132,high,YAML-driven analytic thermodynamic equilibrium + catalyst descriptor screen (co2_methanol).
co2_methanol_sweep_0095,cand_0003,[Fe].[Ti].[Zn],Fe/TiO2/ZnO,268.373065,83.139818,5353.367637199232,44.64248565521966,0.36747685,1.0,4.24324707,0.2020292,0.44992179,0.035299105359283,67.5,B,0.5,True,co2_methanol,yaml_analytic_thermo_microkinetic,46.5037,3.268852126642303e-05,32.3431,,1.488,0.2457,0.002806,high,YAML-driven analytic thermodynamic equilibrium + catalyst descriptor screen (co2_methanol).
co2_methanol_sweep_0096,cand_0003,[Fe].[Ti].[Zn],Fe/TiO2/ZnO,284.333622,52.95194,10646.170552776528,79.03863400982148,0.46537641,1.0,7.53639218,0.39248815,0.27786658,0.035299105359283,67.5,B,0.5,True,co2_methanol,yaml_analytic_thermo_microkinetic,49.3303,2.38767878983814e-05,26.9607,,1.1019,0.229,0.002179,high,YAML-driven analytic thermodynamic equilibrium + catalyst descriptor screen (co2_methanol).
co2_methanol_sweep_0097,cand_0003,[Fe].[Ti].[Zn],Fe/TiO2/ZnO,228.228529,87.934903,19531.78876566106,71.78878591591837,0.11020302,1.0,3.46982946,0.30136386,0.43099144,0.035299105359283,67.5,B,0.5,True,co2_methanol,yaml_analytic_thermo_microkinetic,39.3941,7.868978720980074e-05,36.651,,1.6465,0.2428,0.003142,high,YAML-driven analytic thermodynamic equilibrium + catalyst descriptor screen (co2_methanol).
co2_methanol_sweep_0098,cand_0003,[Fe].[Ti].[Zn],Fe/TiO2/ZnO,202.20921,46.255386,24146.157691585184,103.16819287776067,0.48099817,1.0,3.40803146,0.19445911,0.10146493,0.035299105359283,67.5,B,0.5,True,co2_methanol,yaml_analytic_thermo_microkinetic,34.7861,0.0001505280363092503,31.3933,,1.5248,0.2109,0.002337,high,YAML-driven analytic thermodynamic equilibrium + catalyst descriptor screen (co2_methanol).
co2_methanol_sweep_0099,cand_0003,[Fe].[Ti].[Zn],Fe/TiO2/ZnO,267.409419,45.168757,29155.82313218604,182.74025373786986,0.24958628,1.0,9.91923863,0.29568704,0.42072977,0.035299105359283,67.5,B,0.5,True,co2_methanol,yaml_analytic_thermo_microkinetic,46.3331,3.333417483188264e-05,36.3272,,1.3995,0.2465,0.003161,high,YAML-driven analytic thermodynamic equilibrium + catalyst descriptor screen (co2_methanol).
co2_methanol_sweep_0100,cand_0003,[Fe].[Ti].[Zn],Fe/TiO2/ZnO,290.556852,49.873139,7335.397276003523,40.20913860471169,0.0046407,1.0,7.19495895,0.31076726,0.33706764,0.035299105359283,67.5,B,0.5,True,co2_methanol,yaml_analytic_thermo_microkinetic,50.4325,2.122645565288892e-05,26.0284,,1.104,0.2208,0.002029,high,YAML-driven analytic thermodynamic equilibrium + catalyst descriptor screen (co2_methanol).
co2_methanol_sweep_0101,cand_0003,[Fe].[Ti].[Zn],Fe/TiO2/ZnO,285.295624,71.20329,16979.43893533733,163.16850309711194,0.2910384,1.0,5.24027662,0.09718273,0.04275674,0.035299105359283,67.5,B,0.5,True,co2_methanol,yaml_analytic_thermo_microkinetic,49.5007,2.3442426629819658e-05,35.2263,,1.6708,0.2277,0.002832,high,YAML-driven analytic thermodynamic equilibrium + catalyst descriptor screen (co2_methanol).
co2_methanol_sweep_0102,cand_0003,[Fe].[Ti].[Zn],Fe/TiO2/ZnO,205.871772,84.98552,24312.949115819494,197.7381787444566,0.42851358,1.0,9.43797921,0.16176311,0.26584095,0.035299105359283,67.5,B,0.5,True,co2_methanol,yaml_analytic_thermo_microkinetic,35.4348,0.00013680875317206598,79.4024,,2.7535,0.2159,0.006053,high,YAML-driven analytic thermodynamic equilibrium + catalyst descriptor screen (co2_methanol).
co2_methanol_sweep_0103,cand_0003,[Fe].[Ti].[Zn],Fe/TiO2/ZnO,289.898253,97.592736,15356.600071543997,142.0598758630116,0.05186584,1.0,8.40504446,0.00597307,0.16611615,0.035299105359283,67.5,B,0.5,True,co2_methanol,yaml_analytic_thermo_microkinetic,50.3158,2.1489768579519652e-05,58.6454,,2.6339,0.2217,0.00459,high,YAML-driven analytic thermodynamic equilibrium + catalyst descriptor screen (co2_methanol).
co2_methanol_sweep_0104,cand_0003,[Fe].[Ti].[Zn],Fe/TiO2/ZnO,212.7623,48.128952,6798.392251139839,180.53089689365723,0.26504146,1.0,4.12966311,0.10895182,0.27621354,0.035299105359283,67.5,B,0.5,True,co2_methanol,yaml_analytic_thermo_microkinetic,36.6551,0.00011474332046207693,37.2805,,1.7929,0.2252,0.002964,high,YAML-driven analytic thermodynamic equilibrium + catalyst descriptor screen (co2_methanol).
co2_methanol_sweep_0105,cand_0003,[Fe].[Ti].[Zn],Fe/TiO2/ZnO,259.192518,79.681589,15787.16779061356,118.00407837679124,0.37527586,1.0,6.67623712,0.01151248,0.32079355,0.035299105359283,67.5,B,0.5,True,co2_methanol,yaml_analytic_thermo_microkinetic,44.8779,3.949752300738727e-05,53.1045,,2.4966,0.2514,0.004712,high,YAML-driven analytic thermodynamic equilibrium + catalyst descriptor screen (co2_methanol).
co2_methanol_sweep_0106,cand_0003,[Fe].[Ti].[Zn],Fe/TiO2/ZnO,187.710376,74.41538,21575.018153344943,22.691455717065008,0.45521854,1.0,5.08564069,0.12446963,0.2088255,0.035299105359283,67.5,B,0.5,True,co2_methanol,yaml_analytic_thermo_microkinetic,32.2184,0.0002230438600991371,62.9415,,2.5471,0.191,0.004243,low,YAML-driven analytic thermodynamic equilibrium + catalyst descriptor screen (co2_methanol). Catalyst descriptor score is weak.
co2_methanol_sweep_0107,cand_0003,[Fe].[Ti].[Zn],Fe/TiO2/ZnO,292.359903,34.048654,20846.932622694778,11.430565610584818,0.42317216,1.0,8.89033134,0.1755426,0.17107517,0.035299105359283,67.5,B,0.5,True,co2_methanol,yaml_analytic_thermo_microkinetic,50.7518,2.052498752345496e-05,23.4595,,1.0793,0.2184,0.001808,high,YAML-driven analytic thermodynamic equilibrium + catalyst descriptor screen (co2_methanol).
co2_methanol_sweep_0108,cand_0003,[Fe].[Ti].[Zn],Fe/TiO2/ZnO,195.537231,76.438411,23578.819844495058,5.1808930513607585,0.43448901,1.0,6.9160055,0.253141,0.28494215,0.035299105359283,67.5,B,0.5,True,co2_methanol,yaml_analytic_thermo_microkinetic,33.6045,0.00017984162210529396,69.1462,,2.4218,0.2016,0.00492,high,YAML-driven analytic thermodynamic equilibrium + catalyst descriptor screen (co2_methanol).
co2_methanol_sweep_0109,cand_0003,[Fe].[Ti].[Zn],Fe/TiO2/ZnO,253.212465,61.449142,18559.296245283283,123.4968667669544,0.00170217,1.0,2.0242148,0.40347815,0.11104753,0.035299105359283,67.5,B,0.5,True,co2_methanol,yaml_analytic_thermo_microkinetic,43.8188,4.483722372906638e-05,12.023,,0.8155,0.2531,0.001074,high,YAML-driven analytic thermodynamic equilibrium + catalyst descriptor screen (co2_methanol).
co2_methanol_sweep_0110,cand_0003,[Fe].[Ti].[Zn],Fe/TiO2/ZnO,185.754516,42.55929,13769.046608260689,6.504697944656536,0.23405699,1.0,3.03213031,0.34901473,0.30467223,0.035299105359283,67.5,B,0.5,True,co2_methanol,yaml_analytic_thermo_microkinetic,31.872,0.00023564225053686726,27.6555,,1.3211,0.1884,0.00184,low,YAML-driven analytic thermodynamic equilibrium + catalyst descriptor screen (co2_methanol). Catalyst descriptor score is weak.
co2_methanol_sweep_0111,cand_0003,[Fe].[Ti].[Zn],Fe/TiO2/ZnO,183.502277,46.926175,20572.473114410754,139.34987610010347,0.07225269,1.0,3.23025613,0.14811624,0.28029741,0.035299105359283,67.5,B,0.5,True,co2_methanol,yaml_analytic_thermo_microkinetic,31.4731,0.00025118014916117255,37.8905,,1.8591,0.1856,0.002482,low,YAML-driven analytic thermodynamic equilibrium + catalyst descriptor screen (co2_methanol). Catalyst descriptor score is weak.
co2_methanol_sweep_0112,cand_0003,[Fe].[Ti].[Zn],Fe/TiO2/ZnO,284.833132,50.719165,16673.992741118047,75.10559776014031,0.3843514,1.0,3.38126333,0.33238707,0.33879627,0.035299105359283,67.5,B,0.5,True,co2_methanol,yaml_analytic_thermo_microkinetic,49.4188,2.3650068190188792e-05,12.0508,,0.554,0.2283,0.000971,high,YAML-driven analytic thermodynamic equilibrium + catalyst descriptor screen (co2_methanol).
co2_methanol_sweep_0113,cand_0003,[Fe].[Ti].[Zn],Fe/TiO2/ZnO,291.024401,55.738992,7250.629082071993,128.2498613863405,0.04426307,1.0,5.38990255,0.36058799,0.34530822,0.035299105359283,67.5,B,0.5,True,co2_methanol,yaml_analytic_thermo_microkinetic,50.5153,2.1041854177528412e-05,21.3193,,0.9436,0.2202,0.001657,high,YAML-driven analytic thermodynamic equilibrium + catalyst descriptor screen (co2_methanol).
co2_methanol_sweep_0114,cand_0003,[Fe].[Ti].[Zn],Fe/TiO2/ZnO,254.459015,34.806173,8862.468664365366,153.28176586289587,0.36965552,1.0,2.39712711,0.27923883,0.34861775,0.035299105359283,67.5,B,0.5,True,co2_methanol,yaml_analytic_thermo_microkinetic,44.0396,4.365726793929713e-05,7.729,,0.4024,0.2529,0.00069,high,YAML-driven analytic thermodynamic equilibrium + catalyst descriptor screen (co2_methanol).
co2_methanol_sweep_0115,cand_0003,[Fe].[Ti].[Zn],Fe/TiO2/ZnO,247.741813,33.261681,7513.6541349291765,28.320347419709304,0.25936686,1.0,6.35338755,0.04459922,0.45287017,0.035299105359283,67.5,B,0.5,True,co2_methanol,yaml_analytic_thermo_microkinetic,42.8499,5.048054898795407e-05,30.9622,,1.6205,0.2532,0.002767,high,YAML-driven analytic thermodynamic equilibrium + catalyst descriptor screen (co2_methanol).
co2_methanol_sweep_0116,cand_0003,[Fe].[Ti].[Zn],Fe/TiO2/ZnO,228.849463,42.905948,19458.555399192595,117.04560362609718,0.18559996,1.0,2.9838058,0.20556912,0.49698297,0.035299105359283,67.5,B,0.5,True,co2_methanol,yaml_analytic_thermo_microkinetic,39.5041,7.75447777199804e-05,19.5928,,1.0288,0.2434,0.001683,high,YAML-driven analytic thermodynamic equilibrium + catalyst descriptor screen (co2_methanol).
co2_methanol_sweep_0117,cand_0003,[Fe].[Ti].[Zn],Fe/TiO2/ZnO,282.035077,91.951738,12234.542908460691,137.21510633257844,0.3253838,1.0,3.26941841,0.01955127,0.12646608,0.035299105359283,67.5,B,0.5,True,co2_methanol,yaml_analytic_thermo_microkinetic,48.9233,2.4953918981510714e-05,31.681,,1.9097,0.2318,0.002592,high,YAML-driven analytic thermodynamic equilibrium + catalyst descriptor screen (co2_methanol).
co2_methanol_sweep_0118,cand_0003,[Fe].[Ti].[Zn],Fe/TiO2/ZnO,279.330084,62.701896,5960.565671812961,96.66792202384481,0.25415169,1.0,5.88501699,0.15367287,0.04937898,0.035299105359283,67.5,B,0.5,True,co2_methanol,yaml_analytic_thermo_microkinetic,48.4442,2.6296284013631034e-05,34.6907,,1.5401,0.235,0.002877,high,YAML-driven analytic thermodynamic equilibrium + catalyst descriptor screen (co2_methanol).
co2_methanol_sweep_0119,cand_0003,[Fe].[Ti].[Zn],Fe/TiO2/ZnO,266.853122,31.535498,14188.397338486948,20.01645111553745,0.35620585,1.0,6.04890565,0.34627348,0.19617564,0.035299105359283,67.5,B,0.5,True,co2_methanol,yaml_analytic_thermo_microkinetic,46.2346,3.3713760820138594e-05,16.3024,,0.729,0.2469,0.001421,high,YAML-driven analytic thermodynamic equilibrium + catalyst descriptor screen (co2_methanol).
co2_methanol_sweep_0120,cand_0003,[Fe].[Ti].[Zn],Fe/TiO2/ZnO,233.078059,84.226175,4361.55432339511,185.94496446639582,0.40129492,1.0,8.72191001,0.16761699,0.20709106,0.035299105359283,67.5,B,0.5,True,co2_methanol,yaml_analytic_thermo_microkinetic,40.253,7.024514879375399e-05,67.8262,,2.4039,0.2469,0.00591,high,YAML-driven analytic thermodynamic equilibrium + catalyst descriptor screen (co2_methanol).
co2_methanol_sweep_0121,cand_0003,[Fe].[Ti].[Zn],Fe/TiO2/ZnO,218.66735,66.316913,22404.554155142276,65.64509569413262,0.24270788,1.0,2.07524187,0.14169617,0.20347968,0.035299105359283,67.5,B,0.5,True,co2_methanol,yaml_analytic_thermo_microkinetic,37.7009,9.907607485997113e-05,23.1225,,1.612,0.2326,0.001899,high,YAML-driven analytic thermodynamic equilibrium + catalyst descriptor screen (co2_methanol).
co2_methanol_sweep_0122,cand_0003,[Fe].[Ti].[Zn],Fe/TiO2/ZnO,240.320992,81.43982,5145.535947211551,133.14869725010774,0.17045423,1.0,9.00045584,0.33814596,0.0113281,0.035299105359283,67.5,B,0.5,True,co2_methanol,yaml_analytic_thermo_microkinetic,41.5357,5.9527309843339856e-05,63.0652,,2.0913,0.2512,0.005592,high,YAML-driven analytic thermodynamic equilibrium + catalyst descriptor screen (co2_methanol).
co2_methanol_sweep_0123,cand_0003,[Fe].[Ti].[Zn],Fe/TiO2/ZnO,193.108274,88.431734,13152.205810566556,127.31514384375154,0.34551386,1.0,7.86630385,0.11344323,0.1081229,0.035299105359283,67.5,B,0.5,True,co2_methanol,yaml_analytic_thermo_microkinetic,33.1743,0.0001921191901761992,81.0495,,2.9643,0.1982,0.005671,low,YAML-driven analytic thermodynamic equilibrium + catalyst descriptor screen (co2_methanol). Catalyst descriptor score is weak.
co2_methanol_sweep_0124,cand_0003,[Fe].[Ti].[Zn],Fe/TiO2/ZnO,229.923819,93.115218,25810.670335746952,101.05920034509424,0.30999423,1.0,8.33443945,0.37001658,0.41179776,0.035299105359283,67.5,B,0.5,True,co2_methanol,yaml_analytic_thermo_microkinetic,39.6944,7.56093304880501e-05,66.2248,,2.1832,0.2443,0.005712,high,YAML-driven analytic thermodynamic equilibrium + catalyst descriptor screen (co2_methanol).
co2_methanol_sweep_0125,cand_0003,[Fe].[Ti].[Zn],Fe/TiO2/ZnO,259.762762,36.216695,6461.935791994514,43.63343492339321,0.47401768,1.0,4.73470869,0.36519537,0.30170211,0.035299105359283,67.5,B,0.5,True,co2_methanol,yaml_analytic_thermo_microkinetic,44.9789,3.9028617476057644e-05,15.2142,,0.6917,0.2511,0.001349,high,YAML-driven analytic thermodynamic equilibrium + catalyst descriptor screen (co2_methanol).
co2_methanol_sweep_0126,cand_0003,[Fe].[Ti].[Zn],Fe/TiO2/ZnO,209.564292,89.81556,11987.606817841901,53.13830312006759,0.36012485,1.0,4.82108864,0.42664322,0.39455691,0.035299105359283,67.5,B,0.5,True,co2_methanol,yaml_analytic_thermo_microkinetic,36.0887,0.00012442522852030004,51.3526,,1.9324,0.221,0.004006,high,YAML-driven analytic thermodynamic equilibrium + catalyst descriptor screen (co2_methanol).
co2_methanol_sweep_0127,cand_0003,[Fe].[Ti].[Zn],Fe/TiO2/ZnO,187.993144,53.261597,25794.364476408413,56.272615475019435,0.04562595,1.0,2.80430049,0.23002048,0.44617147,0.035299105359283,67.5,B,0.5,True,co2_methanol,yaml_analytic_thermo_microkinetic,32.2685,0.00022128758405452208,32.0724,,1.6485,0.1913,0.002166,low,YAML-driven analytic thermodynamic equilibrium + catalyst descriptor screen (co2_methanol). Catalyst descriptor score is weak.
co2_methanol_sweep_0128,cand_0003,[Fe].[Ti].[Zn],Fe/TiO2/ZnO,221.004003,68.279008,2007.345016046761,81.23049618888625,0.45899215,1.0,8.61045957,0.38109545,0.29070054,0.035299105359283,67.5,B,0.5,True,co2_methanol,yaml_analytic_thermo_microkinetic,38.1147,9.357504259922769e-05,60.4628,,2.0121,0.2354,0.005023,high,YAML-driven analytic thermodynamic equilibrium + catalyst descriptor screen (co2_methanol).
co2_methanol_sweep_0129,cand_0003,[Fe].[Ti].[Zn],Fe/TiO2/ZnO,236.69464,70.037165,4881.297861690106,27.22116356084739,0.02647961,1.0,3.6663055,0.35639987,0.14968548,0.035299105359283,67.5,B,0.5,True,co2_methanol,yaml_analytic_thermo_microkinetic,40.8935,6.463376316789212e-05,31.3986,,1.3942,0.2493,0.002763,high,YAML-driven analytic thermodynamic equilibrium + catalyst descriptor screen (co2_methanol).
co2_methanol_sweep_0130,cand_0003,[Fe].[Ti].[Zn],Fe/TiO2/ZnO,243.544966,39.733004,12408.227516631974,52.08040483436096,0.05668363,1.0,4.91920934,0.37450548,0.26805462,0.035299105359283,67.5,B,0.5,True,co2_methanol,yaml_analytic_thermo_microkinetic,42.1067,5.538095137183226e-05,22.6046,,0.9996,0.2524,0.002014,high,YAML-driven analytic thermodynamic equilibrium + catalyst descriptor screen (co2_methanol).
co2_methanol_sweep_0131,cand_0003,[Fe].[Ti].[Zn],Fe/TiO2/ZnO,204.683622,52.701328,4566.501117761281,183.95128401055902,0.16215336,1.0,2.5089939,0.1267912,0.23331316,0.035299105359283,67.5,B,0.5,True,co2_methanol,yaml_analytic_thermo_microkinetic,35.2243,0.00014109384656996285,27.6124,,1.6654,0.2143,0.002089,high,YAML-driven analytic thermodynamic equilibrium + catalyst descriptor screen (co2_methanol).
co2_methanol_sweep_0132,cand_0003,[Fe].[Ti].[Zn],Fe/TiO2/ZnO,226.853804,44.318991,5004.108935106899,119.70211585426279,0.17347485,1.0,2.1218831,0.05686223,0.0834363,0.035299105359283,67.5,B,0.5,True,co2_methanol,yaml_analytic_thermo_microkinetic,39.1507,8.129583271401249e-05,19.6613,,1.5336,0.2415,0.001676,high,YAML-driven analytic thermodynamic equilibrium + catalyst descriptor screen (co2_methanol).
co2_methanol_sweep_0133,cand_0003,[Fe].[Ti].[Zn],Fe/TiO2/ZnO,200.207705,26.809549,25044.04534107709,122.70299941784279,0.04149985,1.0,5.3590709,0.40031223,0.15597443,0.035299105359283,67.5,B,0.5,True,co2_methanol,yaml_analytic_thermo_microkinetic,34.4316,0.00015869728392021637,27.6415,,1.1604,0.2081,0.00203,high,YAML-driven analytic thermodynamic equilibrium + catalyst descriptor screen (co2_methanol).
co2_methanol_sweep_0134,cand_0003,[Fe].[Ti].[Zn],Fe/TiO2/ZnO,192.333634,37.225625,5380.442187339388,32.519395404546174,0.29877544,1.0,6.45821806,0.20841949,0.21666472,0.035299105359283,67.5,B,0.5,True,co2_methanol,yaml_analytic_thermo_microkinetic,33.0372,0.00019623679959568046,48.54,,1.8856,0.1972,0.003378,low,YAML-driven analytic thermodynamic equilibrium + catalyst descriptor screen (co2_methanol). Catalyst descriptor score is weak.
co2_methanol_sweep_0135,cand_0003,[Fe].[Ti].[Zn],Fe/TiO2/ZnO,281.253477,56.434931,10830.657570070209,41.950893728666834,0.48313752,1.0,4.60087182,0.29808833,0.46309352,0.035299105359283,67.5,B,0.5,True,co2_methanol,yaml_analytic_thermo_microkinetic,48.7849,2.533326232766314e-05,19.9891,,0.9312,0.2327,0.001642,high,YAML-driven analytic thermodynamic equilibrium + catalyst descriptor screen (co2_methanol).
co2_methanol_sweep_0136,cand_0003,[Fe].[Ti].[Zn],Fe/TiO2/ZnO,240.911635,36.617419,3646.3683213391396,10.308404901612507,0.27185548,1.0,8.98842719,0.1385351,0.46147504,0.035299105359283,67.5,B,0.5,True,co2_methanol,yaml_analytic_thermo_microkinetic,41.6403,5.874113368483766e-05,40.3511,,1.6752,0.2514,0.003581,high,YAML-driven analytic thermodynamic equilibrium + catalyst descriptor screen (co2_methanol).
co2_methanol_sweep_0137,cand_0003,[Fe].[Ti].[Zn],Fe/TiO2/ZnO,298.668686,61.673578,19239.520211298786,37.6481389779206,0.39165968,1.0,3.75969972,0.41300622,0.33040207,0.035299105359283,67.5,B,0.5,True,co2_methanol,yaml_analytic_thermo_microkinetic,51.8691,1.8278545705284217e-05,13.2552,,0.6016,0.2096,0.000981,high,YAML-driven analytic thermodynamic equilibrium + catalyst descriptor screen (co2_methanol).
co2_methanol_sweep_0138,cand_0003,[Fe].[Ti].[Zn],Fe/TiO2/ZnO,269.317003,66.890266,15983.80141657668,88.17188772279425,0.08451852,1.0,8.16005562,0.44211509,0.406443,0.035299105359283,67.5,B,0.5,True,co2_methanol,yaml_analytic_thermo_microkinetic,46.6709,3.207035996302709e-05,39.9653,,1.455,0.245,0.003456,high,YAML-driven analytic thermodynamic equilibrium + catalyst descriptor screen (co2_methanol).
co2_methanol_sweep_0139,cand_0003,[Fe].[Ti].[Zn],Fe/TiO2/ZnO,299.628199,28.02684,23982.685039625376,12.870707566591562,0.20802316,1.0,5.5144801,0.13432342,0.41778788,0.035299105359283,67.5,B,0.5,True,co2_methanol,yaml_analytic_thermo_microkinetic,52.039,1.7963142432892087e-05,12.8326,,0.6397,0.2083,0.000944,high,YAML-driven analytic thermodynamic equilibrium + catalyst descriptor screen (co2_methanol).
co2_methanol_sweep_0140,cand_0003,[Fe].[Ti].[Zn],Fe/TiO2/ZnO,249.201928,83.955262,10003.44590011064,143.10952540189194,0.19111954,1.0,2.78306018,0.00874808,0.05578459,0.035299105359283,67.5,B,0.5,True,co2_methanol,yaml_analytic_thermo_microkinetic,43.1085,4.8896429163486345e-05,33.3738,,2.1834,0.2533,0.002984,high,YAML-driven analytic thermodynamic equilibrium + catalyst descriptor screen (co2_methanol).
co2_methanol_sweep_0141,cand_0003,[Fe].[Ti].[Zn],Fe/TiO2/ZnO,291.808388,90.803183,23280.080932708614,35.31112289437754,0.06068039,1.0,5.19619204,0.22005834,0.03170418,0.035299105359283,67.5,B,0.5,True,co2_methanol,yaml_analytic_thermo_microkinetic,50.6541,2.07365825430021e-05,37.1535,,1.5756,0.2191,0.002874,high,YAML-driven analytic thermodynamic equilibrium + catalyst descriptor screen (co2_methanol).
co2_methanol_sweep_0142,cand_0003,[Fe].[Ti].[Zn],Fe/TiO2/ZnO,254.123275,40.630089,16832.801318362028,2.3210968909326724,0.33303134,1.0,8.70586649,0.2229197,0.15794692,0.035299105359283,67.5,B,0.5,True,co2_methanol,yaml_analytic_thermo_microkinetic,43.9801,4.397143648474507e-05,36.6258,,1.473,0.2529,0.00327,high,YAML-driven analytic thermodynamic equilibrium + catalyst descriptor screen (co2_methanol).
co2_methanol_sweep_0143,cand_0003,[Fe].[Ti].[Zn],Fe/TiO2/ZnO,296.15,24.271382,23175.165090846614,156.4176175133265,0.05276742,1.0,3.3403497,0.29464023,0.24030233,0.035299105359283,67.5,B,0.5,True,co2_methanol,yaml_analytic_thermo_microkinetic,51.423,1.913840852341176e-05,4.4686,,-0.0625,0.2131,0.000336,high,YAML-driven analytic thermodynamic equilibrium + catalyst descriptor screen (co2_methanol).
co2_methanol_sweep_0144,cand_0003,[Fe].[Ti].[Zn],Fe/TiO2/ZnO,233.942343,41.53859,22505.262398141644,33.76781911221352,0.1549987,1.0,3.79788772,0.08890921,0.16806344,0.035299105359283,67.5,B,0.5,True,co2_methanol,yaml_analytic_thermo_microkinetic,40.4061,6.88539295413201e-05,27.9102,,1.4802,0.2475,0.002438,high,YAML-driven analytic thermodynamic equilibrium + catalyst descriptor screen (co2_methanol).
co2_methanol_sweep_0145,cand_0003,[Fe].[Ti].[Zn],Fe/TiO2/ZnO,265.779097,71.739097,25124.762175561737,31.67783915566502,0.430348,1.0,5.47412545,0.47044219,0.25365265,0.035299105359283,67.5,B,0.5,True,co2_methanol,yaml_analytic_thermo_microkinetic,46.0443,3.446116683037523e-05,30.535,,1.2365,0.2477,0.00267,high,YAML-driven analytic thermodynamic equilibrium + catalyst descriptor screen (co2_methanol).
co2_methanol_sweep_0146,cand_0003,[Fe].[Ti].[Zn],Fe/TiO2/ZnO,259.90848,51.162898,3204.7725874885746,124.64089143167416,0.11811918,1.0,3.10970192,0.25123955,0.25062434,0.035299105359283,67.5,B,0.5,True,co2_methanol,yaml_analytic_thermo_microkinetic,45.0047,3.8909850327309064e-05,17.6184,,0.8905,0.2511,0.001561,high,YAML-driven analytic thermodynamic equilibrium + catalyst descriptor screen (co2_methanol).
co2_methanol_sweep_0147,cand_0003,[Fe].[Ti].[Zn],Fe/TiO2/ZnO,189.321192,35.852838,2389.3135096929914,115.21766255527216,0.26220272,1.0,9.12994037,0.32228504,0.45955927,0.035299105359283,67.5,B,0.5,True,co2_methanol,yaml_analytic_thermo_microkinetic,32.5036,0.0002132498438623065,55.976,,1.917,0.1931,0.003816,low,YAML-driven analytic thermodynamic equilibrium + catalyst descriptor screen (co2_methanol). Catalyst descriptor score is weak.
co2_methanol_sweep_0148,cand_0003,[Fe].[Ti].[Zn],Fe/TiO2/ZnO,246.494792,77.670757,17624.20907271361,59.71456348492632,0.10836615,1.0,3.07451155,0.42137818,0.4365177,0.035299105359283,67.5,B,0.5,True,co2_methanol,yaml_analytic_thermo_microkinetic,42.6291,5.1881406436148754e-05,23.3842,,1.1115,0.253,0.002089,high,YAML-driven analytic thermodynamic equilibrium + catalyst descriptor screen (co2_methanol).
co2_methanol_sweep_0149,cand_0003,[Fe].[Ti].[Zn],Fe/TiO2/ZnO,234.674949,67.209762,7897.799745771615,139.11366082436004,0.09085982,1.0,9.75116808,0.29177729,0.31316319,0.035299105359283,67.5,B,0.5,True,co2_methanol,yaml_analytic_thermo_microkinetic,40.5358,6.769987592048003e-05,61.4921,,2.0677,0.248,0.005383,high,YAML-driven analytic thermodynamic equilibrium + catalyst descriptor screen (co2_methanol).
co2_methanol_sweep_0150,cand_0003,[Fe].[Ti].[Zn],Fe/TiO2/ZnO,257.060148,52.179636,5524.00343052257,79.89301989211604,0.30237635,1.0,3.55893689,0.4984961,0.11628452,0.035299105359283,67.5,B,0.5,True,co2_methanol,yaml_analytic_thermo_microkinetic,44.5002,4.1310822508468245e-05,15.86,,0.7276,0.2522,0.001412,high,YAML-driven analytic thermodynamic equilibrium + catalyst descriptor screen (co2_methanol).
co2_methanol_sweep_0151,cand_0003,[Fe].[Ti].[Zn],Fe/TiO2/ZnO,196.043889,21.032538,12533.8925553774,24.05752157276536,0.12153658,1.0,9.37755108,0.01432326,0.1211952,0.035299105359283,67.5,B,0.5,True,co2_methanol,yaml_analytic_thermo_microkinetic,33.6942,0.00017739653973036058,46.7524,,2.2151,0.2023,0.003338,high,YAML-driven analytic thermodynamic equilibrium + catalyst descriptor screen (co2_methanol).
co2_methanol_sweep_0152,cand_0003,[Fe].[Ti].[Zn],Fe/TiO2/ZnO,184.01115,74.174362,17165.26866644865,145.2092511851352,0.41946931,1.0,2.3599573,0.48276372,0.08088427,0.035299105359283,67.5,B,0.5,True,co2_methanol,yaml_analytic_thermo_microkinetic,31.5632,0.00024756861617953306,29.0714,,1.5964,0.1862,0.001911,low,YAML-driven analytic thermodynamic equilibrium + catalyst descriptor screen (co2_methanol). Catalyst descriptor score is weak.
co2_methanol_sweep_0153,cand_0003,[Fe].[Ti].[Zn],Fe/TiO2/ZnO,244.696824,23.243894,22094.20616835977,86.09628870210474,0.27735128,1.0,2.52257832,0.47446205,0.43353557,0.035299105359283,67.5,B,0.5,True,co2_methanol,yaml_analytic_thermo_microkinetic,42.3107,5.398241311875572e-05,3.6064,,-0.0819,0.2527,0.000322,high,YAML-driven analytic thermodynamic equilibrium + catalyst descriptor screen (co2_methanol).
co2_methanol_sweep_0154,cand_0003,[Fe].[Ti].[Zn],Fe/TiO2/ZnO,275.882708,31.728189,3370.0270794928592,4.88133881425418,0.00644316,1.0,9.83172059,0.19205965,0.10466327,0.035299105359283,67.5,B,0.5,True,co2_methanol,yaml_analytic_thermo_microkinetic,47.8337,2.813327251414208e-05,28.0378,,1.2193,0.2388,0.002363,high,YAML-driven analytic thermodynamic equilibrium + catalyst descriptor screen (co2_methanol).
co2_methanol_sweep_0155,cand_0003,[Fe].[Ti].[Zn],Fe/TiO2/ZnO,232.283831,21.871841,28409.493783887443,116.36500594254628,0.37933798,1.0,5.02570522,0.03847379,0.18198652,0.035299105359283,67.5,B,0.5,True,co2_methanol,yaml_analytic_thermo_microkinetic,40.1123,7.155268858761922e-05,22.1884,,1.3012,0.2463,0.001929,high,YAML-driven analytic thermodynamic equilibrium + catalyst descriptor screen (co2_methanol).
co2_methanol_sweep_0156,cand_0003,[Fe].[Ti].[Zn],Fe/TiO2/ZnO,260.466981,65.628133,15566.02365199525,67.55813405849287,0.29345108,1.0,4.67538694,0.05469508,0.41286904,0.035299105359283,67.5,B,0.5,True,co2_methanol,yaml_analytic_thermo_microkinetic,45.1036,3.845857582603599e-05,36.1162,,1.8413,0.2508,0.003198,high,YAML-driven analytic thermodynamic equilibrium + catalyst descriptor screen (co2_methanol).
co2_methanol_sweep_0157,cand_0003,[Fe].[Ti].[Zn],Fe/TiO2/ZnO,277.947437,98.072076,5846.351526235957,72.64330617453844,0.47649684,1.0,2.198233,0.40919016,0.05762839,0.035299105359283,67.5,B,0.5,True,co2_methanol,yaml_analytic_thermo_microkinetic,48.1994,2.7015444113178888e-05,14.654,,0.926,0.2365,0.001224,high,YAML-driven analytic thermodynamic equilibrium + catalyst descriptor screen (co2_methanol).
co2_methanol_sweep_0158,cand_0003,[Fe].[Ti].[Zn],Fe/TiO2/ZnO,190.453883,23.677524,26616.15223288781,193.05625902681905,0.22876582,1.0,4.78005442,0.18007279,0.40404817,0.035299105359283,67.5,B,0.5,True,co2_methanol,yaml_analytic_thermo_microkinetic,32.7042,0.00020666018191276914,28.9733,,1.3527,0.1946,0.00199,low,YAML-driven analytic thermodynamic equilibrium + catalyst descriptor screen (co2_methanol). Catalyst descriptor score is weak.
co2_methanol_sweep_0159,cand_0003,[Fe].[Ti].[Zn],Fe/TiO2/ZnO,295.561485,70.566099,21022.07263452331,99.1855198017202,0.27974179,1.0,4.03227167,0.35783464,0.25602667,0.035299105359283,67.5,B,0.5,True,co2_methanol,yaml_analytic_thermo_microkinetic,51.3188,1.934622047061368e-05,19.1133,,0.8886,0.214,0.001444,high,YAML-driven analytic thermodynamic equilibrium + catalyst descriptor screen (co2_methanol).
co2_methanol_sweep_0160,cand_0003,[Fe].[Ti].[Zn],Fe/TiO2/ZnO,275.184796,32.636532,10339.58733948377,157.580016563766,0.49016805,1.0,2.24292922,0.26652127,0.17917684,0.035299105359283,67.5,B,0.5,True,co2_methanol,yaml_analytic_thermo_microkinetic,47.7101,2.852345148542085e-05,5.0181,,0.1699,0.2395,0.000424,high,YAML-driven analytic thermodynamic equilibrium + catalyst descriptor screen (co2_methanol).
co2_methanol_sweep_0161,cand_0003,[Fe].[Ti].[Zn],Fe/TiO2/ZnO,294.329372,93.772826,8515.345492397035,47.109540357232376,0.32169821,1.0,6.09782404,0.48913567,0.49905352,0.035299105359283,67.5,B,0.5,True,co2_methanol,yaml_analytic_thermo_microkinetic,51.1006,1.9790066344475973e-05,32.3817,,1.2718,0.2157,0.002465,high,YAML-driven analytic thermodynamic equilibrium + catalyst descriptor screen (co2_methanol).
co2_methanol_sweep_0162,cand_0003,[Fe].[Ti].[Zn],Fe/TiO2/ZnO,191.943216,64.733575,10718.764067699647,83.19784877203553,0.15859332,1.0,4.55141844,0.31811115,0.11935644,0.035299105359283,67.5,B,0.5,True,co2_methanol,yaml_analytic_thermo_microkinetic,32.968,0.0001983507145291508,51.1571,,2.0001,0.1966,0.003551,low,YAML-driven analytic thermodynamic equilibrium + catalyst descriptor screen (co2_methanol). Catalyst descriptor score is weak.
co2_methanol_sweep_0163,cand_0003,[Fe].[Ti].[Zn],Fe/TiO2/ZnO,292.903926,78.428998,28796.364765929662,70.97939707930337,0.0326362,1.0,9.07789696,0.15651879,0.12769025,0.035299105359283,67.5,B,0.5,True,co2_methanol,yaml_analytic_thermo_microkinetic,50.8482,2.031878018059303e-05,48.9935,,1.8877,0.2176,0.003764,high,YAML-driven analytic thermodynamic equilibrium + catalyst descriptor screen (co2_methanol).
co2_methanol_sweep_0164,cand_0003,[Fe].[Ti].[Zn],Fe/TiO2/ZnO,204.252613,49.598152,15014.604120094718,131.66298328835845,0.01743367,1.0,6.21749328,0.45814135,0.35036964,0.035299105359283,67.5,B,0.5,True,co2_methanol,yaml_analytic_thermo_microkinetic,35.148,0.00014268665988456216,46.0188,,1.6671,0.2137,0.003471,high,YAML-driven analytic thermodynamic equilibrium + catalyst descriptor screen (co2_methanol).
co2_methanol_sweep_0165,cand_0003,[Fe].[Ti].[Zn],Fe/TiO2/ZnO,194.70215,86.613697,26219.23376476315,41.01228353606887,0.40780309,1.0,6.18677136,0.15156735,0.02608731,0.035299105359283,67.5,B,0.5,True,co2_methanol,yaml_analytic_thermo_microkinetic,33.4566,0.0001839573128938862,72.035,,2.6868,0.2004,0.005096,high,YAML-driven analytic thermodynamic equilibrium + catalyst descriptor screen (co2_methanol).
co2_methanol_sweep_0166,cand_0003,[Fe].[Ti].[Zn],Fe/TiO2/ZnO,286.637795,66.735765,19111.512893526615,173.63589247354793,0.11508646,1.0,4.05854048,0.45509105,0.28786089,0.035299105359283,67.5,B,0.5,True,co2_methanol,yaml_analytic_thermo_microkinetic,49.7384,2.285199278026661e-05,18.291,,0.8297,0.226,0.001459,high,YAML-driven analytic thermodynamic equilibrium + catalyst descriptor screen (co2_methanol).
co2_methanol_sweep_0167,cand_0003,[Fe].[Ti].[Zn],Fe/TiO2/ZnO,223.087434,53.762291,8177.0593605482245,111.07240838323332,0.21297259,1.0,6.79595575,0.04629559,0.02358902,0.035299105359283,67.5,B,0.5,True,co2_methanol,yaml_analytic_thermo_microkinetic,38.4836,8.896860965616231e-05,54.8135,,2.3691,0.2377,0.004599,high,YAML-driven analytic thermodynamic equilibrium + catalyst descriptor screen (co2_methanol).
co2_methanol_sweep_0168,cand_0003,[Fe].[Ti].[Zn],Fe/TiO2/ZnO,287.410713,72.957115,20140.502886006747,110.08186555399203,0.374704,1.0,3.62329523,0.41801312,0.14290571,0.035299105359283,67.5,B,0.5,True,co2_methanol,yaml_analytic_thermo_microkinetic,49.8753,2.2519998596611823e-05,17.9079,,0.8352,0.225,0.001422,high,YAML-driven analytic thermodynamic equilibrium + catalyst descriptor screen (co2_methanol).
co2_methanol_sweep_0169,cand_0003,[Fe].[Ti].[Zn],Fe/TiO2/ZnO,212.229362,99.878481,19937.593204113127,30.826149496249688,0.26384081,1.0,9.8591817,0.41077468,0.07209152,0.035299105359283,67.5,B,0.5,True,co2_methanol,yaml_analytic_thermo_microkinetic,36.5607,0.00011629419458249683,79.9105,,2.5195,0.2245,0.006334,high,YAML-driven analytic thermodynamic equilibrium + catalyst descriptor screen (co2_methanol).
co2_methanol_sweep_0170,cand_0003,[Fe].[Ti].[Zn],Fe/TiO2/ZnO,273.799002,40.249306,13953.379931056248,78.5701054651766,0.02869437,1.0,5.78153091,0.23946418,0.02965094,0.035299105359283,67.5,B,0.5,True,co2_methanol,yaml_analytic_thermo_microkinetic,47.4647,2.9317370541508857e-05,23.2251,,1.0581,0.2409,0.001975,high,YAML-driven analytic thermodynamic equilibrium + catalyst descriptor screen (co2_methanol).
co2_methanol_sweep_0171,cand_0003,[Fe].[Ti].[Zn],Fe/TiO2/ZnO,287.286915,32.262344,2266.446579097304,93.58741680324904,0.03797758,1.0,4.86380024,0.36256396,0.18479816,0.035299105359283,67.5,B,0.5,True,co2_methanol,yaml_analytic_thermo_microkinetic,49.8534,2.2572786435227595e-05,10.7501,,0.4489,0.2252,0.000854,high,YAML-driven analytic thermodynamic equilibrium + catalyst descriptor screen (co2_methanol).
co2_methanol_sweep_0172,cand_0003,[Fe].[Ti].[Zn],Fe/TiO2/ZnO,220.408998,80.851436,25431.20717924466,199.57311900924935,0.08991025,1.0,5.58275695,0.4636635,0.46501614,0.035299105359283,67.5,B,0.5,True,co2_methanol,yaml_analytic_thermo_microkinetic,38.0093,9.494126932042447e-05,50.0868,,1.8157,0.2347,0.004149,high,YAML-driven analytic thermodynamic equilibrium + catalyst descriptor screen (co2_methanol).
co2_methanol_sweep_0173,cand_0003,[Fe].[Ti].[Zn],Fe/TiO2/ZnO,258.024775,72.78384,2881.1884194918716,178.80474395763653,0.22738721,1.0,3.96388043,0.21266031,0.31540631,0.035299105359283,67.5,B,0.5,True,co2_methanol,yaml_analytic_thermo_microkinetic,44.6711,4.0478638328855595e-05,30.7779,,1.4354,0.2518,0.002736,high,YAML-driven analytic thermodynamic equilibrium + catalyst descriptor screen (co2_methanol).
co2_methanol_sweep_0174,cand_0003,[Fe].[Ti].[Zn],Fe/TiO2/ZnO,211.729497,86.37607,4683.140926994229,122.2350211173803,0.09271064,1.0,3.57860407,0.40608138,0.34400692,0.035299105359283,67.5,B,0.5,True,co2_methanol,yaml_analytic_thermo_microkinetic,36.4722,0.00011777102601909643,40.3584,,1.7168,0.2239,0.003189,high,YAML-driven analytic thermodynamic equilibrium + catalyst descriptor screen (co2_methanol).
co2_methanol_sweep_0175,cand_0003,[Fe].[Ti].[Zn],Fe/TiO2/ZnO,279.93299,25.174753,28604.374675009378,89.24589908584433,0.02428488,1.0,7.31242546,0.21008907,0.40226428,0.035299105359283,67.5,B,0.5,True,co2_methanol,yaml_analytic_thermo_microkinetic,48.551,2.5989814927652508e-05,16.008,,0.7518,0.2343,0.001324,high,YAML-driven analytic thermodynamic equilibrium + catalyst descriptor screen (co2_methanol).
co2_methanol_sweep_0176,cand_0003,[Fe].[Ti].[Zn],Fe/TiO2/ZnO,201.079618,22.916862,19803.797314917734,151.26898194733394,0.35264154,1.0,6.52631381,0.04968266,0.13801053,0.035299105359283,67.5,B,0.5,True,co2_methanol,yaml_analytic_thermo_microkinetic,34.5861,0.00015507689142944372,36.716,,1.8021,0.2093,0.002712,high,YAML-driven analytic thermodynamic equilibrium + catalyst descriptor screen (co2_methanol).
co2_methanol_sweep_0177,cand_0003,[Fe].[Ti].[Zn],Fe/TiO2/ZnO,210.272595,57.382602,26234.15097931513,133.36305520044652,0.39879265,1.0,2.73180647,0.02385899,0.36153415,0.035299105359283,67.5,B,0.5,True,co2_methanol,yaml_analytic_thermo_microkinetic,36.2141,0.0001222014434442111,31.2862,,2.0355,0.2219,0.002451,high,YAML-driven analytic thermodynamic equilibrium + catalyst descriptor screen (co2_methanol).
co2_methanol_sweep_0178,cand_0003,[Fe].[Ti].[Zn],Fe/TiO2/ZnO,278.783041,68.643397,20327.43454706483,54.65295109516587,0.42138482,1.0,8.20880521,0.35017329,0.35846945,0.035299105359283,67.5,B,0.5,True,co2_methanol,yaml_analytic_thermo_microkinetic,48.3473,2.6578072250120243e-05,39.1559,,1.4725,0.2356,0.003256,high,YAML-driven analytic thermodynamic equilibrium + catalyst descriptor screen (co2_methanol).
co2_methanol_sweep_0179,cand_0003,[Fe].[Ti].[Zn],Fe/TiO2/ZnO,186.578894,92.336991,23811.18522897818,143.3091426557323,0.26871061,1.0,8.51125183,0.18265956,0.19755702,0.035299105359283,67.5,B,0.5,True,co2_methanol,yaml_analytic_thermo_microkinetic,32.018,0.0002302344985126213,84.9272,,2.9666,0.1895,0.005681,low,YAML-driven analytic thermodynamic equilibrium + catalyst descriptor screen (co2_methanol). Catalyst descriptor score is weak.
co2_methanol_sweep_0180,cand_0003,[Fe].[Ti].[Zn],Fe/TiO2/ZnO,185.258184,35.580353,17938.495743444713,147.20198816369097,0.38607858,1.0,8.95219503,0.33271888,0.11365695,0.035299105359283,67.5,B,0.5,True,co2_methanol,yaml_analytic_thermo_microkinetic,31.7841,0.00023896877947884252,57.5294,,1.9529,0.1878,0.003814,low,YAML-driven analytic thermodynamic equilibrium + catalyst descriptor screen (co2_methanol). Catalyst descriptor score is weak.
co2_methanol_sweep_0181,cand_0003,[Fe].[Ti].[Zn],Fe/TiO2/ZnO,203.024406,41.919253,4127.918293105661,76.00530003603694,0.27262789,1.0,2.68543453,0.27413025,0.33477355,0.035299105359283,67.5,B,0.5,True,co2_methanol,yaml_analytic_thermo_microkinetic,34.9305,0.0001473413004509681,21.1372,,1.1569,0.212,0.001582,high,YAML-driven analytic thermodynamic equilibrium + catalyst descriptor screen (co2_methanol).
co2_methanol_sweep_0182,cand_0003,[Fe].[Ti].[Zn],Fe/TiO2/ZnO,276.464443,42.224863,16427.602888744575,191.66358172673844,0.04864881,1.0,9.96916907,0.13704298,0.27419816,0.035299105359283,67.5,B,0.5,True,co2_methanol,yaml_analytic_thermo_microkinetic,47.9367,2.7812869456106938e-05,37.1929,,1.57,0.2382,0.003127,high,YAML-driven analytic thermodynamic equilibrium + catalyst descriptor screen (co2_methanol).
co2_methanol_sweep_0183,cand_0003,[Fe].[Ti].[Zn],Fe/TiO2/ZnO,297.208085,50.130859,27839.13363544673,63.457497625351195,0.40707782,1.0,6.49112373,0.09765833,0.24953024,0.035299105359283,67.5,B,0.5,True,co2_methanol,yaml_analytic_thermo_microkinetic,51.6104,1.8771436660683872e-05,27.7844,,1.3679,0.2117,0.002076,high,YAML-driven analytic thermodynamic equilibrium + catalyst descriptor screen (co2_methanol).
co2_methanol_sweep_0184,cand_0003,[Fe].[Ti].[Zn],Fe/TiO2/ZnO,280.735613,76.200941,7807.263056264643,57.20934804979565,0.44751296,1.0,7.7025333,0.4512843,0.48130513,0.035299105359283,67.5,B,0.5,True,co2_methanol,yaml_analytic_thermo_microkinetic,48.6931,2.5588374707086417e-05,37.1726,,1.3864,0.2333,0.003062,high,YAML-driven analytic thermodynamic equilibrium + catalyst descriptor screen (co2_methanol).
co2_methanol_sweep_0185,cand_0003,[Fe].[Ti].[Zn],Fe/TiO2/ZnO,213.94694,73.57327,16056.986071639054,104.25317206663794,0.18487292,1.0,3.17449564,0.07254653,0.36882749,0.035299105359283,67.5,B,0.5,True,co2_methanol,yaml_analytic_thermo_microkinetic,36.8649,0.00011138136515487282,39.158,,2.0683,0.2268,0.003135,high,YAML-driven analytic thermodynamic equilibrium + catalyst descriptor screen (co2_methanol).
co2_methanol_sweep_0186,cand_0003,[Fe].[Ti].[Zn],Fe/TiO2/ZnO,261.061947,97.009776,25651.55368539961,73.81189752163667,0.46304561,1.0,7.25407265,0.24392958,0.18590516,0.035299105359283,67.5,B,0.5,True,co2_methanol,yaml_analytic_thermo_microkinetic,45.2089,3.79846122791984e-05,55.0199,,2.0053,0.2505,0.004866,high,YAML-driven analytic thermodynamic equilibrium + catalyst descriptor screen (co2_methanol).
co2_methanol_sweep_0187,cand_0003,[Fe].[Ti].[Zn],Fe/TiO2/ZnO,225.686263,72.147574,19031.325691122973,161.53078305360563,0.09759853,1.0,4.49312583,0.49157272,0.1914373,0.035299105359283,67.5,B,0.5,True,co2_methanol,yaml_analytic_thermo_microkinetic,38.9439,8.358857517888553e-05,38.1364,,1.516,0.2404,0.003236,high,YAML-driven analytic thermodynamic equilibrium + catalyst descriptor screen (co2_methanol).
co2_methanol_sweep_0188,cand_0003,[Fe].[Ti].[Zn],Fe/TiO2/ZnO,267.712726,30.597695,21636.879766963797,68.20258908286867,0.21563699,1.0,6.71138019,0.00467211,0.21950354,0.035299105359283,67.5,B,0.5,True,co2_methanol,yaml_analytic_thermo_microkinetic,46.3868,3.3129342964804845e-05,27.8308,,1.6718,0.2463,0.002419,high,YAML-driven analytic thermodynamic equilibrium + catalyst descriptor screen (co2_methanol).
co2_methanol_sweep_0189,cand_0003,[Fe].[Ti].[Zn],Fe/TiO2/ZnO,207.223905,99.301092,8734.743695838506,14.658776435071186,0.35010988,1.0,5.43557103,0.22961394,0.10700583,0.035299105359283,67.5,B,0.5,True,co2_methanol,yaml_analytic_thermo_microkinetic,35.6742,0.00013211486840634042,64.949,,2.4234,0.2178,0.004994,high,YAML-driven analytic thermodynamic equilibrium + catalyst descriptor screen (co2_methanol).
co2_methanol_sweep_0190,cand_0003,[Fe].[Ti].[Zn],Fe/TiO2/ZnO,244.025202,36.988243,28476.40442075523,26.11325670738378,0.34456205,1.0,9.6516737,0.38910579,0.14630399,0.035299105359283,67.5,B,0.5,True,co2_methanol,yaml_analytic_thermo_microkinetic,42.1917,5.4792758321602506e-05,35.3357,,1.3282,0.2525,0.00315,high,YAML-driven analytic thermodynamic equilibrium + catalyst descriptor screen (co2_methanol).
co2_methanol_sweep_0191,cand_0003,[Fe].[Ti].[Zn],Fe/TiO2/ZnO,286.111544,55.090628,7136.833351446602,59.5783601826626,0.33573743,1.0,4.17799041,0.44982517,0.47129719,0.035299105359283,67.5,B,0.5,True,co2_methanol,yaml_analytic_thermo_microkinetic,49.6452,2.3081365357043147e-05,14.1869,,0.6371,0.2267,0.001135,high,YAML-driven analytic thermodynamic equilibrium + catalyst descriptor screen (co2_methanol).
co2_methanol_sweep_0192,cand_0003,[Fe].[Ti].[Zn],Fe/TiO2/ZnO,264.730673,79.300804,12805.889766529375,137.86400056999526,0.49939812,1.0,5.28717772,0.09159797,0.07455911,0.035299105359283,67.5,B,0.5,True,co2_methanol,yaml_analytic_thermo_microkinetic,45.8587,3.5209709550595086e-05,42.5737,,1.9334,0.2484,0.003733,high,YAML-driven analytic thermodynamic equilibrium + catalyst descriptor screen (co2_methanol).
co2_methanol_sweep_0193,cand_0003,[Fe].[Ti].[Zn],Fe/TiO2/ZnO,271.519509,77.443176,17786.270203701995,170.39697819431535,0.20181799,1.0,8.14744613,0.14467277,0.03890295,0.035299105359283,67.5,B,0.5,True,co2_methanol,yaml_analytic_thermo_microkinetic,47.061,3.068096557534841e-05,52.1981,,2.0139,0.2431,0.004478,high,YAML-driven analytic thermodynamic equilibrium + catalyst descriptor screen (co2_methanol).
co2_methanol_sweep_0194,cand_0003,[Fe].[Ti].[Zn],Fe/TiO2/ZnO,217.618221,29.452291,11066.960383233123,186.3056602876292,0.21125517,1.0,8.00279987,0.1208925,0.13033207,0.035299105359283,67.5,B,0.5,True,co2_methanol,yaml_analytic_thermo_microkinetic,37.5151,0.00010166804512424049,40.9074,,1.7335,0.2314,0.003341,high,YAML-driven analytic thermodynamic equilibrium + catalyst descriptor screen (co2_methanol).
co2_methanol_sweep_0195,cand_0003,[Fe].[Ti].[Zn],Fe/TiO2/ZnO,216.000702,32.954593,28055.430874684418,61.78593479467713,0.33884767,1.0,5.72834194,0.27729711,0.39246049,0.035299105359283,67.5,B,0.5,True,co2_methanol,yaml_analytic_thermo_microkinetic,37.2286,0.00010582073662812528,30.3359,,1.2979,0.2294,0.002456,high,YAML-driven analytic thermodynamic equilibrium + catalyst descriptor screen (co2_methanol).
co2_methanol_sweep_0196,cand_0003,[Fe].[Ti].[Zn],Fe/TiO2/ZnO,201.91368,80.202274,21402.969265699183,168.5896734854651,0.10040847,1.0,8.25791349,0.07222836,0.14193706,0.035299105359283,67.5,B,0.5,True,co2_methanol,yaml_analytic_thermo_microkinetic,34.7338,0.00015170301085489174,78.5167,,2.9547,0.2104,0.005833,high,YAML-driven analytic thermodynamic equilibrium + catalyst descriptor screen (co2_methanol).
co2_methanol_sweep_0197,cand_0003,[Fe].[Ti].[Zn],Fe/TiO2/ZnO,289.324197,73.660865,2560.7246100930784,101.62145254369486,0.45421413,1.0,5.68440404,0.17149585,0.04182979,0.035299105359283,67.5,B,0.5,True,co2_methanol,yaml_analytic_thermo_microkinetic,50.2142,2.1722455052509833e-05,34.2529,,1.5131,0.2225,0.00269,high,YAML-driven analytic thermodynamic equilibrium + catalyst descriptor screen (co2_methanol).
co2_methanol_sweep_0198,cand_0003,[Fe].[Ti].[Zn],Fe/TiO2/ZnO,224.03622,37.624478,14411.750275888375,106.91078322702796,0.3120755,1.0,7.66814801,0.46951204,0.44235514,0.035299105359283,67.5,B,0.5,True,co2_methanol,yaml_analytic_thermo_microkinetic,38.6517,8.695888195620687e-05,34.3309,,1.3,0.2387,0.002892,high,YAML-driven analytic thermodynamic equilibrium + catalyst descriptor screen (co2_methanol).
co2_methanol_sweep_0199,cand_0003,[Fe].[Ti].[Zn],Fe/TiO2/ZnO,234.030424,81.838848,27363.223075119702,172.45707717467377,0.06706134,1.0,3.31232315,0.48047003,0.36433822,0.035299105359283,67.5,B,0.5,True,co2_methanol,yaml_analytic_thermo_microkinetic,40.4217,6.871396676645779e-05,28.8631,,1.2978,0.2476,0.002522,high,YAML-driven analytic thermodynamic equilibrium + catalyst descriptor screen (co2_methanol).
co2_methanol_sweep_0000,cand_0004,[Fe].[K].[Zn],Fe/K/ZnO,246.735626,88.224449,20639.796291212406,195.32611881108593,0.29506094,1.0,7.91623291,0.38309715,0.48303484,0.0,72.5,B,0.5,True,co2_methanol,yaml_analytic_thermo_microkinetic,42.6717,5.160733815142072e-05,56.1881,,1.9187,0.1865,0.0,low,YAML-driven analytic thermodynamic equilibrium + catalyst descriptor screen (co2_methanol). Catalyst descriptor score is weak.
co2_methanol_sweep_0001,cand_0004,[Fe].[K].[Zn],Fe/K/ZnO,248.323132,91.419846,5728.088276607439,187.13786883609566,0.1754431,1.0,7.2142454,0.47639146,0.3794319,0.0,72.5,B,0.5,True,co2_methanol,yaml_analytic_thermo_microkinetic,42.9529,4.984273597358213e-05,52.58,,1.8019,0.1866,0.0,low,YAML-driven analytic thermodynamic equilibrium + catalyst descriptor screen (co2_methanol). Catalyst descriptor score is weak.
co2_methanol_sweep_0002,cand_0004,[Fe].[K].[Zn],Fe/K/ZnO,198.867249,63.574473,11264.13163592104,171.51149392287354,0.30661369,1.0,9.16967649,0.30257325,0.1602672,0.0,72.5,B,0.5,True,co2_methanol,yaml_analytic_thermo_microkinetic,34.1943,0.0001644560674238866,71.4722,,2.3497,0.1519,0.0,low,YAML-driven analytic thermodynamic equilibrium + catalyst descriptor screen (co2_methanol). Catalyst descriptor score is weak.
co2_methanol_sweep_0003,cand_0004,[Fe].[K].[Zn],Fe/K/ZnO,186.73297,67.922145,15094.659059478216,93.49141525304171,0.24079238,1.0,5.07382842,0.15813809,0.42258123,0.0,72.5,B,0.5,True,co2_methanol,yaml_analytic_thermo_microkinetic,32.0453,0.00022923976279861426,60.0795,,2.3972,0.1398,0.0,low,YAML-driven analytic thermodynamic equilibrium + catalyst descriptor screen (co2_methanol). Catalyst descriptor score is weak.
co2_methanol_sweep_0004,cand_0004,[Fe].[K].[Zn],Fe/K/ZnO,293.804505,94.651816,18734.262186421387,149.06647599771114,0.16381074,1.0,7.79480314,0.09443273,0.29332547,0.0,72.5,B,0.5,True,co2_methanol,yaml_analytic_thermo_microkinetic,51.0076,1.9982817811504382e-05,51.1394,,2.0902,0.1594,0.0,low,YAML-driven analytic thermodynamic equilibrium + catalyst descriptor screen (co2_methanol). Catalyst descriptor score is weak.
co2_methanol_sweep_0005,cand_0004,[Fe].[K].[Zn],Fe/K/ZnO,219.337709,51.266929,18141.962885719684,90.23919519182486,0.41298809,1.0,5.52670961,0.4865313,0.09677918,0.0,72.5,B,0.5,True,co2_methanol,yaml_analytic_thermo_microkinetic,37.8196,9.746021461895845e-05,36.3132,,1.4081,0.172,0.0,low,YAML-driven analytic thermodynamic equilibrium + catalyst descriptor screen (co2_methanol). Catalyst descriptor score is weak.
co2_methanol_sweep_0006,cand_0004,[Fe].[K].[Zn],Fe/K/ZnO,193.390503,90.344099,10232.012851653484,180.09267454159775,0.44333787,1.0,3.92852302,0.31573709,0.23804818,0.0,72.5,B,0.5,True,co2_methanol,yaml_analytic_thermo_microkinetic,33.2243,0.00019064390369862697,51.4586,,2.1089,0.1463,0.0,low,YAML-driven analytic thermodynamic equilibrium + catalyst descriptor screen (co2_methanol). Catalyst descriptor score is weak.
co2_methanol_sweep_0007,cand_0004,[Fe].[K].[Zn],Fe/K/ZnO,272.724651,75.372504,18080.428420262127,190.93104257683171,0.13132226,1.0,7.57326388,0.23608691,0.2005875,0.0,72.5,B,0.5,True,co2_methanol,yaml_analytic_thermo_microkinetic,47.2744,2.995091195383079e-05,46.1322,,1.7524,0.1783,0.0,low,YAML-driven analytic thermodynamic equilibrium + catalyst descriptor screen (co2_methanol). Catalyst descriptor score is weak.
co2_methanol_sweep_0008,cand_0004,[Fe].[K].[Zn],Fe/K/ZnO,221.619169,38.178568,6681.710997495642,96.2175696524277,0.48890821,1.0,5.95876729,0.31446354,0.22397868,0.0,72.5,B,0.5,True,co2_methanol,yaml_analytic_thermo_microkinetic,38.2236,9.218656674157049e-05,32.5515,,1.3439,0.1739,0.0,low,YAML-driven analytic thermodynamic equilibrium + catalyst descriptor screen (co2_methanol). Catalyst descriptor score is weak.
co2_methanol_sweep_0009,cand_0004,[Fe].[K].[Zn],Fe/K/ZnO,296.487958,87.506424,29431.83761616353,155.94002302743812,0.23084521,1.0,7.82825625,0.08610742,0.37304025,0.0,72.5,B,0.5,True,co2_methanol,yaml_analytic_thermo_microkinetic,51.4829,1.9020273937628184e-05,47.8813,,2.016,0.1567,0.0,low,YAML-driven analytic thermodynamic equilibrium + catalyst descriptor screen (co2_methanol). Catalyst descriptor score is weak.
co2_methanol_sweep_0010,cand_0004,[Fe].[K].[Zn],Fe/K/ZnO,231.801412,47.837445,13646.037146146755,153.06886194469183,0.43977488,1.0,8.59909152,0.2831941,0.34134531,0.0,72.5,B,0.5,True,co2_methanol,yaml_analytic_thermo_microkinetic,40.0269,7.236079805988751e-05,46.5793,,1.7079,0.1812,0.0,low,YAML-driven analytic thermodynamic equilibrium + catalyst descriptor screen (co2_methanol). Catalyst descriptor score is weak.
co2_methanol_sweep_0011,cand_0004,[Fe].[K].[Zn],Fe/K/ZnO,229.703237,57.799582,9958.676305620156,94.83216122679765,0.31404745,1.0,8.66215375,0.39924622,0.42842429,0.0,72.5,B,0.5,True,co2_methanol,yaml_analytic_thermo_microkinetic,39.6553,7.600205716492798e-05,51.2808,,1.762,0.1799,0.0,low,YAML-driven analytic thermodynamic equilibrium + catalyst descriptor screen (co2_methanol). Catalyst descriptor score is weak.
co2_methanol_sweep_0012,cand_0004,[Fe].[K].[Zn],Fe/K/ZnO,288.382912,43.56494,23963.47917370313,65.71291182377324,0.06325073,1.0,2.64365677,0.22683533,0.04507706,0.0,72.5,B,0.5,True,co2_methanol,yaml_analytic_thermo_microkinetic,50.0475,2.2110511955541606e-05,10.243,,0.5462,0.1649,0.0,low,YAML-driven analytic thermodynamic equilibrium + catalyst descriptor screen (co2_methanol). Catalyst descriptor score is weak.
co2_methanol_sweep_0013,cand_0004,[Fe].[K].[Zn],Fe/K/ZnO,270.132749,82.113244,21117.089389699868,87.29411964596406,0.01774349,1.0,7.47614436,0.08386056,0.35699409,0.0,72.5,B,0.5,True,co2_methanol,yaml_analytic_thermo_microkinetic,46.8154,3.154725773136789e-05,53.1576,,2.1821,0.18,0.0,low,YAML-driven analytic thermodynamic equilibrium + catalyst descriptor screen (co2_methanol). Catalyst descriptor score is weak.
co2_methanol_sweep_0014,cand_0004,[Fe].[K].[Zn],Fe/K/ZnO,213.416426,90.568312,20455.25181038851,17.062668787328086,0.14570134,1.0,9.08965922,0.43891977,0.07593173,0.0,72.5,B,0.5,True,co2_methanol,yaml_analytic_thermo_microkinetic,36.7709,0.00011287256556999238,74.5763,,2.3553,0.1666,0.0,low,YAML-driven analytic thermodynamic equilibrium + catalyst descriptor screen (co2_methanol). Catalyst descriptor score is weak.
co2_methanol_sweep_0015,cand_0004,[Fe].[K].[Zn],Fe/K/ZnO,207.849541,30.940061,9828.177795040414,169.73627163484025,0.23626502,1.0,7.63833543,0.05167535,0.45213869,0.0,72.5,B,0.5,True,co2_methanol,yaml_analytic_thermo_microkinetic,35.785,0.00013000646564202464,45.6836,,2.0548,0.1611,0.0,low,YAML-driven analytic thermodynamic equilibrium + catalyst descriptor screen (co2_methanol). Catalyst descriptor score is weak.
co2_methanol_sweep_0016,cand_0004,[Fe].[K].[Zn],Fe/K/ZnO,211.137958,62.164942,29836.116984404838,158.28450548221508,0.14913283,1.0,8.81675755,0.28602271,0.32494299,0.0,72.5,B,0.5,True,co2_methanol,yaml_analytic_thermo_microkinetic,36.3674,0.00011954697854222866,64.9982,,2.1901,0.1644,0.0,low,YAML-driven analytic thermodynamic equilibrium + catalyst descriptor screen (co2_methanol). Catalyst descriptor score is weak.
co2_methanol_sweep_0017,cand_0004,[Fe].[K].[Zn],Fe/K/ZnO,222.024864,84.607079,9310.417068184961,114.34768365007717,0.22127323,1.0,7.42053367,0.11015543,0.08607068,0.0,72.5,B,0.5,True,co2_methanol,yaml_analytic_thermo_microkinetic,38.2955,9.12840304565899e-05,69.1461,,2.5913,0.1743,0.0,low,YAML-driven analytic thermodynamic equilibrium + catalyst descriptor screen (co2_methanol). Catalyst descriptor score is weak.
co2_methanol_sweep_0018,cand_0004,[Fe].[K].[Zn],Fe/K/ZnO,224.715906,20.29321,17493.580340372042,188.53693095954083,0.28244597,1.0,7.06244354,0.26043427,0.3652596,0.0,72.5,B,0.5,True,co2_methanol,yaml_analytic_thermo_microkinetic,38.7721,8.555171455517959e-05,21.2792,,0.9567,0.1764,0.0,low,YAML-driven analytic thermodynamic equilibrium + catalyst descriptor screen (co2_methanol). Catalyst descriptor score is weak.
co2_methanol_sweep_0019,cand_0004,[Fe].[K].[Zn],Fe/K/ZnO,277.115851,33.778386,18924.79939624104,91.87112110742538,0.21835144,1.0,5.66875065,0.25568251,0.24307838,0.0,72.5,B,0.5,True,co2_methanol,yaml_analytic_thermo_microkinetic,48.0521,2.7459210236136814e-05,16.9409,,0.79,0.175,0.0,low,YAML-driven analytic thermodynamic equilibrium + catalyst descriptor screen (co2_methanol). Catalyst descriptor score is weak.
co2_methanol_sweep_0020,cand_0004,[Fe].[K].[Zn],Fe/K/ZnO,227.935355,83.233595,3087.7700412747167,161.15777450660468,0.28407269,1.0,5.2178059,0.07542553,0.47547937,0.0,72.5,B,0.5,True,co2_methanol,yaml_analytic_thermo_microkinetic,39.3422,7.923726215715945e-05,53.8915,,2.35,0.1787,0.0,low,YAML-driven analytic thermodynamic equilibrium + catalyst descriptor screen (co2_methanol). Catalyst descriptor score is weak.
co2_methanol_sweep_0021,cand_0004,[Fe].[K].[Zn],Fe/K/ZnO,197.809717,38.41884,3499.2715026603832,18.397518156414446,0.09515989,1.0,8.1097614,0.06708848,0.01738772,0.0,72.5,B,0.5,True,co2_methanol,yaml_analytic_thermo_microkinetic,34.007,0.00016917068863980545,59.3484,,2.3838,0.1508,0.0,low,YAML-driven analytic thermodynamic equilibrium + catalyst descriptor screen (co2_methanol). Catalyst descriptor score is weak.
co2_methanol_sweep_0022,cand_0004,[Fe].[K].[Zn],Fe/K/ZnO,283.538942,88.80305,26655.165182724315,69.90513502064033,0.08026638,1.0,2.2843683,0.16370285,0.32921018,0.0,72.5,B,0.5,True,co2_methanol,yaml_analytic_thermo_microkinetic,49.1896,2.4242824394880343e-05,18.6973,,1.2333,0.1694,0.0,low,YAML-driven analytic thermodynamic equilibrium + catalyst descriptor screen (co2_methanol). Catalyst descriptor score is weak.
co2_methanol_sweep_0023,cand_0004,[Fe].[K].[Zn],Fe/K/ZnO,277.336793,59.735335,24907.68791795768,135.2310056652788,0.20434385,1.0,2.85012842,0.00015797,0.46939757,0.0,72.5,B,0.5,True,co2_methanol,yaml_analytic_thermo_microkinetic,48.0912,2.7340469724736415e-05,21.9223,,1.6184,0.1748,0.0,low,YAML-driven analytic thermodynamic equilibrium + catalyst descriptor screen (co2_methanol). Catalyst descriptor score is weak.
co2_methanol_sweep_0024,cand_0004,[Fe].[K].[Zn],Fe/K/ZnO,223.726345,62.867555,8418.540195672571,108.28162803338304,0.18781359,1.0,9.77602469,0.14700891,0.00422419,0.0,72.5,B,0.5,True,co2_methanol,yaml_analytic_thermo_microkinetic,38.5968,8.760937902956485e-05,67.3529,,2.39,0.1756,0.0,low,YAML-driven analytic thermodynamic equilibrium + catalyst descriptor screen (co2_methanol). Catalyst descriptor score is weak.
co2_methanol_sweep_0025,cand_0004,[Fe].[K].[Zn],Fe/K/ZnO,208.333557,69.611269,8649.896233931673,64.5368219849615,0.03192586,1.0,3.15944255,0.39717044,0.39830585,0.0,72.5,B,0.5,True,co2_methanol,yaml_analytic_thermo_microkinetic,35.8707,0.00012840212119414089,32.409,,1.4796,0.1616,0.0,low,YAML-driven analytic thermodynamic equilibrium + catalyst descriptor screen (co2_methanol). Catalyst descriptor score is weak.
co2_methanol_sweep_0026,cand_0004,[Fe].[K].[Zn],Fe/K/ZnO,299.3269,76.997468,2742.803259009996,29.2767889738252,0.49548969,1.0,2.95200897,0.44571148,0.48815254,0.0,72.5,B,0.5,True,co2_methanol,yaml_analytic_thermo_microkinetic,51.9857,1.806147864399054e-05,11.3682,,0.5191,0.1538,0.0,low,YAML-driven analytic thermodynamic equilibrium + catalyst descriptor screen (co2_methanol). Catalyst descriptor score is weak.
co2_methanol_sweep_0027,cand_0004,[Fe].[K].[Zn],Fe/K/ZnO,289.121365,22.750498,27070.141242859092,120.99940969714419,0.28627854,1.0,6.14796205,0.08084284,0.39511094,0.0,72.5,B,0.5,True,co2_methanol,yaml_analytic_thermo_microkinetic,50.1783,2.18053859854299e-05,14.0958,,0.7632,0.1641,0.0,low,YAML-driven analytic thermodynamic equilibrium + catalyst descriptor screen (co2_methanol). Catalyst descriptor score is weak.
co2_methanol_sweep_0028,cand_0004,[Fe].[K].[Zn],Fe/K/ZnO,181.028132,44.430077,11936.519671205924,192.4825779478848,0.38223526,1.0,3.694641,0.06964915,0.38895221,0.0,72.5,B,0.5,True,co2_methanol,yaml_analytic_thermo_microkinetic,31.0349,0.0002696291572188191,41.8044,,2.1052,0.1345,0.0,low,YAML-driven analytic thermodynamic equilibrium + catalyst descriptor screen (co2_methanol). Catalyst descriptor score is weak.
co2_methanol_sweep_0029,cand_0004,[Fe].[K].[Zn],Fe/K/ZnO,235.220261,38.961583,15589.37674897597,166.3646608889651,0.10303809,1.0,5.14130474,0.28995541,0.47472714,0.0,72.5,B,0.5,True,co2_methanol,yaml_analytic_thermo_microkinetic,40.6324,6.685555281084984e-05,26.405,,1.1696,0.183,0.0,low,YAML-driven analytic thermodynamic equilibrium + catalyst descriptor screen (co2_methanol). Catalyst descriptor score is weak.
co2_methanol_sweep_0030,cand_0004,[Fe].[K].[Zn],Fe/K/ZnO,271.902343,98.481273,28987.430296124698,46.241884257353945,0.07533065,1.0,6.01575937,0.10599223,0.13646857,0.0,72.5,B,0.5,True,co2_methanol,yaml_analytic_thermo_microkinetic,47.1288,3.044679203094699e-05,51.6011,,2.1422,0.1788,0.0,low,YAML-driven analytic thermodynamic equilibrium + catalyst descriptor screen (co2_methanol). Catalyst descriptor score is weak.
co2_methanol_sweep_0031,cand_0004,[Fe].[K].[Zn],Fe/K/ZnO,215.77549,45.429647,14508.729656418804,25.011846821406436,0.0143804,1.0,2.22184412,0.43440834,0.41563496,0.0,72.5,B,0.5,True,co2_methanol,yaml_analytic_thermo_microkinetic,37.1887,0.00010641446316132456,13.6235,,0.8498,0.1688,0.0,low,YAML-driven analytic thermodynamic equilibrium + catalyst descriptor screen (co2_methanol). Catalyst descriptor score is weak.
co2_methanol_sweep_0032,cand_0004,[Fe].[K].[Zn],Fe/K/ZnO,238.910059,58.757889,18510.681760026277,99.90853850456234,0.25543834,1.0,6.59415307,0.17922416,0.30714032,0.0,72.5,B,0.5,True,co2_methanol,yaml_analytic_thermo_microkinetic,41.2858,6.145581266214869e-05,46.0644,,1.8413,0.1846,0.0,low,YAML-driven analytic thermodynamic equilibrium + catalyst descriptor screen (co2_methanol). Catalyst descriptor score is weak.
co2_methanol_sweep_0033,cand_0004,[Fe].[K].[Zn],Fe/K/ZnO,198.047418,60.733787,23100.139188472687,55.5721546717839,0.19994713,1.0,8.3953804,0.41736151,0.3845634,0.0,72.5,B,0.5,True,co2_methanol,yaml_analytic_thermo_microkinetic,34.0491,0.00016809748754403043,65.1899,,2.1247,0.1511,0.0,low,YAML-driven analytic thermodynamic equilibrium + catalyst descriptor screen (co2_methanol). Catalyst descriptor score is weak.
co2_methanol_sweep_0034,cand_0004,[Fe].[K].[Zn],Fe/K/ZnO,215.367971,75.763542,25984.69996624807,150.85333769545213,0.46123868,1.0,4.46728036,0.39281249,0.47787217,0.0,72.5,B,0.5,True,co2_methanol,yaml_analytic_thermo_microkinetic,37.1165,0.00010749869185483921,41.6471,,1.6764,0.1684,0.0,low,YAML-driven analytic thermodynamic equilibrium + catalyst descriptor screen (co2_methanol). Catalyst descriptor score is weak.
co2_methanol_sweep_0035,cand_0004,[Fe].[K].[Zn],Fe/K/ZnO,239.973915,45.927401,29686.855718045383,48.511859362046955,0.38895934,1.0,9.25715069,0.44487686,0.26406596,0.0,72.5,B,0.5,True,co2_methanol,yaml_analytic_thermo_microkinetic,41.4742,5.999504152986328e-05,40.8795,,1.462,0.185,0.0,low,YAML-driven analytic thermodynamic equilibrium + catalyst descriptor screen (co2_methanol). Catalyst descriptor score is weak.
co2_methanol_sweep_0036,cand_0004,[Fe].[K].[Zn],Fe/K/ZnO,251.085748,89.559331,12663.315802469602,164.12829794286725,0.07475222,1.0,7.36300633,0.37789106,0.07774337,0.0,72.5,B,0.5,True,co2_methanol,yaml_analytic_thermo_microkinetic,43.4422,4.693815194511963e-05,55.307,,1.9092,0.1866,0.0,low,YAML-driven analytic thermodynamic equilibrium + catalyst descriptor screen (co2_methanol). Catalyst descriptor score is weak.
co2_methanol_sweep_0037,cand_0004,[Fe].[K].[Zn],Fe/K/ZnO,262.812258,21.27919,17010.873144292018,23.245729140384427,0.25216362,1.0,6.92884015,0.06115983,0.03371444,0.0,72.5,B,0.5,True,co2_methanol,yaml_analytic_thermo_microkinetic,45.5189,3.662972034152431e-05,20.3428,,1.1209,0.1839,0.0,low,YAML-driven analytic thermodynamic equilibrium + catalyst descriptor screen (co2_methanol). Catalyst descriptor score is weak.
co2_methanol_sweep_0038,cand_0004,[Fe].[K].[Zn],Fe/K/ZnO,196.285457,95.81488,6286.08747054595,177.47363454511907,0.30465058,1.0,8.06934147,0.03130531,0.38145778,0.0,72.5,B,0.5,True,co2_methanol,yaml_analytic_thermo_microkinetic,33.737,0.0001762443235909549,83.1253,,3.3013,0.1493,0.0,low,YAML-driven analytic thermodynamic equilibrium + catalyst descriptor screen (co2_methanol). Catalyst descriptor score is weak.
co2_methanol_sweep_0039,cand_0004,[Fe].[K].[Zn],Fe/K/ZnO,248.860458,55.452995,26448.705057024326,19.57914191340952,0.07828564,1.0,4.58482144,0.49425781,0.28512786,0.0,72.5,B,0.5,True,co2_methanol,yaml_analytic_thermo_microkinetic,43.0481,4.926160056510798e-05,24.699,,1.0594,0.1866,0.0,low,YAML-driven analytic thermodynamic equilibrium + catalyst descriptor screen (co2_methanol). Catalyst descriptor score is weak.
co2_methanol_sweep_0040,cand_0004,[Fe].[K].[Zn],Fe/K/ZnO,294.650191,56.207636,24774.029431299343,21.362242384119146,0.14086853,1.0,9.32605758,0.26298902,0.06366819,0.0,72.5,B,0.5,True,co2_methanol,yaml_analytic_thermo_microkinetic,51.1574,1.967333952499086e-05,35.6966,,1.4064,0.1586,0.0,low,YAML-driven analytic thermodynamic equilibrium + catalyst descriptor screen (co2_methanol). Catalyst descriptor score is weak.
co2_methanol_sweep_0041,cand_0004,[Fe].[K].[Zn],Fe/K/ZnO,256.420249,22.284738,11557.11495727656,50.548607429839905,0.3703482,1.0,6.37220807,0.32966974,0.00596405,0.0,72.5,B,0.5,True,co2_methanol,yaml_analytic_thermo_microkinetic,44.3869,4.187399243207199e-05,13.4943,,0.5953,0.186,0.0,low,YAML-driven analytic thermodynamic equilibrium + catalyst descriptor screen (co2_methanol). Catalyst descriptor score is weak.
co2_methanol_sweep_0042,cand_0004,[Fe].[K].[Zn],Fe/K/ZnO,257.942943,59.309714,11788.170949364707,145.3387398764129,0.4251028,1.0,5.83450368,0.03299779,0.43851579,0.0,72.5,B,0.5,True,co2_methanol,yaml_analytic_thermo_microkinetic,44.6566,4.054846367747883e-05,40.301,,2.0128,0.1856,0.0,low,YAML-driven analytic thermodynamic equilibrium + catalyst descriptor screen (co2_methanol). Catalyst descriptor score is weak.
co2_methanol_sweep_0043,cand_0004,[Fe].[K].[Zn],Fe/K/ZnO,270.730426,96.481954,25247.556211205574,148.00788356293,0.31726238,1.0,4.41639696,0.49595959,0.49457177,0.0,72.5,B,0.5,True,co2_methanol,yaml_analytic_thermo_microkinetic,46.9212,3.117039441648296e-05,29.8234,,1.2521,0.1796,0.0,low,YAML-driven analytic thermodynamic equilibrium + catalyst descriptor screen (co2_methanol). Catalyst descriptor score is weak.
co2_methanol_sweep_0044,cand_0004,[Fe].[K].[Zn],Fe/K/ZnO,273.26103,48.971028,29514.762078582626,36.29998138336444,0.32300189,1.0,6.84944306,0.12876962,0.00100102,0.0,72.5,B,0.5,True,co2_methanol,yaml_analytic_thermo_microkinetic,47.3694,2.963260638062378e-05,34.0446,,1.5284,0.1779,0.0,low,YAML-driven analytic thermodynamic equilibrium + catalyst descriptor screen (co2_methanol). Catalyst descriptor score is weak.
co2_methanol_sweep_0045,cand_0004,[Fe].[K].[Zn],Fe/K/ZnO,184.241258,80.752107,17383.605500773985,69.56772953314878,0.12395348,1.0,8.45368547,0.0255642,0.00832192,0.0,72.5,B,0.5,True,co2_methanol,yaml_analytic_thermo_microkinetic,31.604,0.0002459552091619686,85.5997,,3.4069,0.1374,0.0,low,YAML-driven analytic thermodynamic equilibrium + catalyst descriptor screen (co2_methanol). Catalyst descriptor score is weak.
co2_methanol_sweep_0046,cand_0004,[Fe].[K].[Zn],Fe/K/ZnO,181.599817,69.240653,13233.245499410108,91.27581773379437,0.1342139,1.0,4.94543232,0.24210597,0.06963054,0.0,72.5,B,0.5,True,co2_methanol,yaml_analytic_thermo_microkinetic,31.1362,0.00026523119502525066,62.0085,,2.3626,0.135,0.0,low,YAML-driven analytic thermodynamic equilibrium + catalyst descriptor screen (co2_methanol). Catalyst descriptor score is weak.
co2_methanol_sweep_0047,cand_0004,[Fe].[K].[Zn],Fe/K/ZnO,261.638324,65.024838,22246.335224811162,13.208962719866008,0.16765965,1.0,9.49788028,0.17304925,0.37630158,0.0,72.5,B,0.5,True,co2_methanol,yaml_analytic_thermo_microkinetic,45.311,3.753201587833041e-05,52.3382,,1.9512,0.1844,0.0,low,YAML-driven analytic thermodynamic equilibrium + catalyst descriptor screen (co2_methanol). Catalyst descriptor score is weak.
co2_methanol_sweep_0048,cand_0004,[Fe].[K].[Zn],Fe/K/ZnO,199.574184,94.005347,14639.513566959491,184.1285613132962,0.19287367,1.0,2.63526086,0.19590732,0.2971952,0.0,72.5,B,0.5,True,co2_methanol,yaml_analytic_thermo_microkinetic,34.3195,0.0001613893380349569,38.5791,,2.0544,0.1527,0.0,low,YAML-driven analytic thermodynamic equilibrium + catalyst descriptor screen (co2_methanol). Catalyst descriptor score is weak.
co2_methanol_sweep_0049,cand_0004,[Fe].[K].[Zn],Fe/K/ZnO,269.647045,85.725561,14878.277623975597,194.57295362796745,0.4167616,1.0,9.68698402,0.42885363,0.26139421,0.0,72.5,B,0.5,True,co2_methanol,yaml_analytic_thermo_microkinetic,46.7294,3.185749189001848e-05,52.9583,,1.7703,0.1803,0.0,low,YAML-driven analytic thermodynamic equilibrium + catalyst descriptor screen (co2_methanol). Catalyst descriptor score is weak.
co2_methanol_sweep_0050,cand_0004,[Fe].[K].[Zn],Fe/K/ZnO,251.818844,74.832623,6090.618835039588,136.2099645310589,0.125302,1.0,7.32011861,0.21679023,0.23040776,0.0,72.5,B,0.5,True,co2_methanol,yaml_analytic_thermo_microkinetic,43.572,4.6201119118510405e-05,52.0715,,1.9438,0.1866,0.0,low,YAML-driven analytic thermodynamic equilibrium + catalyst descriptor screen (co2_methanol). Catalyst descriptor score is weak.
co2_methanol_sweep_0051,cand_0004,[Fe].[K].[Zn],Fe/K/ZnO,200.936148,48.400358,24446.804136945088,15.278125609518998,0.32775742,1.0,3.51638237,0.3274275,0.05439793,0.0,72.5,B,0.5,True,co2_methanol,yaml_analytic_thermo_microkinetic,34.5607,0.00015566597682648164,31.4268,,1.4257,0.1541,0.0,low,YAML-driven analytic thermodynamic equilibrium + catalyst descriptor screen (co2_methanol). Catalyst descriptor score is weak.
co2_methanol_sweep_0052,cand_0004,[Fe].[K].[Zn],Fe/K/ZnO,283.114187,92.489293,16392.251408190194,159.29391496400478,0.10740959,1.0,3.85374924,0.46748643,0.09237086,0.0,72.5,B,0.5,True,co2_methanol,yaml_analytic_thermo_microkinetic,49.1144,2.444120149660781e-05,25.4104,,1.1229,0.1698,0.0,low,YAML-driven analytic thermodynamic equilibrium + catalyst descriptor screen (co2_methanol). Catalyst descriptor score is weak.
co2_methanol_sweep_0053,cand_0004,[Fe].[K].[Zn],Fe/K/ZnO,230.636445,29.679407,11486.602605112166,149.40483820129154,0.00799759,1.0,9.59771072,0.23268051,0.01806973,0.0,72.5,B,0.5,True,co2_methanol,yaml_analytic_thermo_microkinetic,39.8206,7.435668246421271e-05,38.53,,1.5063,0.1805,0.0,low,YAML-driven analytic thermodynamic equilibrium + catalyst descriptor screen (co2_methanol). Catalyst descriptor score is weak.
co2_methanol_sweep_0054,cand_0004,[Fe].[K].[Zn],Fe/K/ZnO,249.781128,39.264808,24674.37881806341,61.49422679983453,0.08623867,1.0,8.79500305,0.21813703,0.19342497,0.0,72.5,B,0.5,True,co2_methanol,yaml_analytic_thermo_microkinetic,43.2111,4.8284279582874234e-05,38.035,,1.5159,0.1867,0.0,low,YAML-driven analytic thermodynamic equilibrium + catalyst descriptor screen (co2_methanol). Catalyst descriptor score is weak.
co2_methanol_sweep_0055,cand_0004,[Fe].[K].[Zn],Fe/K/ZnO,217.889321,93.537915,12117.153047129077,196.82292371658545,0.05822524,1.0,6.30916965,0.34004949,0.23597114,0.0,72.5,B,0.5,True,co2_methanol,yaml_analytic_thermo_microkinetic,37.5631,0.00010099077228831161,63.488,,2.2134,0.1707,0.0,low,YAML-driven analytic thermodynamic equilibrium + catalyst descriptor screen (co2_methanol). Catalyst descriptor score is weak.
co2_methanol_sweep_0056,cand_0004,[Fe].[K].[Zn],Fe/K/ZnO,264.5673,94.953476,27334.070922778777,76.73527501719002,0.39456718,1.0,6.61161687,0.3072707,0.09954117,0.0,72.5,B,0.5,True,co2_methanol,yaml_analytic_thermo_microkinetic,45.8297,3.532807522216862e-05,49.3519,,1.8204,0.1831,0.0,low,YAML-driven analytic thermodynamic equilibrium + catalyst descriptor screen (co2_methanol). Catalyst descriptor score is weak.
co2_methanol_sweep_0057,cand_0004,[Fe].[K].[Zn],Fe/K/ZnO,297.611984,64.216576,23450.228667232204,104.84177369960275,0.36463717,1.0,4.69710347,0.42263494,0.44424664,0.0,72.5,B,0.5,True,co2_methanol,yaml_analytic_thermo_microkinetic,51.6819,1.8633569611422577e-05,17.6676,,0.7944,0.1556,0.0,low,YAML-driven analytic thermodynamic equilibrium + catalyst descriptor screen (co2_methanol). Catalyst descriptor score is weak.
co2_methanol_sweep_0058,cand_0004,[Fe].[K].[Zn],Fe/K/ZnO,266.05319,60.92009,13389.107358265655,167.22410856235297,0.20622912,1.0,9.55406244,0.04148991,0.22631458,0.0,72.5,B,0.5,True,co2_methanol,yaml_analytic_thermo_microkinetic,46.0929,3.426858303174935e-05,53.05,,2.2647,0.1824,0.0,low,YAML-driven analytic thermodynamic equilibrium + catalyst descriptor screen (co2_methanol). Catalyst descriptor score is weak.
co2_methanol_sweep_0059,cand_0004,[Fe].[K].[Zn],Fe/K/ZnO,256.128469,87.146362,13581.069423590623,164.87181891925798,0.13597253,1.0,2.42288387,0.03591343,0.21397047,0.0,72.5,B,0.5,True,co2_methanol,yaml_analytic_thermo_microkinetic,44.3352,4.213378606632673e-05,27.829,,1.9418,0.186,0.0,low,YAML-driven analytic thermodynamic equilibrium + catalyst descriptor screen (co2_methanol). Catalyst descriptor score is weak.
co2_methanol_sweep_0060,cand_0004,[Fe].[K].[Zn],Fe/K/ZnO,231.35473,58.312949,27537.63712522274,176.79954429323936,0.396454,1.0,4.31855761,0.01631467,0.03693602,0.0,72.5,B,0.5,True,co2_methanol,yaml_analytic_thermo_microkinetic,39.9478,7.311857893483859e-05,41.1142,,2.2058,0.1809,0.0,low,YAML-driven analytic thermodynamic equilibrium + catalyst descriptor screen (co2_methanol). Catalyst descriptor score is weak.
co2_methanol_sweep_0061,cand_0004,[Fe].[K].[Zn],Fe/K/ZnO,182.656525,54.173691,26961.719694644547,38.1652912602098,0.14420946,1.0,2.09390268,0.10053142,0.17612714,0.0,72.5,B,0.5,True,co2_methanol,yaml_analytic_thermo_microkinetic,31.3233,0.00025731787865746093,29.0574,,2.0098,0.136,0.0,low,YAML-driven analytic thermodynamic equilibrium + catalyst descriptor screen (co2_methanol). Catalyst descriptor score is weak.
co2_methanol_sweep_0062,cand_0004,[Fe].[K].[Zn],Fe/K/ZnO,226.541149,65.349595,11189.507973176966,82.07982445161626,0.31778399,1.0,2.89053177,0.02769736,0.02124092,0.0,72.5,B,0.5,True,co2_methanol,yaml_analytic_thermo_microkinetic,39.0953,8.190252243913587e-05,33.4745,,2.0372,0.1777,0.0,low,YAML-driven analytic thermodynamic equilibrium + catalyst descriptor screen (co2_methanol). Catalyst descriptor score is weak.
co2_methanol_sweep_0063,cand_0004,[Fe].[K].[Zn],Fe/K/ZnO,252.887835,26.080052,29255.97690315581,165.33680454946668,0.33221036,1.0,6.82023433,0.10481985,0.25789502,0.0,72.5,B,0.5,True,co2_methanol,yaml_analytic_thermo_microkinetic,43.7613,4.515064764680743e-05,23.9101,,1.1985,0.1865,0.0,low,YAML-driven analytic thermodynamic equilibrium + catalyst descriptor screen (co2_methanol). Catalyst descriptor score is weak.
co2_methanol_sweep_0064,cand_0004,[Fe].[K].[Zn],Fe/K/ZnO,209.366659,82.687755,15253.221794329784,51.57287052703437,0.11314327,1.0,2.46744427,0.16746329,0.12293207,0.0,72.5,B,0.5,True,co2_methanol,yaml_analytic_thermo_microkinetic,36.0537,0.00012505408663121694,33.7695,,1.9333,0.1626,0.0,low,YAML-driven analytic thermodynamic equilibrium + catalyst descriptor screen (co2_methanol). Catalyst descriptor score is weak.
co2_methanol_sweep_0065,cand_0004,[Fe].[K].[Zn],Fe/K/ZnO,216.686071,78.251095,22978.494194131512,111.84216379409463,0.4940877,1.0,9.2352131,0.24760393,0.15251134,0.0,72.5,B,0.5,True,co2_methanol,yaml_analytic_thermo_microkinetic,37.35,0.00010403749857202537,71.4915,,2.3992,0.1696,0.0,low,YAML-driven analytic thermodynamic equilibrium + catalyst descriptor screen (co2_methanol). Catalyst descriptor score is weak.
co2_methanol_sweep_0066,cand_0004,[Fe].[K].[Zn],Fe/K/ZnO,242.536737,27.875615,19683.726893116745,1.2931206663434074,0.15589778,1.0,4.38448633,0.35497318,0.24697736,0.0,72.5,B,0.5,True,co2_methanol,yaml_analytic_thermo_microkinetic,41.9281,5.664011759289564e-05,13.9186,,0.6329,0.1857,0.0,low,YAML-driven analytic thermodynamic equilibrium + catalyst descriptor screen (co2_methanol). Catalyst descriptor score is weak.
co2_methanol_sweep_0067,cand_0004,[Fe].[K].[Zn],Fe/K/ZnO,237.884947,79.134499,16256.773038497284,83.74787723090252,0.28861008,1.0,7.12043468,0.38540233,0.1625242,0.0,72.5,B,0.5,True,co2_methanol,yaml_analytic_thermo_microkinetic,41.1043,6.290298204386581e-05,53.5533,,1.8705,0.1842,0.0,low,YAML-driven analytic thermodynamic equilibrium + catalyst descriptor screen (co2_methanol). Catalyst descriptor score is weak.
co2_methanol_sweep_0068,cand_0004,[Fe].[K].[Zn],Fe/K/ZnO,197.315042,63.820702,28265.039819782134,141.21535096277205,0.48641555,1.0,6.24978679,0.20382668,0.40962332,0.0,72.5,B,0.5,True,co2_methanol,yaml_analytic_thermo_microkinetic,33.9194,0.00017142965424446133,59.9733,,2.2413,0.1503,0.0,low,YAML-driven analytic thermodynamic equilibrium + catalyst descriptor screen (co2_methanol). Catalyst descriptor score is weak.
co2_methanol_sweep_0069,cand_0004,[Fe].[K].[Zn],Fe/K/ZnO,188.891444,56.837159,22853.749127543604,130.118311976481,0.15127451,1.0,2.58831763,0.13103389,0.05126678,0.0,72.5,B,0.5,True,co2_methanol,yaml_analytic_thermo_microkinetic,32.4275,0.00021581330818137303,34.4791,,1.9529,0.1419,0.0,low,YAML-driven analytic thermodynamic equilibrium + catalyst descriptor screen (co2_methanol). Catalyst descriptor score is weak.
co2_methanol_sweep_0070,cand_0004,[Fe].[K].[Zn],Fe/K/ZnO,182.349531,47.502533,3981.8976261332446,39.17059924302393,0.01082449,1.0,8.85403404,0.11559274,0.13485473,0.0,72.5,B,0.5,True,co2_methanol,yaml_analytic_thermo_microkinetic,31.269,0.0002595884432324613,73.1688,,2.6453,0.1357,0.0,low,YAML-driven analytic thermodynamic equilibrium + catalyst descriptor screen (co2_methanol). Catalyst descriptor score is weak.
co2_methanol_sweep_0071,cand_0004,[Fe].[K].[Zn],Fe/K/ZnO,236.180035,51.784189,14132.616092338374,16.079743521079248,0.19557843,1.0,4.1006971,0.06286996,0.22873802,0.0,72.5,B,0.5,True,co2_methanol,yaml_analytic_thermo_microkinetic,40.8023,6.53992679462584e-05,34.2811,,1.7814,0.1835,0.0,low,YAML-driven analytic thermodynamic equilibrium + catalyst descriptor screen (co2_methanol). Catalyst descriptor score is weak.
co2_methanol_sweep_0072,cand_0004,[Fe].[K].[Zn],Fe/K/ZnO,190.854269,97.76515,4400.96159816328,131.00611215838643,0.44617147,1.0,9.62004732,0.24723755,0.35400362,0.0,72.5,B,0.5,True,co2_methanol,yaml_analytic_thermo_microkinetic,32.7752,0.00020438739125015545,86.1255,,2.8991,0.1438,0.0,low,YAML-driven analytic thermodynamic equilibrium + catalyst descriptor screen (co2_methanol). Catalyst descriptor score is weak.
co2_methanol_sweep_0073,cand_0004,[Fe].[K].[Zn],Fe/K/ZnO,206.449597,26.547667,13035.149078458824,189.71283864256844,0.35993794,1.0,9.47233588,0.33518135,0.18887948,0.0,72.5,B,0.5,True,co2_methanol,yaml_analytic_thermo_microkinetic,35.5371,0.0001347795364845324,39.7503,,1.4765,0.1597,0.0,low,YAML-driven analytic thermodynamic equilibrium + catalyst descriptor screen (co2_methanol). Catalyst descriptor score is weak.
co2_methanol_sweep_0074,cand_0004,[Fe].[K].[Zn],Fe/K/ZnO,220.015479,58.960609,26918.975976118978,109.17836800393219,0.02091558,1.0,7.49187866,0.32254549,0.48594911,0.0,72.5,B,0.5,True,co2_methanol,yaml_analytic_thermo_microkinetic,37.9396,9.58576368089702e-05,53.6923,,1.8982,0.1726,0.0,low,YAML-driven analytic thermodynamic equilibrium + catalyst descriptor screen (co2_methanol). Catalyst descriptor score is weak.
co2_methanol_sweep_0075,cand_0004,[Fe].[K].[Zn],Fe/K/ZnO,245.113496,24.495427,21753.534097925032,9.23790753301524,0.12804499,1.0,7.92147155,0.452833,0.22221474,0.0,72.5,B,0.5,True,co2_methanol,yaml_analytic_thermo_microkinetic,42.3845,5.3486749947442284e-05,18.6392,,0.7885,0.1863,0.0,low,YAML-driven analytic thermodynamic equilibrium + catalyst descriptor screen (co2_methanol). Catalyst descriptor score is weak.
co2_methanol_sweep_0076,cand_0004,[Fe].[K].[Zn],Fe/K/ZnO,252.160552,54.623965,18302.56546766242,175.46916810256505,0.17753855,1.0,4.9612074,0.36927943,0.01316562,0.0,72.5,B,0.5,True,co2_methanol,yaml_analytic_thermo_microkinetic,43.6325,4.5862233212148624e-05,28.8201,,1.224,0.1866,0.0,low,YAML-driven analytic thermodynamic equilibrium + catalyst descriptor screen (co2_methanol). Catalyst descriptor score is weak.
co2_methanol_sweep_0077,cand_0004,[Fe].[K].[Zn],Fe/K/ZnO,255.15001,30.261403,21302.658231519006,119.3642577745157,0.06877575,1.0,4.32890627,0.11753615,0.37133757,0.0,72.5,B,0.5,True,co2_methanol,yaml_analytic_thermo_microkinetic,44.1619,4.301895015812357e-05,18.6131,,0.9884,0.1862,0.0,low,YAML-driven analytic thermodynamic equilibrium + catalyst descriptor screen (co2_methanol). Catalyst descriptor score is weak.
co2_methanol_sweep_0078,cand_0004,[Fe].[K].[Zn],Fe/K/ZnO,189.61325,46.63537,7628.884498921604,113.35060482404971,0.18049485,1.0,7.73778153,0.37518825,0.30794354,0.0,72.5,B,0.5,True,co2_methanol,yaml_analytic_thermo_microkinetic,32.5554,0.00021152778898640394,58.8807,,1.9977,0.1426,0.0,low,YAML-driven analytic thermodynamic equilibrium + catalyst descriptor screen (co2_methanol). Catalyst descriptor score is weak.
co2_methanol_sweep_0079,cand_0004,[Fe].[K].[Zn],Fe/K/ZnO,238.777818,25.450919,7033.182213876061,8.851264120341014,0.46821685,1.0,6.73298777,0.1880657,0.38533636,0.0,72.5,B,0.5,True,co2_methanol,yaml_analytic_thermo_microkinetic,41.2624,6.164029034136529e-05,23.2262,,1.0821,0.1845,0.0,low,YAML-driven analytic thermodynamic equilibrium + catalyst descriptor screen (co2_methanol). Catalyst descriptor score is weak.
co2_methanol_sweep_0080,cand_0004,[Fe].[K].[Zn],Fe/K/ZnO,250.356341,28.879651,10533.145080624741,181.8566375253109,0.22285469,1.0,5.85512409,0.27248875,0.21121343,0.0,72.5,B,0.5,True,co2_methanol,yaml_analytic_thermo_microkinetic,43.313,4.768524325523183e-05,19.4947,,0.8929,0.1867,0.0,low,YAML-driven analytic thermodynamic equilibrium + catalyst descriptor screen (co2_methanol). Catalyst descriptor score is weak.
co2_methanol_sweep_0081,cand_0004,[Fe].[K].[Zn],Fe/K/ZnO,203.593628,41.188157,27983.810221942524,105.57884329302321,0.44190585,1.0,9.29313549,0.18536805,0.31912992,0.0,72.5,B,0.5,True,co2_methanol,yaml_analytic_thermo_microkinetic,35.0313,0.000145162505052559,57.8089,,2.088,0.1568,0.0,low,YAML-driven analytic thermodynamic equilibrium + catalyst descriptor screen (co2_methanol). Catalyst descriptor score is weak.
co2_methanol_sweep_0082,cand_0004,[Fe].[K].[Zn],Fe/K/ZnO,214.287993,96.280423,3737.355164876359,198.6100446325909,0.47028361,1.0,7.029007,0.43703102,0.31228797,0.0,72.5,B,0.5,True,co2_methanol,yaml_analytic_thermo_microkinetic,36.9253,0.00011043482236034863,65.7614,,2.1912,0.1674,0.0,low,YAML-driven analytic thermodynamic equilibrium + catalyst descriptor screen (co2_methanol). Catalyst descriptor score is weak.
co2_methanol_sweep_0083,cand_0004,[Fe].[K].[Zn],Fe/K/ZnO,180.394844,28.512944,9586.95957516332,48.76125034678357,0.40398015,1.0,7.10814552,0.30965795,0.15106282,0.0,72.5,B,0.5,True,co2_methanol,yaml_analytic_thermo_microkinetic,30.9228,0.0002745995098892488,45.7937,,1.703,0.1339,0.0,low,YAML-driven analytic thermodynamic equilibrium + catalyst descriptor screen (co2_methanol). Catalyst descriptor score is weak.
co2_methanol_sweep_0084,cand_0004,[Fe].[K].[Zn],Fe/K/ZnO,193.801452,25.719648,9196.670202342128,98.11959275254281,0.47875771,1.0,8.28338805,0.47966408,0.45658655,0.0,72.5,B,0.5,True,co2_methanol,yaml_analytic_thermo_microkinetic,33.2971,0.00018851913646862284,35.861,,1.331,0.1468,0.0,low,YAML-driven analytic thermodynamic equilibrium + catalyst descriptor screen (co2_methanol). Catalyst descriptor score is weak.
co2_methanol_sweep_0085,cand_0004,[Fe].[K].[Zn],Fe/K/ZnO,241.7597,60.319208,6617.526370660013,7.513986483082338,0.45164177,1.0,5.61461839,0.46144905,0.06510198,0.0,72.5,B,0.5,True,co2_methanol,yaml_analytic_thermo_microkinetic,41.7905,5.763351393842296e-05,34.4304,,1.3549,0.1855,0.0,low,YAML-driven analytic thermodynamic equilibrium + catalyst descriptor screen (co2_methanol). Catalyst descriptor score is weak.
co2_methanol_sweep_0086,cand_0004,[Fe].[K].[Zn],Fe/K/ZnO,237.148822,95.383657,29960.164277484346,128.46248818522088,0.43668664,1.0,3.91059612,0.05772734,0.09367614,0.0,72.5,B,0.5,True,co2_methanol,yaml_analytic_thermo_microkinetic,40.9739,6.396684891874565e-05,46.2299,,2.2725,0.1839,0.0,low,YAML-driven analytic thermodynamic equilibrium + catalyst descriptor screen (co2_methanol). Catalyst descriptor score is weak.
co2_methanol_sweep_0087,cand_0004,[Fe].[K].[Zn],Fe/K/ZnO,205.354609,85.363702,3868.5185107386706,126.07211362494276,0.24669377,1.0,6.99034512,0.0796114,0.29781421,0.0,72.5,B,0.5,True,co2_methanol,yaml_analytic_thermo_microkinetic,35.3432,0.00013865507141433252,72.9671,,2.8155,0.1586,0.0,low,YAML-driven analytic thermodynamic equilibrium + catalyst descriptor screen (co2_methanol). Catalyst descriptor score is weak.
co2_methanol_sweep_0088,cand_0004,[Fe].[K].[Zn],Fe/K/ZnO,274.630052,27.375404,9449.123580480205,3.205095011171165,0.13880936,1.0,5.98246455,0.19751325,0.42581351,0.0,72.5,B,0.5,True,co2_methanol,yaml_analytic_thermo_microkinetic,47.6118,2.8838168915256007e-05,15.6346,,0.7507,0.1769,0.0,low,YAML-driven analytic thermodynamic equilibrium + catalyst descriptor screen (co2_methanol). Catalyst descriptor score is weak.
co2_methanol_sweep_0089,cand_0004,[Fe].[K].[Zn],Fe/K/ZnO,263.511217,34.438978,2449.7374229278926,45.590746551771204,0.34224526,1.0,4.21751317,0.34336769,0.27011163,0.0,72.5,B,0.5,True,co2_methanol,yaml_analytic_thermo_microkinetic,45.6427,3.61046561041164e-05,12.7669,,0.5768,0.1836,0.0,low,YAML-driven analytic thermodynamic equilibrium + catalyst descriptor screen (co2_methanol). Catalyst descriptor score is weak.
co2_methanol_sweep_0090,cand_0004,[Fe].[K].[Zn],Fe/K/ZnO,225.292361,43.826811,22014.98201480146,57.755024350282426,0.1673973,1.0,9.95587989,0.26938483,0.06233617,0.0,72.5,B,0.5,True,co2_methanol,yaml_analytic_thermo_microkinetic,38.8741,8.437907221440369e-05,52.5619,,1.8482,0.1768,0.0,low,YAML-driven analytic thermodynamic equilibrium + catalyst descriptor screen (co2_methanol). Catalyst descriptor score is weak.
co2_methanol_sweep_0091,cand_0004,[Fe].[K].[Zn],Fe/K/ZnO,242.126929,70.993565,9096.240207135997,155.174294319838,0.34903874,1.0,3.83553599,0.02234868,0.49075453,0.0,72.5,B,0.5,True,co2_methanol,yaml_analytic_thermo_microkinetic,41.8555,5.716150641745398e-05,37.3164,,2.0824,0.1856,0.0,low,YAML-driven analytic thermodynamic equilibrium + catalyst descriptor screen (co2_methanol). Catalyst descriptor score is weak.
co2_methanol_sweep_0092,cand_0004,[Fe].[K].[Zn],Fe/K/ZnO,245.875788,69.079171,22664.82239119507,34.415473415096194,0.03721982,1.0,7.99993357,0.25784309,0.08999692,0.0,72.5,B,0.5,True,co2_methanol,yaml_analytic_thermo_microkinetic,42.5195,5.259371333373689e-05,54.1426,,1.9391,0.1864,0.0,low,YAML-driven analytic thermodynamic equilibrium + catalyst descriptor screen (co2_methanol). Catalyst descriptor score is weak.
co2_methanol_sweep_0093,cand_0004,[Fe].[K].[Zn],Fe/K/ZnO,281.6951,99.004199,8113.366817458512,85.14582961495428,0.41039699,1.0,6.40877675,0.28184913,0.32669377,0.0,72.5,B,0.5,True,co2_methanol,yaml_analytic_thermo_microkinetic,48.8631,2.5118089947581778e-05,44.0617,,1.6975,0.1711,0.0,low,YAML-driven analytic thermodynamic equilibrium + catalyst descriptor screen (co2_methanol). Catalyst descriptor score is weak.
co2_methanol_sweep_0094,cand_0004,[Fe].[K].[Zn],Fe/K/ZnO,262.65451,20.608055,27664.343829927766,174.89788838891388,0.23767404,1.0,8.54677057,0.43237858,0.17384808,0.0,72.5,B,0.5,True,co2_methanol,yaml_analytic_thermo_microkinetic,45.491,3.6749465135371486e-05,12.8411,,0.5361,0.184,0.0,low,YAML-driven analytic thermodynamic equilibrium + catalyst descriptor screen (co2_methanol). Catalyst descriptor score is weak.
co2_methanol_sweep_0095,cand_0004,[Fe].[K].[Zn],Fe/K/ZnO,268.373065,83.139818,5353.367637199232,44.64248565521966,0.36747685,1.0,4.24324707,0.2020292,0.44992179,0.0,72.5,B,0.5,True,co2_methanol,yaml_analytic_thermo_microkinetic,46.5037,3.268852126642303e-05,32.3431,,1.488,0.1811,0.0,low,YAML-driven analytic thermodynamic equilibrium + catalyst descriptor screen (co2_methanol). Catalyst descriptor score is weak.
co2_methanol_sweep_0096,cand_0004,[Fe].[K].[Zn],Fe/K/ZnO,284.333622,52.95194,10646.170552776528,79.03863400982148,0.46537641,1.0,7.53639218,0.39248815,0.27786658,0.0,72.5,B,0.5,True,co2_methanol,yaml_analytic_thermo_microkinetic,49.3303,2.38767878983814e-05,26.9607,,1.1019,0.1687,0.0,low,YAML-driven analytic thermodynamic equilibrium + catalyst descriptor screen (co2_methanol). Catalyst descriptor score is weak.
co2_methanol_sweep_0097,cand_0004,[Fe].[K].[Zn],Fe/K/ZnO,228.228529,87.934903,19531.78876566106,71.78878591591837,0.11020302,1.0,3.46982946,0.30136386,0.43099144,0.0,72.5,B,0.5,True,co2_methanol,yaml_analytic_thermo_microkinetic,39.3941,7.868978720980074e-05,36.651,,1.6465,0.1789,0.0,low,YAML-driven analytic thermodynamic equilibrium + catalyst descriptor screen (co2_methanol). Catalyst descriptor score is weak.
co2_methanol_sweep_0098,cand_0004,[Fe].[K].[Zn],Fe/K/ZnO,202.20921,46.255386,24146.157691585184,103.16819287776067,0.48099817,1.0,3.40803146,0.19445911,0.10146493,0.0,72.5,B,0.5,True,co2_methanol,yaml_analytic_thermo_microkinetic,34.7861,0.0001505280363092503,31.3933,,1.5248,0.1554,0.0,low,YAML-driven analytic thermodynamic equilibrium + catalyst descriptor screen (co2_methanol). Catalyst descriptor score is weak.
co2_methanol_sweep_0099,cand_0004,[Fe].[K].[Zn],Fe/K/ZnO,267.409419,45.168757,29155.82313218604,182.74025373786986,0.24958628,1.0,9.91923863,0.29568704,0.42072977,0.0,72.5,B,0.5,True,co2_methanol,yaml_analytic_thermo_microkinetic,46.3331,3.333417483188264e-05,36.3272,,1.3995,0.1816,0.0,low,YAML-driven analytic thermodynamic equilibrium + catalyst descriptor screen (co2_methanol). Catalyst descriptor score is weak.
co2_methanol_sweep_0100,cand_0004,[Fe].[K].[Zn],Fe/K/ZnO,290.556852,49.873139,7335.397276003523,40.20913860471169,0.0046407,1.0,7.19495895,0.31076726,0.33706764,0.0,72.5,B,0.5,True,co2_methanol,yaml_analytic_thermo_microkinetic,50.4325,2.122645565288892e-05,26.0284,,1.104,0.1627,0.0,low,YAML-driven analytic thermodynamic equilibrium + catalyst descriptor screen (co2_methanol). Catalyst descriptor score is weak.
co2_methanol_sweep_0101,cand_0004,[Fe].[K].[Zn],Fe/K/ZnO,285.295624,71.20329,16979.43893533733,163.16850309711194,0.2910384,1.0,5.24027662,0.09718273,0.04275674,0.0,72.5,B,0.5,True,co2_methanol,yaml_analytic_thermo_microkinetic,49.5007,2.3442426629819658e-05,35.2263,,1.6708,0.1678,0.0,low,YAML-driven analytic thermodynamic equilibrium + catalyst descriptor screen (co2_methanol). Catalyst descriptor score is weak.
co2_methanol_sweep_0102,cand_0004,[Fe].[K].[Zn],Fe/K/ZnO,205.871772,84.98552,24312.949115819494,197.7381787444566,0.42851358,1.0,9.43797921,0.16176311,0.26584095,0.0,72.5,B,0.5,True,co2_methanol,yaml_analytic_thermo_microkinetic,35.4348,0.00013680875317206598,79.4024,,2.7535,0.1591,0.0,low,YAML-driven analytic thermodynamic equilibrium + catalyst descriptor screen (co2_methanol). Catalyst descriptor score is weak.
co2_methanol_sweep_0103,cand_0004,[Fe].[K].[Zn],Fe/K/ZnO,289.898253,97.592736,15356.600071543997,142.0598758630116,0.05186584,1.0,8.40504446,0.00597307,0.16611615,0.0,72.5,B,0.5,True,co2_methanol,yaml_analytic_thermo_microkinetic,50.3158,2.1489768579519652e-05,58.6454,,2.6339,0.1634,0.0,low,YAML-driven analytic thermodynamic equilibrium + catalyst descriptor screen (co2_methanol). Catalyst descriptor score is weak.
co2_methanol_sweep_0104,cand_0004,[Fe].[K].[Zn],Fe/K/ZnO,212.7623,48.128952,6798.392251139839,180.53089689365723,0.26504146,1.0,4.12966311,0.10895182,0.27621354,0.0,72.5,B,0.5,True,co2_methanol,yaml_analytic_thermo_microkinetic,36.6551,0.00011474332046207693,37.2805,,1.7929,0.166,0.0,low,YAML-driven analytic thermodynamic equilibrium + catalyst descriptor screen (co2_methanol). Catalyst descriptor score is weak.
co2_methanol_sweep_0105,cand_0004,[Fe].[K].[Zn],Fe/K/ZnO,259.192518,79.681589,15787.16779061356,118.00407837679124,0.37527586,1.0,6.67623712,0.01151248,0.32079355,0.0,72.5,B,0.5,True,co2_methanol,yaml_analytic_thermo_microkinetic,44.8779,3.949752300738727e-05,53.1045,,2.4966,0.1852,0.0,low,YAML-driven analytic thermodynamic equilibrium + catalyst descriptor screen (co2_methanol). Catalyst descriptor score is weak.
co2_methanol_sweep_0106,cand_0004,[Fe].[K].[Zn],Fe/K/ZnO,187.710376,74.41538,21575.018153344943,22.691455717065008,0.45521854,1.0,5.08564069,0.12446963,0.2088255,0.0,72.5,B,0.5,True,co2_methanol,yaml_analytic_thermo_microkinetic,32.2184,0.0002230438600991371,62.9415,,2.5471,0.1407,0.0,low,YAML-driven analytic thermodynamic equilibrium + catalyst descriptor screen (co2_methanol). Catalyst descriptor score is weak.
co2_methanol_sweep_0107,cand_0004,[Fe].[K].[Zn],Fe/K/ZnO,292.359903,34.048654,20846.932622694778,11.430565610584818,0.42317216,1.0,8.89033134,0.1755426,0.17107517,0.0,72.5,B,0.5,True,co2_methanol,yaml_analytic_thermo_microkinetic,50.7518,2.052498752345496e-05,23.4595,,1.0793,0.1609,0.0,low,YAML-driven analytic thermodynamic equilibrium + catalyst descriptor screen (co2_methanol). Catalyst descriptor score is weak.
co2_methanol_sweep_0108,cand_0004,[Fe].[K].[Zn],Fe/K/ZnO,195.537231,76.438411,23578.819844495058,5.1808930513607585,0.43448901,1.0,6.9160055,0.253141,0.28494215,0.0,72.5,B,0.5,True,co2_methanol,yaml_analytic_thermo_microkinetic,33.6045,0.00017984162210529396,69.1462,,2.4218,0.1485,0.0,low,YAML-driven analytic thermodynamic equilibrium + catalyst descriptor screen (co2_methanol). Catalyst descriptor score is weak.
co2_methanol_sweep_0109,cand_0004,[Fe].[K].[Zn],Fe/K/ZnO,253.212465,61.449142,18559.296245283283,123.4968667669544,0.00170217,1.0,2.0242148,0.40347815,0.11104753,0.0,72.5,B,0.5,True,co2_methanol,yaml_analytic_thermo_microkinetic,43.8188,4.483722372906638e-05,12.023,,0.8155,0.1865,0.0,low,YAML-driven analytic thermodynamic equilibrium + catalyst descriptor screen (co2_methanol). Catalyst descriptor score is weak.
co2_methanol_sweep_0110,cand_0004,[Fe].[K].[Zn],Fe/K/ZnO,185.754516,42.55929,13769.046608260689,6.504697944656536,0.23405699,1.0,3.03213031,0.34901473,0.30467223,0.0,72.5,B,0.5,True,co2_methanol,yaml_analytic_thermo_microkinetic,31.872,0.00023564225053686726,27.6555,,1.3211,0.1388,0.0,low,YAML-driven analytic thermodynamic equilibrium + catalyst descriptor screen (co2_methanol). Catalyst descriptor score is weak.
co2_methanol_sweep_0111,cand_0004,[Fe].[K].[Zn],Fe/K/ZnO,183.502277,46.926175,20572.473114410754,139.34987610010347,0.07225269,1.0,3.23025613,0.14811624,0.28029741,0.0,72.5,B,0.5,True,co2_methanol,yaml_analytic_thermo_microkinetic,31.4731,0.00025118014916117255,37.8905,,1.8591,0.1367,0.0,low,YAML-driven analytic thermodynamic equilibrium + catalyst descriptor screen (co2_methanol). Catalyst descriptor score is weak.
co2_methanol_sweep_0112,cand_0004,[Fe].[K].[Zn],Fe/K/ZnO,284.833132,50.719165,16673.992741118047,75.10559776014031,0.3843514,1.0,3.38126333,0.33238707,0.33879627,0.0,72.5,B,0.5,True,co2_methanol,yaml_analytic_thermo_microkinetic,49.4188,2.3650068190188792e-05,12.0508,,0.554,0.1682,0.0,low,YAML-driven analytic thermodynamic equilibrium + catalyst descriptor screen (co2_methanol). Catalyst descriptor score is weak.
co2_methanol_sweep_0113,cand_0004,[Fe].[K].[Zn],Fe/K/ZnO,291.024401,55.738992,7250.629082071993,128.2498613863405,0.04426307,1.0,5.38990255,0.36058799,0.34530822,0.0,72.5,B,0.5,True,co2_methanol,yaml_analytic_thermo_microkinetic,50.5153,2.1041854177528412e-05,21.3193,,0.9436,0.1622,0.0,low,YAML-driven analytic thermodynamic equilibrium + catalyst descriptor screen (co2_methanol). Catalyst descriptor score is weak.
co2_methanol_sweep_0114,cand_0004,[Fe].[K].[Zn],Fe/K/ZnO,254.459015,34.806173,8862.468664365366,153.28176586289587,0.36965552,1.0,2.39712711,0.27923883,0.34861775,0.0,72.5,B,0.5,True,co2_methanol,yaml_analytic_thermo_microkinetic,44.0396,4.365726793929713e-05,7.729,,0.4024,0.1863,0.0,low,YAML-driven analytic thermodynamic equilibrium + catalyst descriptor screen (co2_methanol). Catalyst descriptor score is weak.
co2_methanol_sweep_0115,cand_0004,[Fe].[K].[Zn],Fe/K/ZnO,247.741813,33.261681,7513.6541349291765,28.320347419709304,0.25936686,1.0,6.35338755,0.04459922,0.45287017,0.0,72.5,B,0.5,True,co2_methanol,yaml_analytic_thermo_microkinetic,42.8499,5.048054898795407e-05,30.9622,,1.6205,0.1866,0.0,low,YAML-driven analytic thermodynamic equilibrium + catalyst descriptor screen (co2_methanol). Catalyst descriptor score is weak.
co2_methanol_sweep_0116,cand_0004,[Fe].[K].[Zn],Fe/K/ZnO,228.849463,42.905948,19458.555399192595,117.04560362609718,0.18559996,1.0,2.9838058,0.20556912,0.49698297,0.0,72.5,B,0.5,True,co2_methanol,yaml_analytic_thermo_microkinetic,39.5041,7.75447777199804e-05,19.5928,,1.0288,0.1793,0.0,low,YAML-driven analytic thermodynamic equilibrium + catalyst descriptor screen (co2_methanol). Catalyst descriptor score is weak.
co2_methanol_sweep_0117,cand_0004,[Fe].[K].[Zn],Fe/K/ZnO,282.035077,91.951738,12234.542908460691,137.21510633257844,0.3253838,1.0,3.26941841,0.01955127,0.12646608,0.0,72.5,B,0.5,True,co2_methanol,yaml_analytic_thermo_microkinetic,48.9233,2.4953918981510714e-05,31.681,,1.9097,0.1708,0.0,low,YAML-driven analytic thermodynamic equilibrium + catalyst descriptor screen (co2_methanol). Catalyst descriptor score is weak.
co2_methanol_sweep_0118,cand_0004,[Fe].[K].[Zn],Fe/K/ZnO,279.330084,62.701896,5960.565671812961,96.66792202384481,0.25415169,1.0,5.88501699,0.15367287,0.04937898,0.0,72.5,B,0.5,True,co2_methanol,yaml_analytic_thermo_microkinetic,48.4442,2.6296284013631034e-05,34.6907,,1.5401,0.1731,0.0,low,YAML-driven analytic thermodynamic equilibrium + catalyst descriptor screen (co2_methanol). Catalyst descriptor score is weak.
co2_methanol_sweep_0119,cand_0004,[Fe].[K].[Zn],Fe/K/ZnO,266.853122,31.535498,14188.397338486948,20.01645111553745,0.35620585,1.0,6.04890565,0.34627348,0.19617564,0.0,72.5,B,0.5,True,co2_methanol,yaml_analytic_thermo_microkinetic,46.2346,3.3713760820138594e-05,16.3024,,0.729,0.1819,0.0,low,YAML-driven analytic thermodynamic equilibrium + catalyst descriptor screen (co2_methanol). Catalyst descriptor score is weak.
co2_methanol_sweep_0120,cand_0004,[Fe].[K].[Zn],Fe/K/ZnO,233.078059,84.226175,4361.55432339511,185.94496446639582,0.40129492,1.0,8.72191001,0.16761699,0.20709106,0.0,72.5,B,0.5,True,co2_methanol,yaml_analytic_thermo_microkinetic,40.253,7.024514879375399e-05,67.8262,,2.4039,0.1819,0.0,low,YAML-driven analytic thermodynamic equilibrium + catalyst descriptor screen (co2_methanol). Catalyst descriptor score is weak.
co2_methanol_sweep_0121,cand_0004,[Fe].[K].[Zn],Fe/K/ZnO,218.66735,66.316913,22404.554155142276,65.64509569413262,0.24270788,1.0,2.07524187,0.14169617,0.20347968,0.0,72.5,B,0.5,True,co2_methanol,yaml_analytic_thermo_microkinetic,37.7009,9.907607485997113e-05,23.1225,,1.612,0.1714,0.0,low,YAML-driven analytic thermodynamic equilibrium + catalyst descriptor screen (co2_methanol). Catalyst descriptor score is weak.
co2_methanol_sweep_0122,cand_0004,[Fe].[K].[Zn],Fe/K/ZnO,240.320992,81.43982,5145.535947211551,133.14869725010774,0.17045423,1.0,9.00045584,0.33814596,0.0113281,0.0,72.5,B,0.5,True,co2_methanol,yaml_analytic_thermo_microkinetic,41.5357,5.9527309843339856e-05,63.0652,,2.0913,0.1851,0.0,low,YAML-driven analytic thermodynamic equilibrium + catalyst descriptor screen (co2_methanol). Catalyst descriptor score is weak.
co2_methanol_sweep_0123,cand_0004,[Fe].[K].[Zn],Fe/K/ZnO,193.108274,88.431734,13152.205810566556,127.31514384375154,0.34551386,1.0,7.86630385,0.11344323,0.1081229,0.0,72.5,B,0.5,True,co2_methanol,yaml_analytic_thermo_microkinetic,33.1743,0.0001921191901761992,81.0495,,2.9643,0.1461,0.0,low,YAML-driven analytic thermodynamic equilibrium + catalyst descriptor screen (co2_methanol). Catalyst descriptor score is weak.
co2_methanol_sweep_0124,cand_0004,[Fe].[K].[Zn],Fe/K/ZnO,229.923819,93.115218,25810.670335746952,101.05920034509424,0.30999423,1.0,8.33443945,0.37001658,0.41179776,0.0,72.5,B,0.5,True,co2_methanol,yaml_analytic_thermo_microkinetic,39.6944,7.56093304880501e-05,66.2248,,2.1832,0.18,0.0,low,YAML-driven analytic thermodynamic equilibrium + catalyst descriptor screen (co2_methanol). Catalyst descriptor score is weak.
co2_methanol_sweep_0125,cand_0004,[Fe].[K].[Zn],Fe/K/ZnO,259.762762,36.216695,6461.935791994514,43.63343492339321,0.47401768,1.0,4.73470869,0.36519537,0.30170211,0.0,72.5,B,0.5,True,co2_methanol,yaml_analytic_thermo_microkinetic,44.9789,3.9028617476057644e-05,15.2142,,0.6917,0.185,0.0,low,YAML-driven analytic thermodynamic equilibrium + catalyst descriptor screen (co2_methanol). Catalyst descriptor score is weak.
co2_methanol_sweep_0126,cand_0004,[Fe].[K].[Zn],Fe/K/ZnO,209.564292,89.81556,11987.606817841901,53.13830312006759,0.36012485,1.0,4.82108864,0.42664322,0.39455691,0.0,72.5,B,0.5,True,co2_methanol,yaml_analytic_thermo_microkinetic,36.0887,0.00012442522852030004,51.3526,,1.9324,0.1628,0.0,low,YAML-driven analytic thermodynamic equilibrium + catalyst descriptor screen (co2_methanol). Catalyst descriptor score is weak.
co2_methanol_sweep_0127,cand_0004,[Fe].[K].[Zn],Fe/K/ZnO,187.993144,53.261597,25794.364476408413,56.272615475019435,0.04562595,1.0,2.80430049,0.23002048,0.44617147,0.0,72.5,B,0.5,True,co2_methanol,yaml_analytic_thermo_microkinetic,32.2685,0.00022128758405452208,32.0724,,1.6485,0.141,0.0,low,YAML-driven analytic thermodynamic equilibrium + catalyst descriptor screen (co2_methanol). Catalyst descriptor score is weak.
co2_methanol_sweep_0128,cand_0004,[Fe].[K].[Zn],Fe/K/ZnO,221.004003,68.279008,2007.345016046761,81.23049618888625,0.45899215,1.0,8.61045957,0.38109545,0.29070054,0.0,72.5,B,0.5,True,co2_methanol,yaml_analytic_thermo_microkinetic,38.1147,9.357504259922769e-05,60.4628,,2.0121,0.1734,0.0,low,YAML-driven analytic thermodynamic equilibrium + catalyst descriptor screen (co2_methanol). Catalyst descriptor score is weak.
co2_methanol_sweep_0129,cand_0004,[Fe].[K].[Zn],Fe/K/ZnO,236.69464,70.037165,4881.297861690106,27.22116356084739,0.02647961,1.0,3.6663055,0.35639987,0.14968548,0.0,72.5,B,0.5,True,co2_methanol,yaml_analytic_thermo_microkinetic,40.8935,6.463376316789212e-05,31.3986,,1.3942,0.1837,0.0,low,YAML-driven analytic thermodynamic equilibrium + catalyst descriptor screen (co2_methanol). Catalyst descriptor score is weak.
co2_methanol_sweep_0130,cand_0004,[Fe].[K].[Zn],Fe/K/ZnO,243.544966,39.733004,12408.227516631974,52.08040483436096,0.05668363,1.0,4.91920934,0.37450548,0.26805462,0.0,72.5,B,0.5,True,co2_methanol,yaml_analytic_thermo_microkinetic,42.1067,5.538095137183226e-05,22.6046,,0.9996,0.186,0.0,low,YAML-driven analytic thermodynamic equilibrium + catalyst descriptor screen (co2_methanol). Catalyst descriptor score is weak.
co2_methanol_sweep_0131,cand_0004,[Fe].[K].[Zn],Fe/K/ZnO,204.683622,52.701328,4566.501117761281,183.95128401055902,0.16215336,1.0,2.5089939,0.1267912,0.23331316,0.0,72.5,B,0.5,True,co2_methanol,yaml_analytic_thermo_microkinetic,35.2243,0.00014109384656996285,27.6124,,1.6654,0.1579,0.0,low,YAML-driven analytic thermodynamic equilibrium + catalyst descriptor screen (co2_methanol). Catalyst descriptor score is weak.
co2_methanol_sweep_0132,cand_0004,[Fe].[K].[Zn],Fe/K/ZnO,226.853804,44.318991,5004.108935106899,119.70211585426279,0.17347485,1.0,2.1218831,0.05686223,0.0834363,0.0,72.5,B,0.5,True,co2_methanol,yaml_analytic_thermo_microkinetic,39.1507,8.129583271401249e-05,19.6613,,1.5336,0.178,0.0,low,YAML-driven analytic thermodynamic equilibrium + catalyst descriptor screen (co2_methanol). Catalyst descriptor score is weak.
co2_methanol_sweep_0133,cand_0004,[Fe].[K].[Zn],Fe/K/ZnO,200.207705,26.809549,25044.04534107709,122.70299941784279,0.04149985,1.0,5.3590709,0.40031223,0.15597443,0.0,72.5,B,0.5,True,co2_methanol,yaml_analytic_thermo_microkinetic,34.4316,0.00015869728392021637,27.6415,,1.1604,0.1533,0.0,low,YAML-driven analytic thermodynamic equilibrium + catalyst descriptor screen (co2_methanol). Catalyst descriptor score is weak.
co2_methanol_sweep_0134,cand_0004,[Fe].[K].[Zn],Fe/K/ZnO,192.333634,37.225625,5380.442187339388,32.519395404546174,0.29877544,1.0,6.45821806,0.20841949,0.21666472,0.0,72.5,B,0.5,True,co2_methanol,yaml_analytic_thermo_microkinetic,33.0372,0.00019623679959568046,48.54,,1.8856,0.1453,0.0,low,YAML-driven analytic thermodynamic equilibrium + catalyst descriptor screen (co2_methanol). Catalyst descriptor score is weak.
co2_methanol_sweep_0135,cand_0004,[Fe].[K].[Zn],Fe/K/ZnO,281.253477,56.434931,10830.657570070209,41.950893728666834,0.48313752,1.0,4.60087182,0.29808833,0.46309352,0.0,72.5,B,0.5,True,co2_methanol,yaml_analytic_thermo_microkinetic,48.7849,2.533326232766314e-05,19.9891,,0.9312,0.1715,0.0,low,YAML-driven analytic thermodynamic equilibrium + catalyst descriptor screen (co2_methanol). Catalyst descriptor score is weak.
co2_methanol_sweep_0136,cand_0004,[Fe].[K].[Zn],Fe/K/ZnO,240.911635,36.617419,3646.3683213391396,10.308404901612507,0.27185548,1.0,8.98842719,0.1385351,0.46147504,0.0,72.5,B,0.5,True,co2_methanol,yaml_analytic_thermo_microkinetic,41.6403,5.874113368483766e-05,40.3511,,1.6752,0.1853,0.0,low,YAML-driven analytic thermodynamic equilibrium + catalyst descriptor screen (co2_methanol). Catalyst descriptor score is weak.
co2_methanol_sweep_0137,cand_0004,[Fe].[K].[Zn],Fe/K/ZnO,298.668686,61.673578,19239.520211298786,37.6481389779206,0.39165968,1.0,3.75969972,0.41300622,0.33040207,0.0,72.5,B,0.5,True,co2_methanol,yaml_analytic_thermo_microkinetic,51.8691,1.8278545705284217e-05,13.2552,,0.6016,0.1545,0.0,low,YAML-driven analytic thermodynamic equilibrium + catalyst descriptor screen (co2_methanol). Catalyst descriptor score is weak.
co2_methanol_sweep_0138,cand_0004,[Fe].[K].[Zn],Fe/K/ZnO,269.317003,66.890266,15983.80141657668,88.17188772279425,0.08451852,1.0,8.16005562,0.44211509,0.406443,0.0,72.5,B,0.5,True,co2_methanol,yaml_analytic_thermo_microkinetic,46.6709,3.207035996302709e-05,39.9653,,1.455,0.1805,0.0,low,YAML-driven analytic thermodynamic equilibrium + catalyst descriptor screen (co2_methanol). Catalyst descriptor score is weak.
co2_methanol_sweep_0139,cand_0004,[Fe].[K].[Zn],Fe/K/ZnO,299.628199,28.02684,23982.685039625376,12.870707566591562,0.20802316,1.0,5.5144801,0.13432342,0.41778788,0.0,72.5,B,0.5,True,co2_methanol,yaml_analytic_thermo_microkinetic,52.039,1.7963142432892087e-05,12.8326,,0.6397,0.1535,0.0,low,YAML-driven analytic thermodynamic equilibrium + catalyst descriptor screen (co2_methanol). Catalyst descriptor score is weak.
co2_methanol_sweep_0140,cand_0004,[Fe].[K].[Zn],Fe/K/ZnO,249.201928,83.955262,10003.44590011064,143.10952540189194,0.19111954,1.0,2.78306018,0.00874808,0.05578459,0.0,72.5,B,0.5,True,co2_methanol,yaml_analytic_thermo_microkinetic,43.1085,4.8896429163486345e-05,33.3738,,2.1834,0.1867,0.0,low,YAML-driven analytic thermodynamic equilibrium + catalyst descriptor screen (co2_methanol). Catalyst descriptor score is weak.
co2_methanol_sweep_0141,cand_0004,[Fe].[K].[Zn],Fe/K/ZnO,291.808388,90.803183,23280.080932708614,35.31112289437754,0.06068039,1.0,5.19619204,0.22005834,0.03170418,0.0,72.5,B,0.5,True,co2_methanol,yaml_analytic_thermo_microkinetic,50.6541,2.07365825430021e-05,37.1535,,1.5756,0.1615,0.0,low,YAML-driven analytic thermodynamic equilibrium + catalyst descriptor screen (co2_methanol). Catalyst descriptor score is weak.
co2_methanol_sweep_0142,cand_0004,[Fe].[K].[Zn],Fe/K/ZnO,254.123275,40.630089,16832.801318362028,2.3210968909326724,0.33303134,1.0,8.70586649,0.2229197,0.15794692,0.0,72.5,B,0.5,True,co2_methanol,yaml_analytic_thermo_microkinetic,43.9801,4.397143648474507e-05,36.6258,,1.473,0.1864,0.0,low,YAML-driven analytic thermodynamic equilibrium + catalyst descriptor screen (co2_methanol). Catalyst descriptor score is weak.
co2_methanol_sweep_0143,cand_0004,[Fe].[K].[Zn],Fe/K/ZnO,296.15,24.271382,23175.165090846614,156.4176175133265,0.05276742,1.0,3.3403497,0.29464023,0.24030233,0.0,72.5,B,0.5,True,co2_methanol,yaml_analytic_thermo_microkinetic,51.423,1.913840852341176e-05,4.4686,,-0.0625,0.1571,0.0,low,YAML-driven analytic thermodynamic equilibrium + catalyst descriptor screen (co2_methanol). Catalyst descriptor score is weak.
co2_methanol_sweep_0144,cand_0004,[Fe].[K].[Zn],Fe/K/ZnO,233.942343,41.53859,22505.262398141644,33.76781911221352,0.1549987,1.0,3.79788772,0.08890921,0.16806344,0.0,72.5,B,0.5,True,co2_methanol,yaml_analytic_thermo_microkinetic,40.4061,6.88539295413201e-05,27.9102,,1.4802,0.1824,0.0,low,YAML-driven analytic thermodynamic equilibrium + catalyst descriptor screen (co2_methanol). Catalyst descriptor score is weak.
co2_methanol_sweep_0145,cand_0004,[Fe].[K].[Zn],Fe/K/ZnO,265.779097,71.739097,25124.762175561737,31.67783915566502,0.430348,1.0,5.47412545,0.47044219,0.25365265,0.0,72.5,B,0.5,True,co2_methanol,yaml_analytic_thermo_microkinetic,46.0443,3.446116683037523e-05,30.535,,1.2365,0.1825,0.0,low,YAML-driven analytic thermodynamic equilibrium + catalyst descriptor screen (co2_methanol). Catalyst descriptor score is weak.
co2_methanol_sweep_0146,cand_0004,[Fe].[K].[Zn],Fe/K/ZnO,259.90848,51.162898,3204.7725874885746,124.64089143167416,0.11811918,1.0,3.10970192,0.25123955,0.25062434,0.0,72.5,B,0.5,True,co2_methanol,yaml_analytic_thermo_microkinetic,45.0047,3.8909850327309064e-05,17.6184,,0.8905,0.185,0.0,low,YAML-driven analytic thermodynamic equilibrium + catalyst descriptor screen (co2_methanol). Catalyst descriptor score is weak.
co2_methanol_sweep_0147,cand_0004,[Fe].[K].[Zn],Fe/K/ZnO,189.321192,35.852838,2389.3135096929914,115.21766255527216,0.26220272,1.0,9.12994037,0.32228504,0.45955927,0.0,72.5,B,0.5,True,co2_methanol,yaml_analytic_thermo_microkinetic,32.5036,0.0002132498438623065,55.976,,1.917,0.1423,0.0,low,YAML-driven analytic thermodynamic equilibrium + catalyst descriptor screen (co2_methanol). Catalyst descriptor score is weak.
co2_methanol_sweep_0148,cand_0004,[Fe].[K].[Zn],Fe/K/ZnO,246.494792,77.670757,17624.20907271361,59.71456348492632,0.10836615,1.0,3.07451155,0.42137818,0.4365177,0.0,72.5,B,0.5,True,co2_methanol,yaml_analytic_thermo_microkinetic,42.6291,5.1881406436148754e-05,23.3842,,1.1115,0.1865,0.0,low,YAML-driven analytic thermodynamic equilibrium + catalyst descriptor screen (co2_methanol). Catalyst descriptor score is weak.
co2_methanol_sweep_0149,cand_0004,[Fe].[K].[Zn],Fe/K/ZnO,234.674949,67.209762,7897.799745771615,139.11366082436004,0.09085982,1.0,9.75116808,0.29177729,0.31316319,0.0,72.5,B,0.5,True,co2_methanol,yaml_analytic_thermo_microkinetic,40.5358,6.769987592048003e-05,61.4921,,2.0677,0.1827,0.0,low,YAML-driven analytic thermodynamic equilibrium + catalyst descriptor screen (co2_methanol). Catalyst descriptor score is weak.
co2_methanol_sweep_0150,cand_0004,[Fe].[K].[Zn],Fe/K/ZnO,257.060148,52.179636,5524.00343052257,79.89301989211604,0.30237635,1.0,3.55893689,0.4984961,0.11628452,0.0,72.5,B,0.5,True,co2_methanol,yaml_analytic_thermo_microkinetic,44.5002,4.1310822508468245e-05,15.86,,0.7276,0.1858,0.0,low,YAML-driven analytic thermodynamic equilibrium + catalyst descriptor screen (co2_methanol). Catalyst descriptor score is weak.
co2_methanol_sweep_0151,cand_0004,[Fe].[K].[Zn],Fe/K/ZnO,196.043889,21.032538,12533.8925553774,24.05752157276536,0.12153658,1.0,9.37755108,0.01432326,0.1211952,0.0,72.5,B,0.5,True,co2_methanol,yaml_analytic_thermo_microkinetic,33.6942,0.00017739653973036058,46.7524,,2.2151,0.149,0.0,low,YAML-driven analytic thermodynamic equilibrium + catalyst descriptor screen (co2_methanol). Catalyst descriptor score is weak.
co2_methanol_sweep_0152,cand_0004,[Fe].[K].[Zn],Fe/K/ZnO,184.01115,74.174362,17165.26866644865,145.2092511851352,0.41946931,1.0,2.3599573,0.48276372,0.08088427,0.0,72.5,B,0.5,True,co2_methanol,yaml_analytic_thermo_microkinetic,31.5632,0.00024756861617953306,29.0714,,1.5964,0.1372,0.0,low,YAML-driven analytic thermodynamic equilibrium + catalyst descriptor screen (co2_methanol). Catalyst descriptor score is weak.
co2_methanol_sweep_0153,cand_0004,[Fe].[K].[Zn],Fe/K/ZnO,244.696824,23.243894,22094.20616835977,86.09628870210474,0.27735128,1.0,2.52257832,0.47446205,0.43353557,0.0,72.5,B,0.5,True,co2_methanol,yaml_analytic_thermo_microkinetic,42.3107,5.398241311875572e-05,3.6064,,-0.0819,0.1862,0.0,low,YAML-driven analytic thermodynamic equilibrium + catalyst descriptor screen (co2_methanol). Catalyst descriptor score is weak.
co2_methanol_sweep_0154,cand_0004,[Fe].[K].[Zn],Fe/K/ZnO,275.882708,31.728189,3370.0270794928592,4.88133881425418,0.00644316,1.0,9.83172059,0.19205965,0.10466327,0.0,72.5,B,0.5,True,co2_methanol,yaml_analytic_thermo_microkinetic,47.8337,2.813327251414208e-05,28.0378,,1.2193,0.1759,0.0,low,YAML-driven analytic thermodynamic equilibrium + catalyst descriptor screen (co2_methanol). Catalyst descriptor score is weak.
co2_methanol_sweep_0155,cand_0004,[Fe].[K].[Zn],Fe/K/ZnO,232.283831,21.871841,28409.493783887443,116.36500594254628,0.37933798,1.0,5.02570522,0.03847379,0.18198652,0.0,72.5,B,0.5,True,co2_methanol,yaml_analytic_thermo_microkinetic,40.1123,7.155268858761922e-05,22.1884,,1.3012,0.1815,0.0,low,YAML-driven analytic thermodynamic equilibrium + catalyst descriptor screen (co2_methanol). Catalyst descriptor score is weak.
co2_methanol_sweep_0156,cand_0004,[Fe].[K].[Zn],Fe/K/ZnO,260.466981,65.628133,15566.02365199525,67.55813405849287,0.29345108,1.0,4.67538694,0.05469508,0.41286904,0.0,72.5,B,0.5,True,co2_methanol,yaml_analytic_thermo_microkinetic,45.1036,3.845857582603599e-05,36.1162,,1.8413,0.1848,0.0,low,YAML-driven analytic thermodynamic equilibrium + catalyst descriptor screen (co2_methanol). Catalyst descriptor score is weak.
co2_methanol_sweep_0157,cand_0004,[Fe].[K].[Zn],Fe/K/ZnO,277.947437,98.072076,5846.351526235957,72.64330617453844,0.47649684,1.0,2.198233,0.40919016,0.05762839,0.0,72.5,B,0.5,True,co2_methanol,yaml_analytic_thermo_microkinetic,48.1994,2.7015444113178888e-05,14.654,,0.926,0.1743,0.0,low,YAML-driven analytic thermodynamic equilibrium + catalyst descriptor screen (co2_methanol). Catalyst descriptor score is weak.
co2_methanol_sweep_0158,cand_0004,[Fe].[K].[Zn],Fe/K/ZnO,190.453883,23.677524,26616.15223288781,193.05625902681905,0.22876582,1.0,4.78005442,0.18007279,0.40404817,0.0,72.5,B,0.5,True,co2_methanol,yaml_analytic_thermo_microkinetic,32.7042,0.00020666018191276914,28.9733,,1.3527,0.1434,0.0,low,YAML-driven analytic thermodynamic equilibrium + catalyst descriptor screen (co2_methanol). Catalyst descriptor score is weak.
co2_methanol_sweep_0159,cand_0004,[Fe].[K].[Zn],Fe/K/ZnO,295.561485,70.566099,21022.07263452331,99.1855198017202,0.27974179,1.0,4.03227167,0.35783464,0.25602667,0.0,72.5,B,0.5,True,co2_methanol,yaml_analytic_thermo_microkinetic,51.3188,1.934622047061368e-05,19.1133,,0.8886,0.1577,0.0,low,YAML-driven analytic thermodynamic equilibrium + catalyst descriptor screen (co2_methanol). Catalyst descriptor score is weak.
co2_methanol_sweep_0160,cand_0004,[Fe].[K].[Zn],Fe/K/ZnO,275.184796,32.636532,10339.58733948377,157.580016563766,0.49016805,1.0,2.24292922,0.26652127,0.17917684,0.0,72.5,B,0.5,True,co2_methanol,yaml_analytic_thermo_microkinetic,47.7101,2.852345148542085e-05,5.0181,,0.1699,0.1765,0.0,low,YAML-driven analytic thermodynamic equilibrium + catalyst descriptor screen (co2_methanol). Catalyst descriptor score is weak.
co2_methanol_sweep_0161,cand_0004,[Fe].[K].[Zn],Fe/K/ZnO,294.329372,93.772826,8515.345492397035,47.109540357232376,0.32169821,1.0,6.09782404,0.48913567,0.49905352,0.0,72.5,B,0.5,True,co2_methanol,yaml_analytic_thermo_microkinetic,51.1006,1.9790066344475973e-05,32.3817,,1.2718,0.1589,0.0,low,YAML-driven analytic thermodynamic equilibrium + catalyst descriptor screen (co2_methanol). Catalyst descriptor score is weak.
co2_methanol_sweep_0162,cand_0004,[Fe].[K].[Zn],Fe/K/ZnO,191.943216,64.733575,10718.764067699647,83.19784877203553,0.15859332,1.0,4.55141844,0.31811115,0.11935644,0.0,72.5,B,0.5,True,co2_methanol,yaml_analytic_thermo_microkinetic,32.968,0.0001983507145291508,51.1571,,2.0001,0.1449,0.0,low,YAML-driven analytic thermodynamic equilibrium + catalyst descriptor screen (co2_methanol). Catalyst descriptor score is weak.
co2_methanol_sweep_0163,cand_0004,[Fe].[K].[Zn],Fe/K/ZnO,292.903926,78.428998,28796.364765929662,70.97939707930337,0.0326362,1.0,9.07789696,0.15651879,0.12769025,0.0,72.5,B,0.5,True,co2_methanol,yaml_analytic_thermo_microkinetic,50.8482,2.031878018059303e-05,48.9935,,1.8877,0.1604,0.0,low,YAML-driven analytic thermodynamic equilibrium + catalyst descriptor screen (co2_methanol). Catalyst descriptor score is weak.
co2_methanol_sweep_0164,cand_0004,[Fe].[K].[Zn],Fe/K/ZnO,204.252613,49.598152,15014.604120094718,131.66298328835845,0.01743367,1.0,6.21749328,0.45814135,0.35036964,0.0,72.5,B,0.5,True,co2_methanol,yaml_analytic_thermo_microkinetic,35.148,0.00014268665988456216,46.0188,,1.6671,0.1575,0.0,low,YAML-driven analytic thermodynamic equilibrium + catalyst descriptor screen (co2_methanol). Catalyst descriptor score is weak.
co2_methanol_sweep_0165,cand_0004,[Fe].[K].[Zn],Fe/K/ZnO,194.70215,86.613697,26219.23376476315,41.01228353606887,0.40780309,1.0,6.18677136,0.15156735,0.02608731,0.0,72.5,B,0.5,True,co2_methanol,yaml_analytic_thermo_microkinetic,33.4566,0.0001839573128938862,72.035,,2.6868,0.1477,0.0,low,YAML-driven analytic thermodynamic equilibrium + catalyst descriptor screen (co2_methanol). Catalyst descriptor score is weak.
co2_methanol_sweep_0166,cand_0004,[Fe].[K].[Zn],Fe/K/ZnO,286.637795,66.735765,19111.512893526615,173.63589247354793,0.11508646,1.0,4.05854048,0.45509105,0.28786089,0.0,72.5,B,0.5,True,co2_methanol,yaml_analytic_thermo_microkinetic,49.7384,2.285199278026661e-05,18.291,,0.8297,0.1665,0.0,low,YAML-driven analytic thermodynamic equilibrium + catalyst descriptor screen (co2_methanol). Catalyst descriptor score is weak.
co2_methanol_sweep_0167,cand_0004,[Fe].[K].[Zn],Fe/K/ZnO,223.087434,53.762291,8177.0593605482245,111.07240838323332,0.21297259,1.0,6.79595575,0.04629559,0.02358902,0.0,72.5,B,0.5,True,co2_methanol,yaml_analytic_thermo_microkinetic,38.4836,8.896860965616231e-05,54.8135,,2.3691,0.1751,0.0,low,YAML-driven analytic thermodynamic equilibrium + catalyst descriptor screen (co2_methanol). Catalyst descriptor score is weak.
co2_methanol_sweep_0168,cand_0004,[Fe].[K].[Zn],Fe/K/ZnO,287.410713,72.957115,20140.502886006747,110.08186555399203,0.374704,1.0,3.62329523,0.41801312,0.14290571,0.0,72.5,B,0.5,True,co2_methanol,yaml_analytic_thermo_microkinetic,49.8753,2.2519998596611823e-05,17.9079,,0.8352,0.1658,0.0,low,YAML-driven analytic thermodynamic equilibrium + catalyst descriptor screen (co2_methanol). Catalyst descriptor score is weak.
co2_methanol_sweep_0169,cand_0004,[Fe].[K].[Zn],Fe/K/ZnO,212.229362,99.878481,19937.593204113127,30.826149496249688,0.26384081,1.0,9.8591817,0.41077468,0.07209152,0.0,72.5,B,0.5,True,co2_methanol,yaml_analytic_thermo_microkinetic,36.5607,0.00011629419458249683,79.9105,,2.5195,0.1654,0.0,low,YAML-driven analytic thermodynamic equilibrium + catalyst descriptor screen (co2_methanol). Catalyst descriptor score is weak.
co2_methanol_sweep_0170,cand_0004,[Fe].[K].[Zn],Fe/K/ZnO,273.799002,40.249306,13953.379931056248,78.5701054651766,0.02869437,1.0,5.78153091,0.23946418,0.02965094,0.0,72.5,B,0.5,True,co2_methanol,yaml_analytic_thermo_microkinetic,47.4647,2.9317370541508857e-05,23.2251,,1.0581,0.1775,0.0,low,YAML-driven analytic thermodynamic equilibrium + catalyst descriptor screen (co2_methanol). Catalyst descriptor score is weak.
co2_methanol_sweep_0171,cand_0004,[Fe].[K].[Zn],Fe/K/ZnO,287.286915,32.262344,2266.446579097304,93.58741680324904,0.03797758,1.0,4.86380024,0.36256396,0.18479816,0.0,72.5,B,0.5,True,co2_methanol,yaml_analytic_thermo_microkinetic,49.8534,2.2572786435227595e-05,10.7501,,0.4489,0.1659,0.0,low,YAML-driven analytic thermodynamic equilibrium + catalyst descriptor screen (co2_methanol). Catalyst descriptor score is weak.
co2_methanol_sweep_0172,cand_0004,[Fe].[K].[Zn],Fe/K/ZnO,220.408998,80.851436,25431.20717924466,199.57311900924935,0.08991025,1.0,5.58275695,0.4636635,0.46501614,0.0,72.5,B,0.5,True,co2_methanol,yaml_analytic_thermo_microkinetic,38.0093,9.494126932042447e-05,50.0868,,1.8157,0.1729,0.0,low,YAML-driven analytic thermodynamic equilibrium + catalyst descriptor screen (co2_methanol). Catalyst descriptor score is weak.
co2_methanol_sweep_0173,cand_0004,[Fe].[K].[Zn],Fe/K/ZnO,258.024775,72.78384,2881.1884194918716,178.80474395763653,0.22738721,1.0,3.96388043,0.21266031,0.31540631,0.0,72.5,B,0.5,True,co2_methanol,yaml_analytic_thermo_microkinetic,44.6711,4.0478638328855595e-05,30.7779,,1.4354,0.1856,0.0,low,YAML-driven analytic thermodynamic equilibrium + catalyst descriptor screen (co2_methanol). Catalyst descriptor score is weak.
co2_methanol_sweep_0174,cand_0004,[Fe].[K].[Zn],Fe/K/ZnO,211.729497,86.37607,4683.140926994229,122.2350211173803,0.09271064,1.0,3.57860407,0.40608138,0.34400692,0.0,72.5,B,0.5,True,co2_methanol,yaml_analytic_thermo_microkinetic,36.4722,0.00011777102601909643,40.3584,,1.7168,0.165,0.0,low,YAML-driven analytic thermodynamic equilibrium + catalyst descriptor screen (co2_methanol). Catalyst descriptor score is weak.
co2_methanol_sweep_0175,cand_0004,[Fe].[K].[Zn],Fe/K/ZnO,279.93299,25.174753,28604.374675009378,89.24589908584433,0.02428488,1.0,7.31242546,0.21008907,0.40226428,0.0,72.5,B,0.5,True,co2_methanol,yaml_analytic_thermo_microkinetic,48.551,2.5989814927652508e-05,16.008,,0.7518,0.1726,0.0,low,YAML-driven analytic thermodynamic equilibrium + catalyst descriptor screen (co2_methanol). Catalyst descriptor score is weak.
co2_methanol_sweep_0176,cand_0004,[Fe].[K].[Zn],Fe/K/ZnO,201.079618,22.916862,19803.797314917734,151.26898194733394,0.35264154,1.0,6.52631381,0.04968266,0.13801053,0.0,72.5,B,0.5,True,co2_methanol,yaml_analytic_thermo_microkinetic,34.5861,0.00015507689142944372,36.716,,1.8021,0.1542,0.0,low,YAML-driven analytic thermodynamic equilibrium + catalyst descriptor screen (co2_methanol). Catalyst descriptor score is weak.
co2_methanol_sweep_0177,cand_0004,[Fe].[K].[Zn],Fe/K/ZnO,210.272595,57.382602,26234.15097931513,133.36305520044652,0.39879265,1.0,2.73180647,0.02385899,0.36153415,0.0,72.5,B,0.5,True,co2_methanol,yaml_analytic_thermo_microkinetic,36.2141,0.0001222014434442111,31.2862,,2.0355,0.1635,0.0,low,YAML-driven analytic thermodynamic equilibrium + catalyst descriptor screen (co2_methanol). Catalyst descriptor score is weak.
co2_methanol_sweep_0178,cand_0004,[Fe].[K].[Zn],Fe/K/ZnO,278.783041,68.643397,20327.43454706483,54.65295109516587,0.42138482,1.0,8.20880521,0.35017329,0.35846945,0.0,72.5,B,0.5,True,co2_methanol,yaml_analytic_thermo_microkinetic,48.3473,2.6578072250120243e-05,39.1559,,1.4725,0.1736,0.0,low,YAML-driven analytic thermodynamic equilibrium + catalyst descriptor screen (co2_methanol). Catalyst descriptor score is weak.
co2_methanol_sweep_0179,cand_0004,[Fe].[K].[Zn],Fe/K/ZnO,186.578894,92.336991,23811.18522897818,143.3091426557323,0.26871061,1.0,8.51125183,0.18265956,0.19755702,0.0,72.5,B,0.5,True,co2_methanol,yaml_analytic_thermo_microkinetic,32.018,0.0002302344985126213,84.9272,,2.9666,0.1396,0.0,low,YAML-driven analytic thermodynamic equilibrium + catalyst descriptor screen (co2_methanol). Catalyst descriptor score is weak.
co2_methanol_sweep_0180,cand_0004,[Fe].[K].[Zn],Fe/K/ZnO,185.258184,35.580353,17938.495743444713,147.20198816369097,0.38607858,1.0,8.95219503,0.33271888,0.11365695,0.0,72.5,B,0.5,True,co2_methanol,yaml_analytic_thermo_microkinetic,31.7841,0.00023896877947884252,57.5294,,1.9529,0.1384,0.0,low,YAML-driven analytic thermodynamic equilibrium + catalyst descriptor screen (co2_methanol). Catalyst descriptor score is weak.
co2_methanol_sweep_0181,cand_0004,[Fe].[K].[Zn],Fe/K/ZnO,203.024406,41.919253,4127.918293105661,76.00530003603694,0.27262789,1.0,2.68543453,0.27413025,0.33477355,0.0,72.5,B,0.5,True,co2_methanol,yaml_analytic_thermo_microkinetic,34.9305,0.0001473413004509681,21.1372,,1.1569,0.1562,0.0,low,YAML-driven analytic thermodynamic equilibrium + catalyst descriptor screen (co2_methanol). Catalyst descriptor score is weak.
co2_methanol_sweep_0182,cand_0004,[Fe].[K].[Zn],Fe/K/ZnO,276.464443,42.224863,16427.602888744575,191.66358172673844,0.04864881,1.0,9.96916907,0.13704298,0.27419816,0.0,72.5,B,0.5,True,co2_methanol,yaml_analytic_thermo_microkinetic,47.9367,2.7812869456106938e-05,37.1929,,1.57,0.1755,0.0,low,YAML-driven analytic thermodynamic equilibrium + catalyst descriptor screen (co2_methanol). Catalyst descriptor score is weak.
co2_methanol_sweep_0183,cand_0004,[Fe].[K].[Zn],Fe/K/ZnO,297.208085,50.130859,27839.13363544673,63.457497625351195,0.40707782,1.0,6.49112373,0.09765833,0.24953024,0.0,72.5,B,0.5,True,co2_methanol,yaml_analytic_thermo_microkinetic,51.6104,1.8771436660683872e-05,27.7844,,1.3679,0.156,0.0,low,YAML-driven analytic thermodynamic equilibrium + catalyst descriptor screen (co2_methanol). Catalyst descriptor score is weak.
co2_methanol_sweep_0184,cand_0004,[Fe].[K].[Zn],Fe/K/ZnO,280.735613,76.200941,7807.263056264643,57.20934804979565,0.44751296,1.0,7.7025333,0.4512843,0.48130513,0.0,72.5,B,0.5,True,co2_methanol,yaml_analytic_thermo_microkinetic,48.6931,2.5588374707086417e-05,37.1726,,1.3864,0.1719,0.0,low,YAML-driven analytic thermodynamic equilibrium + catalyst descriptor screen (co2_methanol). Catalyst descriptor score is weak.
co2_methanol_sweep_0185,cand_0004,[Fe].[K].[Zn],Fe/K/ZnO,213.94694,73.57327,16056.986071639054,104.25317206663794,0.18487292,1.0,3.17449564,0.07254653,0.36882749,0.0,72.5,B,0.5,True,co2_methanol,yaml_analytic_thermo_microkinetic,36.8649,0.00011138136515487282,39.158,,2.0683,0.1671,0.0,low,YAML-driven analytic thermodynamic equilibrium + catalyst descriptor screen (co2_methanol). Catalyst descriptor score is weak.
co2_methanol_sweep_0186,cand_0004,[Fe].[K].[Zn],Fe/K/ZnO,261.061947,97.009776,25651.55368539961,73.81189752163667,0.46304561,1.0,7.25407265,0.24392958,0.18590516,0.0,72.5,B,0.5,True,co2_methanol,yaml_analytic_thermo_microkinetic,45.2089,3.79846122791984e-05,55.0199,,2.0053,0.1846,0.0,low,YAML-driven analytic thermodynamic equilibrium + catalyst descriptor screen (co2_methanol). Catalyst descriptor score is weak.
co2_methanol_sweep_0187,cand_0004,[Fe].[K].[Zn],Fe/K/ZnO,225.686263,72.147574,19031.325691122973,161.53078305360563,0.09759853,1.0,4.49312583,0.49157272,0.1914373,0.0,72.5,B,0.5,True,co2_methanol,yaml_analytic_thermo_microkinetic,38.9439,8.358857517888553e-05,38.1364,,1.516,0.1771,0.0,low,YAML-driven analytic thermodynamic equilibrium + catalyst descriptor screen (co2_methanol). Catalyst descriptor score is weak.
co2_methanol_sweep_0188,cand_0004,[Fe].[K].[Zn],Fe/K/ZnO,267.712726,30.597695,21636.879766963797,68.20258908286867,0.21563699,1.0,6.71138019,0.00467211,0.21950354,0.0,72.5,B,0.5,True,co2_methanol,yaml_analytic_thermo_microkinetic,46.3868,3.3129342964804845e-05,27.8308,,1.6718,0.1815,0.0,low,YAML-driven analytic thermodynamic equilibrium + catalyst descriptor screen (co2_methanol). Catalyst descriptor score is weak.
co2_methanol_sweep_0189,cand_0004,[Fe].[K].[Zn],Fe/K/ZnO,207.223905,99.301092,8734.743695838506,14.658776435071186,0.35010988,1.0,5.43557103,0.22961394,0.10700583,0.0,72.5,B,0.5,True,co2_methanol,yaml_analytic_thermo_microkinetic,35.6742,0.00013211486840634042,64.949,,2.4234,0.1605,0.0,low,YAML-driven analytic thermodynamic equilibrium + catalyst descriptor screen (co2_methanol). Catalyst descriptor score is weak.
co2_methanol_sweep_0190,cand_0004,[Fe].[K].[Zn],Fe/K/ZnO,244.025202,36.988243,28476.40442075523,26.11325670738378,0.34456205,1.0,9.6516737,0.38910579,0.14630399,0.0,72.5,B,0.5,True,co2_methanol,yaml_analytic_thermo_microkinetic,42.1917,5.4792758321602506e-05,35.3357,,1.3282,0.1861,0.0,low,YAML-driven analytic thermodynamic equilibrium + catalyst descriptor screen (co2_methanol). Catalyst descriptor score is weak.
co2_methanol_sweep_0191,cand_0004,[Fe].[K].[Zn],Fe/K/ZnO,286.111544,55.090628,7136.833351446602,59.5783601826626,0.33573743,1.0,4.17799041,0.44982517,0.47129719,0.0,72.5,B,0.5,True,co2_methanol,yaml_analytic_thermo_microkinetic,49.6452,2.3081365357043147e-05,14.1869,,0.6371,0.167,0.0,low,YAML-driven analytic thermodynamic equilibrium + catalyst descriptor screen (co2_methanol). Catalyst descriptor score is weak.
co2_methanol_sweep_0192,cand_0004,[Fe].[K].[Zn],Fe/K/ZnO,264.730673,79.300804,12805.889766529375,137.86400056999526,0.49939812,1.0,5.28717772,0.09159797,0.07455911,0.0,72.5,B,0.5,True,co2_methanol,yaml_analytic_thermo_microkinetic,45.8587,3.5209709550595086e-05,42.5737,,1.9334,0.183,0.0,low,YAML-driven analytic thermodynamic equilibrium + catalyst descriptor screen (co2_methanol). Catalyst descriptor score is weak.
co2_methanol_sweep_0193,cand_0004,[Fe].[K].[Zn],Fe/K/ZnO,271.519509,77.443176,17786.270203701995,170.39697819431535,0.20181799,1.0,8.14744613,0.14467277,0.03890295,0.0,72.5,B,0.5,True,co2_methanol,yaml_analytic_thermo_microkinetic,47.061,3.068096557534841e-05,52.1981,,2.0139,0.1791,0.0,low,YAML-driven analytic thermodynamic equilibrium + catalyst descriptor screen (co2_methanol). Catalyst descriptor score is weak.
co2_methanol_sweep_0194,cand_0004,[Fe].[K].[Zn],Fe/K/ZnO,217.618221,29.452291,11066.960383233123,186.3056602876292,0.21125517,1.0,8.00279987,0.1208925,0.13033207,0.0,72.5,B,0.5,True,co2_methanol,yaml_analytic_thermo_microkinetic,37.5151,0.00010166804512424049,40.9074,,1.7335,0.1705,0.0,low,YAML-driven analytic thermodynamic equilibrium + catalyst descriptor screen (co2_methanol). Catalyst descriptor score is weak.
co2_methanol_sweep_0195,cand_0004,[Fe].[K].[Zn],Fe/K/ZnO,216.000702,32.954593,28055.430874684418,61.78593479467713,0.33884767,1.0,5.72834194,0.27729711,0.39246049,0.0,72.5,B,0.5,True,co2_methanol,yaml_analytic_thermo_microkinetic,37.2286,0.00010582073662812528,30.3359,,1.2979,0.169,0.0,low,YAML-driven analytic thermodynamic equilibrium + catalyst descriptor screen (co2_methanol). Catalyst descriptor score is weak.
co2_methanol_sweep_0196,cand_0004,[Fe].[K].[Zn],Fe/K/ZnO,201.91368,80.202274,21402.969265699183,168.5896734854651,0.10040847,1.0,8.25791349,0.07222836,0.14193706,0.0,72.5,B,0.5,True,co2_methanol,yaml_analytic_thermo_microkinetic,34.7338,0.00015170301085489174,78.5167,,2.9547,0.1551,0.0,low,YAML-driven analytic thermodynamic equilibrium + catalyst descriptor screen (co2_methanol). Catalyst descriptor score is weak.
co2_methanol_sweep_0197,cand_0004,[Fe].[K].[Zn],Fe/K/ZnO,289.324197,73.660865,2560.7246100930784,101.62145254369486,0.45421413,1.0,5.68440404,0.17149585,0.04182979,0.0,72.5,B,0.5,True,co2_methanol,yaml_analytic_thermo_microkinetic,50.2142,2.1722455052509833e-05,34.2529,,1.5131,0.1639,0.0,low,YAML-driven analytic thermodynamic equilibrium + catalyst descriptor screen (co2_methanol). Catalyst descriptor score is weak.
co2_methanol_sweep_0198,cand_0004,[Fe].[K].[Zn],Fe/K/ZnO,224.03622,37.624478,14411.750275888375,106.91078322702796,0.3120755,1.0,7.66814801,0.46951204,0.44235514,0.0,72.5,B,0.5,True,co2_methanol,yaml_analytic_thermo_microkinetic,38.6517,8.695888195620687e-05,34.3309,,1.3,0.1759,0.0,low,YAML-driven analytic thermodynamic equilibrium + catalyst descriptor screen (co2_methanol). Catalyst descriptor score is weak.
co2_methanol_sweep_0199,cand_0004,[Fe].[K].[Zn],Fe/K/ZnO,234.030424,81.838848,27363.223075119702,172.45707717467377,0.06706134,1.0,3.31232315,0.48047003,0.36433822,0.0,72.5,B,0.5,True,co2_methanol,yaml_analytic_thermo_microkinetic,40.4217,6.871396676645779e-05,28.8631,,1.2978,0.1824,0.0,low,YAML-driven analytic thermodynamic equilibrium + catalyst descriptor screen (co2_methanol). Catalyst descriptor score is weak.
