{
  "activity": {
    "r2": 0.7554851155590513,
    "mae": 0.09779301285743713,
    "n_train": 1556,
    "n_val": 194,
    "n_test": 196
  },
  "selectivity": {
    "r2": 0.4611964015792129,
    "mae": 15.06842041015625,
    "n_train": 537,
    "n_val": 67,
    "n_test": 68
  },
  "stability_proxy": {
    "min": 0.01414213562373095,
    "median": 0.5899627904491378,
    "max": 1.0,
    "share_high": 0.48252826310380265,
    "share_low": 0.15364850976361769
  }
}